DATE,tempmax,tempmin,temp,feelslikemax,feelslikemin,feelslike,humidity,precip,precipprob,precipcover,windspeed,sealevelpressure,conditions,tempmax_humidity,tempmin_humidity,temp_humidity,temp_range,heat_index
1/1/2021,18.1,3.7,10.2,18.1,3.7,10.2,79.2,0.0,0,0.0,11.2,1017.9,Clear,1433.52,293.04,807.84,14.4,319.1369089
1/2/2021,19.0,7.8,13.4,19.0,7.8,13.4,77.8,0.911,100,8.33,16.6,1016.1,"Rain, Partially cloudy",1478.2,606.84,1042.52,11.2,291.0625645
1/3/2021,17.0,11.1,13.9,17.0,11.1,13.9,90.1,36.462,100,12.5,16.6,1014.6,"Rain, Partially cloudy",1531.7,1000.11,1252.39,5.9,286.7089586
1/4/2021,21.6,12.2,16.2,21.6,12.2,16.2,94.2,5.598,100,12.5,18.4,1016.1,"Rain, Partially cloudy",2034.72,1149.24,1526.04,9.4,263.4465755
1/5/2021,20.6,14.5,17.1,20.6,14.5,17.1,93.8,1.28,100,8.33,14.8,1015.5,"Rain, Partially cloudy",1932.28,1360.1,1603.98,6.1,256.1871995
1/6/2021,20.3,15.0,16.5,20.3,15.0,16.5,95.2,57.552,100,12.5,12.6,1015.0,"Rain, Partially cloudy",1932.56,1428.0,1570.8,5.3,259.8247037
1/7/2021,19.4,12.5,16.3,19.4,12.5,16.3,90.6,0.0,0,0.0,11.2,1015.0,Partially cloudy,1757.64,1132.5,1476.78,6.9,265.6574742
1/8/2021,16.3,11.4,13.5,16.3,11.4,13.5,92.2,0.0,0,0.0,9.3,1014.7,Partially cloudy,1502.86,1051.08,1244.7,4.9,288.9413777
1/9/2021,19.4,11.0,14.6,19.4,11.0,14.6,90.5,0.0,0,0.0,11.2,1015.4,Partially cloudy,1755.7,995.5,1321.3,8.4,280.3225018
1/10/2021,15.2,9.0,11.4,15.2,6.7,10.7,86.8,0.0,0,0.0,16.6,1016.1,Partially cloudy,1319.36,781.2,989.52,6.2,310.2879194
1/11/2021,16.6,7.0,11.2,16.6,5.2,10.6,86.2,0.0,0,0.0,16.6,1016.6,Partially cloudy,1430.92,603.4,965.44,9.6,312.1677539
1/12/2021,16.0,6.2,10.5,16.0,6.1,10.4,85.5,0.0,0,0.0,16.2,1017.0,Clear,1368.0,530.1,897.75,9.8,318.5743776
1/13/2021,16.1,4.9,10.0,16.1,4.9,9.5,84.4,0.0,0,0.0,11.9,1016.1,Clear,1358.84,413.56,844.0,11.2,323.0509821
1/14/2021,19.0,4.5,11.2,19.0,4.5,11.2,84.1,0.0,0,0.0,7.6,1015.9,Partially cloudy,1597.9,378.45,941.92,14.5,312.106931
1/15/2021,21.0,7.8,13.1,21.0,7.8,13.1,85.6,0.0,0,0.0,7.6,1014.4,Partially cloudy,1797.6,667.68,1121.36,13.2,295.2704343
1/16/2021,16.9,8.0,11.1,16.9,6.8,10.9,89.4,0.0,0,0.0,10.8,1013.2,Partially cloudy,1510.86,715.2,992.34,8.9,312.4170578
1/17/2021,14.1,6.0,10.3,14.1,4.4,9.9,90.6,0.0,0,0.0,20.5,1015.5,Partially cloudy,1277.46,543.6,933.18,8.1,319.4699424
1/18/2021,19.2,10.0,14.1,19.2,10.0,14.1,86.9,0.1,100,4.17,13.0,1016.2,"Rain, Partially cloudy",1668.48,869.0,1225.29,9.2,286.3068188
1/19/2021,19.7,8.9,12.9,19.7,8.9,12.9,88.5,0.0,0,0.0,14.8,1014.2,Partially cloudy,1743.45,787.65,1141.65,10.8,296.3342882
1/20/2021,19.3,9.0,13.3,19.3,6.7,13.0,83.9,0.0,0,0.0,19.4,1014.5,Partially cloudy,1619.27,755.1,1115.87,10.3,293.621681
1/21/2021,23.0,9.8,14.2,23.0,8.9,14.1,75.4,0.0,0,0.0,20.5,1013.5,Clear,1734.2,738.92,1070.68,13.2,283.1075397
1/22/2021,17.8,5.8,11.6,17.8,4.2,11.2,87.4,0.0,0,0.0,11.5,1014.8,Clear,1555.72,506.92,1013.84,12.0,308.3686401
1/23/2021,19.6,9.0,13.2,19.6,7.0,12.9,84.1,0.0,0,0.0,16.6,1013.0,Partially cloudy,1648.36,756.9,1110.12,10.6,294.4870756
1/24/2021,15.0,9.4,12.3,15.0,8.3,12.2,92.7,0.0,0,0.0,14.8,1016.1,Partially cloudy,1390.5,871.38,1140.21,5.6,299.534319
1/25/2021,17.0,8.7,12.0,17.0,7.6,11.6,88.7,0.0,0,0.0,13.0,1018.1,Clear,1507.9,771.69,1064.4,8.3,304.3804259
1/26/2021,19.6,6.6,12.6,19.6,6.6,12.6,77.0,0.0,0,0.0,13.7,1017.6,Clear,1509.2,508.2,970.2,13.0,297.1786788
1/27/2021,20.5,7.3,12.9,20.5,6.7,12.7,76.2,0.0,0,0.0,14.8,1017.2,Clear,1562.1,556.26,982.98,13.2,294.1515452
1/28/2021,19.0,6.1,12.4,19.0,6.1,12.3,75.4,0.0,0,0.0,9.4,1018.1,Clear,1432.6,459.94,934.96,12.9,297.6291098
1/29/2021,19.9,6.1,12.3,19.9,6.1,12.3,77.2,0.0,0,0.0,18.4,1018.5,Clear,1536.28,470.92,949.56,13.8,299.8079719
1/30/2021,20.8,6.0,12.5,20.8,5.1,12.2,72.7,0.0,0,0.0,17.8,1016.8,Clear,1512.16,436.2,908.75,14.8,294.2711798
1/31/2021,22.8,5.5,13.2,22.8,5.5,13.2,67.7,0.0,0,0.0,9.4,1017.3,Clear,1543.56,372.35,893.64,17.3,282.5868921
2/1/2021,25.6,7.8,16.4,25.6,7.8,16.4,62.6,0.0,0,0.0,11.3,1018.9,Clear,1602.56,488.28,1026.64,17.8,252.1995346
2/2/2021,26.0,9.0,17.1,26.0,9.0,17.1,70.9,0.0,0,0.0,9.4,1017.3,Clear,1843.4,638.1,1212.39,17.0,257.6312705
2/3/2021,25.5,12.0,18.2,25.5,12.0,18.2,76.0,0.0,0,0.0,14.8,1015.6,Partially cloudy,1938.0,912.0,1383.2,13.5,252.8120449
2/4/2021,21.9,12.3,16.5,21.9,12.3,16.5,87.6,1.077,100,16.67,15.7,1016.2,"Rain, Partially cloudy",1918.44,1077.48,1445.4,9.6,265.7371119
2/5/2021,21.0,9.0,14.3,21.0,9.0,14.3,80.6,0.0,0,0.0,11.2,1017.8,Clear,1692.6,725.4,1152.58,12.0,284.7490829
2/6/2021,22.0,9.4,15.0,22.0,9.1,15.0,80.2,0.0,0,0.0,18.4,1018.1,Clear,1764.4,753.88,1203.0,12.6,278.9191489
2/7/2021,22.8,9.0,15.1,22.8,8.5,15.0,81.8,0.0,0,0.0,18.4,1017.8,Clear,1865.04,736.2,1235.18,13.8,278.3667131
2/8/2021,23.7,9.8,15.6,23.7,9.1,15.6,78.7,0.0,0,0.0,13.0,1017.8,Clear,1865.19,771.26,1227.72,13.9,273.6791263
2/9/2021,25.0,10.0,16.4,25.0,10.0,16.4,75.8,0.0,0,0.0,9.4,1014.8,Partially cloudy,1895.0,758.0,1243.12,15.0,266.2278209
2/10/2021,28.3,11.9,18.4,27.9,11.9,18.4,72.1,0.0,0,0.0,13.0,1012.7,Clear,2040.43,857.99,1326.64,16.4,249.2746868
2/11/2021,24.0,11.0,16.9,24.0,11.0,16.9,80.7,0.0,0,0.0,16.6,1013.9,Partially cloudy,1936.8,887.7,1363.83,13.0,263.8205157
2/12/2021,26.3,12.0,18.1,26.3,12.0,18.1,79.0,0.0,0,0.0,11.2,1015.1,Partially cloudy,2077.7,948.0,1429.9,14.3,254.3682954
2/13/2021,26.6,14.0,18.4,26.6,14.0,18.4,79.1,0.0,0,0.0,8.6,1015.4,Partially cloudy,2104.06,1107.4,1455.44,12.6,252.1182454
2/14/2021,27.8,11.2,18.7,27.8,11.2,18.7,74.4,0.0,0,0.0,6.1,1014.5,Clear,2068.32,833.28,1391.28,16.6,248.4723689
2/15/2021,28.6,11.3,19.8,29.0,11.3,19.8,74.4,0.0,0,0.0,12.6,1012.7,Clear,2127.84,840.72,1473.12,17.3,240.6405155
2/16/2021,28.8,13.2,20.6,29.1,13.2,20.6,74.8,0.0,0,0.0,7.6,1012.2,Clear,2154.24,987.36,1540.88,15.6,235.1969368
2/17/2021,26.8,12.2,18.9,27.0,12.2,18.9,73.8,0.0,0,0.0,9.0,1014.1,Clear,1977.84,900.36,1394.82,14.6,246.7388428
2/18/2021,27.6,11.4,19.2,28.0,11.4,19.2,73.6,0.0,0,0.0,8.5,1016.8,Clear,2031.36,839.04,1413.12,16.2,244.5040857
2/19/2021,25.6,11.2,18.1,25.6,11.2,18.1,77.6,0.0,0,0.0,15.9,1019.2,Clear,1986.56,869.12,1404.56,14.4,254.0762179
2/20/2021,26.5,12.0,18.2,26.5,12.0,18.2,76.7,0.0,0,0.0,11.9,1019.2,Partially cloudy,2032.55,920.4,1395.94,14.5,253.0631069
2/21/2021,27.7,11.8,18.5,28.0,11.8,18.6,75.2,0.0,0,0.0,15.2,1017.5,Clear,2083.04,887.36,1391.2,15.9,250.2863646
2/22/2021,28.8,13.0,19.3,28.7,13.0,19.4,72.3,0.0,0,0.0,15.1,1015.2,Clear,2082.24,939.9,1395.39,15.8,243.070793
2/23/2021,30.7,13.0,20.9,30.3,13.0,20.8,67.3,0.0,0,0.0,12.6,1012.9,Clear,2066.11,874.9,1406.57,17.7,228.6020479
2/24/2021,31.8,13.2,21.7,31.5,13.2,21.6,65.3,0.0,0,0.0,13.3,1011.0,Clear,2076.54,861.96,1417.01,18.6,221.697278
2/25/2021,32.6,15.2,22.6,33.4,15.2,22.8,67.1,0.0,0,0.0,16.5,1009.9,Clear,2187.46,1019.92,1516.46,17.4,217.7251296
2/26/2021,32.6,15.0,23.6,33.9,15.0,23.7,64.4,0.0,0,0.0,16.6,1007.5,Clear,2099.44,966.0,1519.84,17.6,209.4091451
2/27/2021,31.3,19.0,24.6,31.1,19.0,24.6,59.4,0.0,0,0.0,17.7,1007.0,Clear,1859.22,1128.6,1461.24,12.3,198.5089575
2/28/2021,31.6,17.4,23.8,30.6,17.4,23.6,52.8,0.0,0,0.0,14.1,1010.3,Clear,1668.48,918.72,1256.64,14.2,193.0159058
3/1/2021,28.0,13.4,20.9,27.7,13.4,20.8,58.8,0.0,0,0.0,21.6,1014.4,Clear,1646.4,787.92,1228.92,14.6,218.3322637
3/2/2021,28.1,13.0,20.9,27.8,13.0,20.9,57.7,0.0,0,0.0,26.5,1014.3,Clear,1621.37,750.1,1205.93,15.1,216.603405
3/3/2021,30.8,13.0,21.3,29.9,13.0,21.2,57.6,0.0,0,0.0,15.6,1012.4,Clear,1774.08,748.8,1226.88,17.8,214.1825339
3/4/2021,33.6,14.2,23.1,33.1,14.2,22.9,57.1,0.0,0,0.0,9.7,1012.0,Clear,1918.56,810.82,1319.01,19.4,203.5146534
3/5/2021,30.8,14.0,22.6,30.7,14.0,22.6,60.8,0.0,0,0.0,19.3,1011.6,Clear,1872.64,851.2,1374.08,16.8,211.3278237
3/6/2021,31.0,16.0,22.9,30.4,16.0,22.8,60.2,0.0,0,0.0,15.8,1010.8,Clear,1866.2,963.2,1378.58,15.0,208.8679313
3/7/2021,33.4,16.7,24.5,34.9,16.7,24.8,61.5,0.0,0,0.0,13.0,1009.5,Clear,2054.1,1027.05,1506.75,16.7,201.4180651
3/8/2021,31.8,20.8,25.2,34.5,20.8,25.8,63.7,0.0,0,0.0,16.6,1010.6,Partially cloudy,2025.66,1324.96,1605.24,11.0,199.6079352
3/9/2021,33.6,20.7,26.1,36.7,20.7,27.1,67.5,1.0,100,4.17,16.6,1012.1,"Rain, Partially cloudy",2268.0,1397.25,1761.75,12.9,197.1323759
3/10/2021,32.6,19.4,25.1,33.8,19.4,25.5,60.8,0.0,0,0.0,14.8,1012.0,Partially cloudy,1982.08,1179.52,1526.08,13.2,197.3851657
3/11/2021,34.6,18.2,25.7,35.7,18.2,26.1,63.5,0.0,0,0.0,13.8,1012.9,Clear,2197.1,1155.7,1631.95,16.4,196.6513548
3/12/2021,30.6,20.3,24.6,30.7,20.3,24.7,52.6,2.881,100,8.33,27.7,1014.9,"Rain, Partially cloudy",1609.56,1067.78,1293.96,10.3,188.7630544
3/13/2021,30.8,17.0,24.0,30.6,17.0,23.9,59.7,7.656,100,4.17,11.2,1015.8,"Rain, Partially cloudy",1838.76,1014.9,1432.8,13.8,202.1290526
3/14/2021,31.0,16.6,23.9,30.7,16.6,23.8,61.8,0.0,0,0.0,17.7,1013.1,Clear,1915.8,1025.88,1477.02,14.4,205.095723
3/15/2021,31.7,17.0,24.3,31.3,17.0,24.3,60.5,0.0,0,0.0,18.4,1011.9,Clear,1917.85,1028.5,1470.15,14.7,201.4257469
3/16/2021,31.6,19.0,24.8,31.6,19.0,24.8,61.7,0.0,0,0.0,15.1,1012.1,Partially cloudy,1949.72,1172.3,1530.16,12.6,199.9642043
3/17/2021,33.8,18.0,25.6,33.5,18.0,25.3,55.3,0.0,0,0.0,14.8,1010.6,Partially cloudy,1869.14,995.4,1415.68,15.8,188.0110081
3/18/2021,34.0,18.9,25.9,32.8,18.9,25.5,52.5,0.0,0,0.0,11.2,1011.0,Partially cloudy,1785.0,992.25,1359.75,15.1,182.4014933
3/19/2021,34.0,20.5,26.6,32.6,20.5,26.0,48.0,0.0,0,0.0,14.8,1010.7,Partially cloudy,1632.0,984.0,1276.8,13.5,171.6537464
3/20/2021,32.9,18.0,25.2,31.7,18.0,24.7,50.7,0.0,0,0.0,18.3,1009.3,Clear,1668.03,912.6,1277.64,14.9,182.6726169
3/21/2021,34.8,18.0,26.3,33.9,18.0,25.8,51.7,0.0,0,0.0,14.8,1008.5,Clear,1799.16,930.6,1359.71,16.8,179.2799843
3/22/2021,31.0,21.5,26.4,30.7,21.5,26.2,46.5,0.0,0,0.0,27.7,1011.8,Partially cloudy,1441.5,999.75,1227.6,9.5,169.680769
3/23/2021,28.1,21.3,24.8,28.3,21.3,24.8,48.9,0.0,0,0.0,24.1,1013.7,Partially cloudy,1374.09,1041.57,1212.72,6.8,181.1973735
3/24/2021,32.5,18.2,25.4,31.5,18.2,25.1,45.4,0.0,0,0.0,20.5,1013.8,Partially cloudy,1475.5,826.28,1153.16,14.3,171.5877673
3/25/2021,29.8,16.0,23.4,28.8,16.0,23.2,55.8,0.0,0,0.0,17.8,1013.4,Partially cloudy,1662.84,892.8,1305.72,13.8,199.9588892
3/26/2021,31.8,16.0,24.0,30.9,16.0,23.8,55.0,0.0,0,0.0,18.4,1011.5,Clear,1749.0,880.0,1320.0,15.8,195.616754
3/27/2021,34.6,18.0,26.1,34.7,18.0,26.4,57.0,0.0,0,0.0,42.3,1009.5,Clear,1972.2,1026.0,1487.7,16.6,187.7671094
3/28/2021,36.8,19.2,27.9,36.4,19.2,27.6,50.9,0.0,0,0.0,10.0,1007.0,Clear,1873.12,977.28,1420.11,17.6,170.8788073
3/29/2021,39.8,22.5,30.2,38.3,22.5,29.8,41.5,0.0,0,0.0,18.4,1004.5,Clear,1651.7,933.75,1253.3,17.3,145.856715
3/30/2021,37.8,21.4,29.5,35.6,21.4,28.9,39.4,0.0,0,0.0,31.4,1000.8,Clear,1489.32,843.16,1162.3,16.4,143.9314322
3/31/2021,34.7,21.0,27.9,32.5,21.0,27.1,35.0,0.0,0,0.0,21.3,1001.9,Clear,1214.5,735.0,976.5,13.7,138.5837022
4/1/2021,34.0,19.0,27.1,31.6,19.0,26.1,22.5,0.0,0,0.0,22.8,1002.8,Clear,765.0,427.5,609.75,15.0,102.8209535
4/2/2021,33.9,16.0,25.8,31.7,16.0,24.9,27.5,0.0,0,0.0,12.4,1006.2,Clear,932.25,440.0,709.5,17.9,122.0862677
4/3/2021,34.8,14.7,26.0,32.2,14.7,25.1,23.0,0.0,0,0.0,16.4,1008.8,Clear,800.4,338.1,598.0,20.1,106.2901278
4/4/2021,36.8,16.9,27.1,34.2,16.9,26.0,27.9,0.0,0,0.0,18.3,1009.5,Clear,1026.72,471.51,756.09,19.9,120.5503983
4/5/2021,38.8,21.0,29.9,37.1,21.0,28.9,28.7,0.0,0,0.0,13.4,1007.8,Partially cloudy,1113.56,602.7,858.13,17.8,116.9306004
4/6/2021,38.0,22.6,30.4,37.1,22.6,29.5,30.4,0.0,0,0.0,14.8,1006.2,Partially cloudy,1155.2,687.04,924.16,15.4,120.3599989
4/7/2021,36.0,23.4,29.7,34.6,23.4,28.7,31.6,0.0,0,0.0,18.4,1009.0,Partially cloudy,1137.6,739.44,938.52,12.6,125.0881604
4/8/2021,34.9,21.0,27.6,32.6,21.0,26.7,26.4,0.0,0,0.0,15.7,1009.1,Clear,921.36,554.4,728.64,13.9,114.8367593
4/9/2021,36.2,17.2,27.7,33.7,17.2,26.6,25.5,0.0,0,0.0,18.4,1009.8,Clear,923.1,438.6,706.35,19.0,111.7956784
4/10/2021,36.9,19.5,29.0,34.7,19.5,27.8,22.9,0.0,0,0.0,16.6,1011.2,Clear,845.01,446.55,664.1,17.4,101.323499
4/11/2021,38.5,19.7,29.4,36.1,19.7,28.1,23.8,0.0,0,0.0,18.4,1011.1,Clear,916.3,468.86,699.72,18.8,103.5518241
4/12/2021,38.7,20.9,29.8,37.0,20.9,28.8,28.0,0.0,0,0.0,18.4,1011.6,Clear,1083.6,585.2,834.4,17.8,115.2019748
4/13/2021,39.4,21.0,30.5,37.6,21.0,29.3,28.5,0.0,0,0.0,18.5,1010.0,Clear,1122.9,598.5,869.25,18.4,115.1464441
4/14/2021,39.6,22.8,31.5,38.8,22.8,30.2,25.0,0.0,0,0.0,18.4,1008.7,Partially cloudy,990.0,570.0,787.5,16.8,103.7440225
4/15/2021,40.1,24.0,31.3,38.6,24.0,29.9,23.9,0.0,0,0.0,19.8,1007.5,Partially cloudy,958.39,573.6,748.07,16.1,100.9412288
4/16/2021,39.6,21.0,28.8,38.6,21.0,28.1,39.5,0.894,100,4.17,37.1,1006.8,"Rain, Partially cloudy",1564.2,829.5,1137.6,18.6,146.4157824
4/17/2021,33.0,19.8,26.7,33.0,19.8,26.4,54.0,0.0,0,0.0,21.2,1009.5,Partially cloudy,1782.0,1069.2,1441.8,13.2,180.8587962
4/18/2021,35.2,20.3,28.3,34.8,20.3,27.7,40.8,0.0,0,0.0,16.6,1011.4,Clear,1436.16,828.24,1154.64,14.9,150.8906566
4/19/2021,37.0,20.9,30.0,36.3,20.9,29.0,33.8,0.0,0,0.0,18.4,1007.3,Clear,1250.6,706.42,1014.0,16.1,129.8157246
4/20/2021,33.8,21.7,28.0,32.6,21.7,27.3,34.7,0.0,0,0.0,37.1,1006.3,Partially cloudy,1172.86,752.99,971.6,12.1,137.5304701
4/21/2021,32.7,20.0,26.1,32.4,20.0,25.9,47.7,0.0,0,0.0,16.6,1008.4,Partially cloudy,1559.79,954.0,1244.97,12.7,173.2272027
4/22/2021,33.0,21.0,27.4,33.3,21.0,27.0,45.3,0.0,0,0.0,16.6,1010.6,Partially cloudy,1494.9,951.3,1241.22,12.0,163.3373118
4/23/2021,31.9,22.8,26.6,32.4,22.8,26.3,44.6,0.51,100,4.17,24.1,1008.9,"Rain, Partially cloudy",1422.74,1016.88,1186.36,9.1,165.097112
4/24/2021,32.8,18.6,26.8,31.1,18.6,25.9,33.8,0.0,0,0.0,22.3,1010.1,Clear,1108.64,628.68,905.84,14.2,138.5579926
4/25/2021,36.7,20.2,28.2,35.8,20.2,27.4,32.2,0.0,0,0.0,22.3,1009.8,Clear,1181.74,650.44,908.04,16.5,130.4159349
4/26/2021,39.7,19.1,30.1,38.7,19.1,28.9,30.2,0.0,0,0.0,18.4,1007.9,Clear,1198.94,576.82,909.02,20.6,120.5149655
4/27/2021,41.2,22.6,32.1,40.4,22.6,30.9,30.1,0.0,0,0.0,20.5,1006.8,Clear,1240.12,680.26,966.21,18.6,115.8915617
4/28/2021,42.0,23.7,33.2,41.3,23.7,32.1,27.9,0.0,0,0.0,22.3,1007.6,Clear,1171.8,661.23,926.28,18.3,108.3726645
4/29/2021,41.9,25.3,33.5,41.8,25.3,32.3,26.8,0.766,100,4.17,18.4,1007.4,"Rain, Partially cloudy",1122.92,678.04,897.8,16.6,105.144902
4/30/2021,39.3,24.7,33.3,40.4,24.7,32.4,28.9,0.0,0,0.0,18.4,1007.4,Partially cloudy,1135.77,713.83,962.37,14.6,110.5847006
5/1/2021,40.6,29.3,33.7,41.0,29.0,32.8,28.5,0.0,0,0.0,22.3,1007.2,Partially cloudy,1157.1,835.05,960.45,11.3,108.8797386
5/2/2021,38.8,26.7,32.2,38.8,27.2,31.3,30.4,0.0,0,0.0,18.4,1007.4,Partially cloudy,1179.52,811.68,978.88,12.1,116.3995665
5/3/2021,38.7,26.0,32.5,38.4,26.0,31.6,30.2,0.0,0,0.0,18.4,1005.8,Partially cloudy,1168.74,785.2,981.5,12.7,115.2841672
5/4/2021,40.4,26.4,33.1,40.4,26.4,32.5,31.7,0.03,100,4.17,16.6,1004.4,"Rain, Partially cloudy",1280.68,836.88,1049.27,14.0,117.4316973
5/5/2021,39.4,26.6,32.6,40.0,26.6,32.7,38.0,0.0,0,0.0,20.5,1005.3,Partially cloudy,1497.2,1010.8,1238.8,12.8,131.7301198
5/6/2021,38.9,23.8,29.5,41.9,23.8,30.2,51.5,0.445,100,4.17,20.5,1007.3,"Rain, Partially cloudy",2003.35,1225.7,1519.25,15.1,164.8515576
5/7/2021,35.2,23.0,28.7,36.1,23.0,29.0,51.8,0.299,100,4.17,11.2,1009.4,"Rain, Partially cloudy",1823.36,1191.4,1486.66,12.2,168.7009585
5/8/2021,38.3,24.4,31.8,37.8,24.4,31.5,40.6,0.0,0,0.0,13.0,1007.9,Partially cloudy,1554.98,990.64,1291.08,13.9,138.9820566
5/9/2021,39.0,26.2,31.3,40.6,26.2,31.7,42.4,0.299,100,4.17,18.4,1005.9,"Rain, Partially cloudy",1653.6,1110.88,1327.12,12.8,143.8316109
5/10/2021,36.0,26.0,30.6,36.2,26.0,30.7,41.4,0.68,100,8.33,20.5,1004.6,"Rain, Partially cloudy",1490.4,1076.4,1266.84,10.0,144.3352918
5/11/2021,39.0,25.7,32.1,40.1,25.7,32.0,40.4,0.766,100,4.17,22.6,1003.2,"Rain, Partially cloudy",1575.6,1038.28,1296.84,13.3,137.6821494
5/12/2021,37.0,24.8,31.0,36.5,24.8,30.9,39.8,0.0,0,0.0,27.7,1001.6,Partially cloudy,1472.6,987.04,1233.8,12.2,139.9833175
5/13/2021,33.9,22.0,28.0,35.5,22.0,28.4,54.9,0.554,100,8.33,21.8,1003.6,"Rain, Partially cloudy",1861.11,1207.8,1537.2,11.9,175.9439616
5/14/2021,36.5,24.4,30.4,38.3,24.4,30.7,47.2,0.0,0,0.0,14.8,1003.5,Partially cloudy,1722.8,1151.68,1434.88,12.1,154.995396
5/15/2021,38.5,25.1,30.6,37.8,25.1,30.3,39.8,0.0,0,0.0,29.5,1004.9,Partially cloudy,1532.3,998.98,1217.88,13.4,141.2426216
5/16/2021,40.0,24.0,32.7,39.2,24.0,31.9,32.1,0.0,0,0.0,11.2,1006.1,Clear,1284.0,770.4,1049.67,16.0,119.2281338
5/17/2021,37.0,26.1,32.8,37.5,26.1,32.0,31.2,0.0,0,0.0,14.8,1006.1,Partially cloudy,1154.4,814.32,1023.36,10.9,116.966932
5/18/2021,31.0,24.9,27.8,31.8,24.9,28.5,60.6,0.175,100,8.33,24.1,1006.5,"Rain, Overcast",1878.6,1508.94,1684.68,6.1,183.0004134
5/19/2021,25.0,21.0,22.4,25.0,21.0,22.4,94.6,62.39,100,20.83,22.3,1004.5,"Rain, Overcast",2365.0,1986.6,2119.04,4.0,213.1593321
5/20/2021,30.6,20.0,25.2,34.2,20.0,26.4,79.9,50.188,100,4.17,22.3,1002.3,"Rain, Partially cloudy",2444.94,1598.0,2013.48,10.6,204.3495715
5/21/2021,32.1,21.0,26.2,36.4,21.0,27.0,76.9,6.448,100,8.33,22.3,1005.2,"Rain, Partially cloudy",2468.49,1614.9,2014.78,11.1,198.5502647
5/22/2021,34.5,19.8,28.0,39.7,19.8,28.5,58.5,16.448,100,8.33,37.1,1005.1,"Rain, Partially cloudy",2018.25,1158.3,1638.0,14.7,180.0054701
5/23/2021,32.9,24.2,27.7,34.6,24.2,28.0,58.0,0.0,0,0.0,22.3,1005.9,Partially cloudy,1908.2,1403.6,1606.6,8.7,180.9623704
5/24/2021,36.0,22.0,29.5,35.6,22.0,29.2,45.7,0.0,0,0.0,27.7,1006.0,Clear,1645.2,1005.4,1348.15,14.0,155.9707479
5/25/2021,39.0,25.0,32.0,37.7,25.0,31.0,33.1,0.0,0,0.0,20.5,1002.2,Clear,1290.9,827.5,1059.2,14.0,123.1269193
5/26/2021,39.2,24.3,32.8,37.6,24.3,31.5,28.4,0.0,0,0.0,20.5,1000.1,Clear,1113.28,690.12,931.52,14.9,110.3428601
5/27/2021,40.3,24.7,32.8,39.6,24.7,32.4,35.5,0.0,0,0.0,18.4,1000.2,Clear,1430.65,876.85,1164.4,15.6,126.2546836
5/28/2021,38.0,26.8,32.2,43.0,28.6,34.9,50.6,0.0,0,0.0,18.4,1001.9,Clear,1922.8,1356.08,1629.32,11.2,152.7034098
5/29/2021,37.0,28.0,32.2,40.8,30.1,34.5,50.1,0.0,0,0.0,23.9,1003.4,Partially cloudy,1853.7,1402.8,1613.22,9.0,152.0945836
5/30/2021,36.8,27.0,30.9,43.2,28.1,32.9,51.4,0.045,100,4.17,28.8,1003.5,"Rain, Partially cloudy",1891.52,1387.8,1588.26,9.8,158.8837125
5/31/2021,38.6,26.2,32.8,41.9,26.2,34.1,43.7,0.045,100,4.17,9.9,1000.2,"Rain, Partially cloudy",1686.82,1144.94,1433.36,12.4,140.9951864
6/1/2021,32.8,20.8,26.9,36.1,20.8,28.0,68.7,14.299,100,8.33,27.7,1003.9,"Rain, Partially cloudy",2253.36,1428.96,1848.03,12.0,193.1242483
6/2/2021,36.0,23.7,30.0,37.4,23.7,30.8,58.0,0.0,0,0.0,18.4,1004.6,Partially cloudy,2088.0,1374.6,1740.0,12.3,169.9531487
6/3/2021,38.0,26.0,31.8,42.8,26.0,34.3,52.0,0.0,0,0.0,13.0,1005.3,Partially cloudy,1976.0,1352.0,1653.6,12.0,155.9398654
6/4/2021,38.6,23.0,31.0,42.2,23.0,33.8,60.9,5.39,100,8.33,29.1,1005.3,"Rain, Partially cloudy",2350.74,1400.7,1887.9,15.6,167.5465472
6/5/2021,37.2,25.0,30.1,42.1,25.0,32.0,61.3,0.47,100,4.17,20.4,1003.7,"Rain, Partially cloudy",2280.36,1532.5,1845.13,12.2,172.1253058
6/6/2021,37.4,25.6,31.6,41.7,25.6,34.6,58.3,0.0,0,0.0,11.2,1003.3,Partially cloudy,2180.42,1492.48,1842.28,11.8,162.893586
6/7/2021,39.5,27.8,34.0,43.4,29.2,37.1,47.4,0.0,0,0.0,18.4,1001.1,Partially cloudy,1872.3,1317.72,1611.6,11.7,142.1063627
6/8/2021,41.1,30.0,35.8,45.1,31.3,39.6,43.8,0.0,0,0.0,25.7,998.6,Partially cloudy,1800.18,1314.0,1568.04,11.1,131.5563318
6/9/2021,41.5,31.0,36.8,47.3,33.0,41.3,40.8,0.0,0,0.0,18.3,997.2,Partially cloudy,1693.2,1264.8,1501.44,10.5,124.5531461
6/10/2021,38.8,27.8,34.2,48.7,33.0,42.1,60.0,1.149,100,4.17,18.4,997.6,"Rain, Partially cloudy",2328.0,1668.0,2052.0,11.0,152.6103889
6/11/2021,38.0,24.0,31.6,49.0,24.0,36.8,66.5,5.955,100,4.17,18.4,997.4,"Rain, Partially cloudy",2527.0,1596.0,2101.4,14.0,167.3388299
6/12/2021,35.3,25.0,31.2,43.6,25.0,37.5,67.7,0.639,100,4.17,27.7,999.1,"Rain, Partially cloudy",2389.81,1692.5,2112.24,10.3,169.6671234
6/13/2021,34.5,26.0,29.4,41.2,26.0,33.6,70.8,0.149,100,4.17,20.5,999.9,"Rain, Partially cloudy",2442.6,1840.8,2081.52,8.5,179.7420911
6/14/2021,37.7,27.5,32.3,43.5,31.2,37.1,61.5,0.0,0,0.0,14.8,997.6,Partially cloudy,2318.55,1691.25,1986.45,10.2,161.8601039
6/15/2021,37.9,28.0,31.9,44.7,31.2,36.6,60.5,0.0,0,0.0,23.3,994.7,Partially cloudy,2292.95,1694.0,1929.95,9.9,163.0992898
6/16/2021,32.7,27.0,29.8,39.4,29.2,34.6,70.1,0.015,100,4.17,14.8,997.8,"Rain, Partially cloudy",2292.27,1892.7,2088.98,5.7,177.4670578
6/17/2021,35.7,28.0,31.3,40.8,31.8,37.1,67.8,0.0,0,0.0,18.4,999.6,Partially cloudy,2420.46,1898.4,2122.14,7.7,169.1852038
6/18/2021,35.8,27.0,30.7,42.5,30.3,36.5,70.8,0.0,0,0.0,20.5,1000.5,Partially cloudy,2534.64,1911.6,2173.56,8.8,172.7599712
6/19/2021,34.5,27.2,30.3,42.0,30.5,35.4,70.3,0.0,0,0.0,18.4,1000.3,Partially cloudy,2425.35,1912.16,2130.09,7.3,174.8255849
6/20/2021,34.0,26.8,29.4,40.7,30.0,34.7,77.8,0.34,100,4.17,15.7,1001.0,"Rain, Partially cloudy",2645.2,2085.04,2287.32,7.2,179.1960577
6/21/2021,37.0,27.0,32.1,43.2,30.9,38.1,66.8,0.0,0,0.0,13.0,1002.0,Partially cloudy,2471.6,1803.6,2144.28,10.0,164.959385
6/22/2021,40.0,29.2,34.7,42.9,34.6,39.1,49.8,0.0,0,0.0,14.8,1001.2,Partially cloudy,1992.0,1454.16,1728.06,10.8,142.4154704
6/23/2021,40.1,29.7,35.1,44.2,31.9,37.8,42.5,0.0,0,0.0,18.4,1001.5,Partially cloudy,1704.25,1262.25,1491.75,10.4,131.8935631
6/24/2021,38.0,29.7,32.2,47.4,32.5,38.6,63.4,0.0,0,0.0,18.4,1001.5,Partially cloudy,2409.2,1882.98,2041.48,8.3,163.2809535
6/25/2021,39.0,27.0,32.3,43.4,29.6,35.0,53.0,0.896,100,4.17,27.7,1000.6,"Rain, Partially cloudy",2067.0,1431.0,1711.9,12.0,155.0141552
6/26/2021,38.0,27.0,31.4,42.6,30.1,35.1,60.3,4.253,100,8.33,22.1,1002.6,"Rain, Partially cloudy",2291.4,1628.1,1893.42,11.0,165.2723132
6/27/2021,39.0,28.4,33.6,46.2,32.0,38.9,55.4,0.0,0,0.0,13.0,1004.8,Partially cloudy,2160.6,1573.36,1861.44,10.6,151.9789885
6/28/2021,39.3,29.4,34.5,45.2,35.5,40.4,54.2,0.0,0,0.0,13.0,1003.5,Partially cloudy,2130.06,1593.48,1869.9,9.9,147.3805319
6/29/2021,42.0,29.5,36.3,44.3,35.8,40.9,46.7,0.0,0,0.0,24.1,1000.2,Clear,1961.4,1377.65,1695.21,12.5,133.5336157
6/30/2021,43.0,30.6,37.7,47.5,33.7,40.7,36.8,0.0,0,0.0,27.7,997.1,Partially cloudy,1582.4,1126.08,1387.36,12.4,116.3503314
7/1/2021,42.8,31.8,37.5,49.4,35.9,41.2,38.1,4.253,100,4.17,23.7,995.6,Rain,1630.68,1211.58,1428.75,11.0,118.8067719
7/2/2021,41.0,27.0,34.0,47.0,30.6,38.0,51.0,20.046,100,8.33,32.7,997.2,"Rain, Partially cloudy",2091.0,1377.0,1734.0,14.0,146.2639759
7/3/2021,38.0,28.0,31.6,49.0,30.8,36.5,61.9,0.0,0,0.0,22.3,1000.7,Partially cloudy,2352.2,1733.2,1956.04,10.0,165.3395585
7/4/2021,39.0,28.0,33.0,42.9,32.3,37.3,55.7,0.0,0,0.0,20.5,1002.2,Partially cloudy,2172.3,1559.6,1838.1,11.0,154.7051925
7/5/2021,40.0,29.0,33.8,46.6,31.3,37.9,50.0,0.0,0,0.0,14.8,1002.6,Partially cloudy,2000.0,1450.0,1690.0,11.0,145.9206371
7/6/2021,40.0,30.0,34.8,46.7,33.3,40.2,51.1,0.0,0,0.0,14.8,1000.9,Partially cloudy,2044.0,1533.0,1778.28,10.0,143.3953112
7/7/2021,42.0,31.1,36.4,47.0,36.8,41.8,46.2,0.0,0,0.0,18.4,999.4,Partially cloudy,1940.4,1436.82,1681.68,10.9,132.6424728
7/8/2021,41.0,28.2,36.1,47.0,32.2,40.6,44.4,7.656,100,4.17,22.3,999.3,"Rain, Partially cloudy",1820.4,1252.08,1602.84,12.8,131.4092587
7/9/2021,38.0,29.2,33.0,48.6,31.9,39.1,58.7,0.0,0,0.0,22.3,1000.7,Partially cloudy,2230.6,1714.04,1937.1,8.8,157.0003876
7/10/2021,38.8,30.0,34.5,49.1,37.3,42.6,59.2,0.0,0,0.0,18.4,1000.2,Partially cloudy,2296.96,1776.0,2042.4,8.8,150.8975272
7/11/2021,38.1,30.0,33.7,50.3,37.4,42.9,65.4,0.0,0,0.0,22.3,1001.6,Partially cloudy,2491.74,1962.0,2203.98,8.1,156.9856208
7/12/2021,36.7,28.4,31.7,45.3,33.9,39.9,72.8,0.0,0,0.0,22.3,1003.6,Partially cloudy,2671.76,2067.52,2307.76,8.3,167.5036585
7/13/2021,31.0,25.3,29.2,42.4,25.3,36.9,87.4,49.864,100,12.5,15.5,1003.1,"Rain, Partially cloudy",2709.4,2211.22,2552.08,5.7,174.648743
7/14/2021,34.8,25.4,28.1,46.0,25.4,33.0,91.4,22.416,100,8.33,27.7,1002.8,"Rain, Partially cloudy",3180.72,2321.56,2568.34,9.4,177.4589747
7/15/2021,35.2,25.0,30.5,48.7,25.0,37.7,79.1,0.0,0,0.0,16.6,1003.0,Partially cloudy,2784.32,1977.5,2412.55,10.2,172.4557502
7/16/2021,37.1,28.6,33.1,49.5,36.0,44.5,73.9,0.0,0,0.0,16.6,1004.1,Partially cloudy,2741.69,2113.54,2446.09,8.5,160.1436224
7/17/2021,37.8,29.0,33.1,49.6,38.1,42.9,70.8,0.0,0,0.0,13.0,1002.0,Partially cloudy,2676.24,2053.2,2343.48,8.8,160.4931181
7/18/2021,36.0,27.9,30.6,50.1,33.8,40.3,84.4,7.596,100,12.5,18.4,999.0,"Rain, Partially cloudy",3038.4,2354.76,2582.64,8.1,168.7963587
7/19/2021,28.0,25.0,26.3,35.6,25.0,27.7,99.3,110.111,100,20.83,13.0,999.0,"Rain, Overcast",2780.4,2482.5,2611.59,3.0,178.5058477
7/20/2021,32.0,24.7,27.6,48.5,24.7,32.9,95.2,56.863,100,12.5,18.4,998.9,"Rain, Overcast",3046.4,2351.44,2627.52,7.3,175.9439358
7/21/2021,34.0,25.0,29.5,46.5,25.0,36.6,85.3,0.0,0,0.0,11.1,997.6,Partially cloudy,2900.2,2132.5,2516.35,9.0,174.5893139
7/22/2021,33.3,27.0,29.4,43.8,31.2,36.5,83.6,0.0,0,0.0,13.0,996.4,Partially cloudy,2783.88,2257.2,2457.84,6.3,176.4077176
7/23/2021,34.0,27.4,30.5,47.3,32.3,39.7,82.3,0.0,0,0.0,14.8,997.9,Partially cloudy,2798.2,2255.02,2510.15,6.6,170.8020835
7/24/2021,35.6,28.3,31.5,52.0,35.1,42.6,81.7,0.17,100,4.17,13.0,999.0,"Rain, Partially cloudy",2908.52,2312.11,2573.55,7.3,165.5155156
7/25/2021,36.7,28.0,32.4,50.2,33.5,43.0,75.1,0.0,0,0.0,14.8,998.4,Partially cloudy,2756.17,2102.8,2433.24,8.7,163.4711811
7/26/2021,32.8,30.0,30.9,44.3,38.8,41.4,83.0,0.0,0,0.0,14.8,997.4,Partially cloudy,2722.4,2490.0,2564.7,2.8,168.0645356
7/27/2021,30.0,27.0,28.5,40.4,31.8,36.3,94.6,106.078,100,20.83,16.6,995.8,"Rain, Overcast",2838.0,2554.2,2696.1,3.0,170.9547515
7/28/2021,27.8,26.0,26.7,34.3,26.0,29.7,96.8,9.136,100,16.67,14.8,997.1,"Rain, Overcast",2691.04,2516.8,2584.56,1.8,179.648275
7/29/2021,32.2,26.0,28.3,46.5,26.0,34.7,92.5,148.012,100,8.33,16.6,997.8,"Rain, Partially cloudy",2978.5,2405.0,2617.75,6.2,174.9016844
7/30/2021,31.9,26.0,27.7,42.8,26.0,33.0,94.8,38.669,100,8.33,27.7,998.8,"Rain, Overcast",3024.12,2464.8,2625.96,5.9,175.8340389
7/31/2021,34.2,26.0,29.8,47.3,26.0,38.0,85.4,0.0,0,0.0,14.8,999.0,Partially cloudy,2920.68,2220.4,2544.92,8.2,172.7210506
8/1/2021,31.7,24.0,28.5,46.5,24.0,35.5,92.5,39.656,100,12.5,14.8,998.5,"Rain, Partially cloudy",2932.25,2220.0,2636.25,7.7,173.6329568
8/2/2021,32.0,27.0,28.8,44.2,31.2,36.5,91.5,2.688,100,8.33,18.4,998.9,"Rain, Partially cloudy",2928.0,2470.5,2635.2,5.0,172.9245962
8/3/2021,33.5,27.0,30.0,43.8,31.8,37.8,83.7,0.075,100,4.17,24.1,999.9,"Rain, Partially cloudy",2803.95,2259.9,2511.0,6.5,172.7928728
8/4/2021,34.0,27.7,30.6,44.1,32.6,38.5,78.5,0.0,0,0.0,18.4,1000.7,Partially cloudy,2669.0,2174.45,2402.1,6.3,172.1346559
8/5/2021,34.8,27.0,30.7,46.5,31.2,39.4,80.5,0.0,0,0.0,18.4,1000.5,Partially cloudy,2801.4,2173.5,2471.35,7.8,170.6752296
8/6/2021,35.7,28.0,31.2,45.6,33.5,39.9,78.2,0.0,0,0.0,9.4,1000.3,Partially cloudy,2791.74,2189.6,2439.84,7.7,168.9186557
8/7/2021,32.2,28.0,29.5,44.1,32.7,37.9,87.3,4.343,100,8.33,13.0,1002.1,"Rain, Partially cloudy",2811.06,2444.4,2575.35,4.2,172.9179328
8/8/2021,32.3,26.8,28.2,44.1,30.8,34.4,91.8,12.208,100,4.17,16.6,1003.5,"Rain, Partially cloudy",2965.14,2460.24,2588.76,5.5,176.3645775
8/9/2021,33.3,26.0,29.0,46.2,26.0,36.1,89.2,0.0,0,0.0,13.0,1003.7,Partially cloudy,2970.36,2319.2,2586.8,7.3,174.161545
8/10/2021,35.6,26.0,31.0,48.7,26.0,38.6,76.8,0.0,0,0.0,22.3,1002.0,Partially cloudy,2734.08,1996.8,2380.8,9.6,170.496077
8/11/2021,35.5,28.0,31.2,43.5,33.4,38.2,72.4,0.0,0,0.0,25.9,1002.2,Partially cloudy,2570.2,2027.2,2258.88,7.5,170.153884
8/12/2021,35.5,28.3,32.0,44.9,32.4,39.3,67.6,0.0,0,0.0,20.5,1003.4,Partially cloudy,2399.8,1913.08,2163.2,7.2,165.6386344
8/13/2021,35.8,28.0,32.1,48.7,32.7,39.7,67.8,0.0,0,0.0,18.4,1001.8,Partially cloudy,2427.24,1898.4,2176.38,7.8,165.1845283
8/14/2021,36.1,28.0,32.0,44.1,31.9,38.6,66.0,0.0,0,0.0,18.7,999.8,Partially cloudy,2382.6,1848.0,2112.0,8.1,165.2233619
8/15/2021,36.5,29.0,32.1,43.2,33.7,38.1,63.8,0.0,0,0.0,18.4,1001.1,Partially cloudy,2328.7,1850.2,2047.98,7.5,163.930049
8/16/2021,37.0,29.0,32.8,44.5,34.3,40.4,65.5,0.0,0,0.0,16.7,1004.3,Partially cloudy,2423.5,1899.5,2148.4,8.0,161.2267729
8/17/2021,37.7,30.0,33.1,47.6,37.4,42.4,68.2,0.0,0,0.0,16.6,1004.1,Partially cloudy,2571.14,2046.0,2257.42,7.7,160.3598857
8/18/2021,37.6,29.0,33.0,44.9,36.7,40.9,65.9,0.0,0,0.0,14.8,1002.2,Partially cloudy,2477.84,1911.1,2174.7,8.6,160.3907566
8/19/2021,36.0,29.7,32.3,45.3,37.2,41.0,70.9,0.0,0,0.0,13.0,1001.2,Partially cloudy,2552.4,2105.73,2290.07,6.3,164.4929525
8/20/2021,31.0,26.0,27.8,42.4,26.0,32.6,91.6,9.253,100,8.33,18.4,1003.7,"Rain, Partially cloudy",2839.6,2381.6,2546.48,5.0,179.1538918
8/21/2021,31.0,25.0,27.4,46.5,25.0,32.3,95.3,130.98,100,20.83,18.4,1005.3,"Rain, Overcast",2954.3,2382.5,2611.22,6.0,177.1176875
8/22/2021,34.0,26.0,29.4,47.3,26.0,37.2,87.3,0.0,0,0.0,14.8,1005.2,Partially cloudy,2968.2,2269.8,2566.62,8.0,173.5229774
8/23/2021,34.2,28.0,30.5,47.3,35.3,40.5,85.5,2.552,100,8.33,11.2,1002.8,"Rain, Partially cloudy",2924.1,2394.0,2607.75,6.2,168.5205541
8/24/2021,34.0,28.9,31.3,47.9,36.8,42.4,82.1,0.0,0,0.0,14.8,1001.5,Partially cloudy,2791.4,2372.69,2569.73,5.1,166.3860576
8/25/2021,36.0,29.0,32.2,46.3,36.4,40.6,70.6,0.0,0,0.0,28.2,999.6,Partially cloudy,2541.6,2047.4,2273.32,7.0,164.9943883
8/26/2021,34.7,28.0,30.9,40.6,31.9,36.0,66.5,0.0,0,0.0,21.5,999.0,Partially cloudy,2307.55,1862.0,2054.85,6.7,170.8362171
8/27/2021,35.3,27.5,31.2,42.0,30.7,36.7,66.6,0.0,0,0.0,18.4,1001.0,Partially cloudy,2350.98,1831.5,2077.92,7.8,169.3608671
8/28/2021,35.0,28.0,31.0,42.1,32.7,37.4,70.8,0.0,0,0.0,14.8,1001.8,Partially cloudy,2478.0,1982.4,2194.8,7.0,171.1824
8/29/2021,34.0,27.0,30.1,44.1,31.2,38.1,82.7,0.0,0,0.0,14.8,1002.7,Partially cloudy,2811.8,2232.9,2489.27,7.0,172.8659268
8/30/2021,33.0,26.0,29.4,45.7,26.0,36.3,83.8,0.0,0,0.0,14.8,1005.8,Partially cloudy,2765.4,2178.8,2463.72,7.0,176.2738108
8/31/2021,28.0,24.0,26.7,35.6,24.0,30.2,96.1,78.026,100,8.33,14.8,1007.9,"Rain, Partially cloudy",2690.8,2306.4,2565.87,4.0,180.6543023
9/1/2021,27.0,23.0,25.7,31.2,23.0,26.6,98.2,104.598,100,12.5,20.5,1007.4,"Rain, Overcast",2651.4,2258.6,2523.74,4.0,184.3770078
9/2/2021,32.0,24.0,27.7,46.2,24.0,32.9,92.4,39.76,100,4.17,13.0,1005.1,"Rain, Partially cloudy",2956.8,2217.6,2559.48,8.0,178.869938
9/3/2021,34.0,26.0,29.3,43.8,26.0,34.9,84.3,5.231,100,12.5,14.8,1003.5,"Rain, Partially cloudy",2866.2,2191.8,2469.99,8.0,176.5268822
9/4/2021,32.0,26.0,28.1,44.1,26.0,32.9,89.7,0.0,0,0.0,14.8,1003.4,Partially cloudy,2870.4,2332.2,2520.57,6.0,179.2849488
9/5/2021,33.6,26.7,30.0,44.2,30.1,38.0,82.8,0.448,100,4.17,11.4,1003.3,"Rain, Partially cloudy",2782.08,2210.76,2484.0,6.9,173.3858733
9/6/2021,35.0,28.0,31.1,50.4,34.4,41.8,83.2,5.104,100,4.17,10.8,1004.7,"Rain, Partially cloudy",2912.0,2329.6,2587.52,7.0,166.7921422
9/7/2021,33.2,27.0,29.8,44.3,30.6,38.5,86.8,4.403,100,4.17,16.6,1006.0,"Rain, Partially cloudy",2881.76,2343.6,2586.64,6.2,171.558013
9/8/2021,32.4,27.0,29.4,42.3,31.8,36.2,84.3,0.0,0,0.0,18.4,1005.1,Partially cloudy,2731.32,2276.1,2478.42,5.4,175.9280311
9/9/2021,33.3,27.9,29.8,46.2,33.2,37.9,84.2,4.253,100,4.17,17.8,1003.9,"Rain, Partially cloudy",2803.86,2349.18,2509.16,5.4,173.6206885
9/10/2021,32.6,25.0,28.3,46.2,25.0,34.4,91.0,11.135,100,12.5,20.5,1003.8,"Rain, Partially cloudy",2966.6,2275.0,2575.3,7.6,176.6354324
9/11/2021,26.2,24.0,25.1,26.2,24.0,25.1,98.0,127.15,100,20.83,18.4,1003.9,"Rain, Overcast",2567.6,2352.0,2459.8,2.2,188.8764034
9/12/2021,32.9,24.0,26.8,44.1,24.0,30.5,94.6,0.979,100,4.17,18.4,1002.3,"Rain, Overcast",3112.34,2270.4,2535.28,8.9,182.0315745
9/13/2021,33.0,25.0,27.6,44.1,25.0,32.1,93.5,1.851,100,4.17,23.6,1002.5,"Rain, Partially cloudy",3085.5,2337.5,2580.6,8.0,178.1749731
9/14/2021,34.7,24.0,28.8,47.9,24.0,34.6,85.6,0.747,100,8.33,20.3,1004.7,"Rain, Partially cloudy",2970.32,2054.4,2465.28,10.7,178.5951251
9/15/2021,34.6,25.8,29.7,47.2,25.8,36.0,80.6,0.0,0,0.0,18.4,1005.7,Partially cloudy,2788.76,2079.48,2393.82,8.8,176.3619217
9/16/2021,29.0,24.0,26.2,38.2,24.0,28.3,93.7,12.104,100,8.33,11.2,1004.7,"Rain, Partially cloudy",2717.3,2248.8,2454.94,5.0,187.2138089
9/17/2021,31.4,24.7,27.7,40.6,24.7,31.4,83.6,0.0,0,0.0,16.6,1003.7,Partially cloudy,2625.04,2064.92,2315.72,6.7,186.77659
9/18/2021,33.5,25.0,28.6,46.2,25.0,34.0,85.1,0.0,0,0.0,14.8,1005.5,Partially cloudy,2850.85,2127.5,2433.86,8.5,180.1974137
9/19/2021,33.9,26.0,29.9,44.7,26.0,36.7,80.3,0.0,0,0.0,14.8,1007.2,Partially cloudy,2722.17,2087.8,2400.97,7.9,175.3461751
9/20/2021,34.7,27.0,30.1,44.0,31.0,37.4,80.9,0.0,0,0.0,14.8,1006.3,Partially cloudy,2807.23,2184.3,2435.09,7.7,173.8955564
9/21/2021,35.1,27.0,29.6,45.7,30.6,36.8,82.8,3.403,100,4.17,14.8,1005.2,"Rain, Partially cloudy",2906.28,2235.6,2450.88,8.1,175.7342395
9/22/2021,31.2,25.0,27.5,37.9,25.0,31.4,89.4,0.119,100,4.17,15.5,1005.0,"Rain, Partially cloudy",2789.28,2235.0,2458.5,6.2,183.4186888
9/23/2021,32.2,25.0,27.9,44.3,25.0,32.1,87.0,0.766,100,4.17,16.6,1006.5,"Rain, Partially cloudy",2801.4,2175.0,2427.3,7.2,183.0577646
9/24/2021,34.0,25.0,28.2,43.5,25.0,32.6,85.4,3.403,100,4.17,14.8,1007.5,"Rain, Partially cloudy",2903.6,2135.0,2408.28,9.0,182.4450822
9/25/2021,32.4,25.5,28.7,40.8,25.5,33.7,84.8,0.0,0,0.0,9.4,1006.3,Partially cloudy,2747.52,2162.4,2433.76,6.9,179.8032168
9/26/2021,32.8,25.0,28.1,42.3,25.0,32.9,88.6,0.0,0,0.0,14.8,1006.1,Partially cloudy,2906.08,2215.0,2489.66,7.8,180.3665947
9/27/2021,33.6,26.0,29.6,42.1,26.0,36.0,82.3,0.0,0,0.0,9.4,1006.5,Partially cloudy,2765.28,2139.8,2436.08,7.6,176.035907
9/28/2021,34.1,26.0,30.3,44.5,26.0,37.6,79.9,0.0,0,0.0,16.6,1007.1,Partially cloudy,2724.59,2077.4,2420.97,8.1,173.2379085
9/29/2021,34.4,27.0,30.1,43.7,31.2,37.2,79.6,0.0,0,0.0,16.6,1008.5,Partially cloudy,2738.24,2149.2,2395.96,7.4,174.5144482
9/30/2021,34.3,26.0,29.7,43.8,26.0,36.4,80.6,0.0,0,0.0,11.2,1009.7,Partially cloudy,2764.58,2095.6,2393.82,8.3,176.3619217
10/1/2021,33.0,27.0,29.6,42.3,30.1,36.5,81.1,1.701,100,4.17,11.8,1009.2,"Rain, Partially cloudy",2676.3,2189.7,2400.56,6.0,176.6960219
10/2/2021,34.9,27.0,30.3,43.5,31.5,37.6,80.5,0.0,0,0.0,14.8,1007.9,Partially cloudy,2809.45,2173.5,2439.15,7.9,172.9501599
10/3/2021,35.7,27.0,30.2,47.3,31.2,37.4,79.0,0.851,100,4.17,18.3,1005.9,"Rain, Partially cloudy",2820.3,2133.0,2385.8,8.7,174.1955987
10/4/2021,35.9,26.8,30.6,42.4,30.1,36.0,72.5,0.0,0,0.0,14.8,1005.7,Partially cloudy,2602.75,1943.0,2218.5,9.1,173.34582
10/5/2021,34.9,27.0,29.8,42.9,30.1,34.9,74.3,0.851,100,4.17,16.6,1008.2,"Rain, Partially cloudy",2593.07,2006.1,2214.14,7.9,177.6173933
10/6/2021,34.6,26.0,29.5,40.5,26.0,33.3,76.9,0.0,0,0.0,14.1,1008.6,Partially cloudy,2660.74,1999.4,2268.55,8.6,178.866816
10/7/2021,33.7,25.3,28.8,38.2,25.3,31.9,74.7,0.0,0,0.0,16.6,1007.3,Partially cloudy,2517.39,1889.91,2151.36,8.4,183.2284615
10/8/2021,34.9,24.6,28.9,37.0,24.6,30.0,67.0,0.0,0,0.0,18.4,1006.2,Clear,2338.3,1648.2,1936.3,10.3,181.3977891
10/9/2021,35.6,23.8,29.2,36.5,23.8,29.8,61.2,0.0,0,0.0,14.8,1006.4,Clear,2178.72,1456.56,1787.04,11.8,176.4653083
10/10/2021,35.7,23.9,29.2,37.3,23.9,29.9,60.4,0.0,0,0.0,14.8,1007.0,Clear,2156.28,1443.56,1763.68,11.8,175.8379659
10/11/2021,36.5,23.8,29.5,38.4,23.8,30.0,57.8,0.0,0,0.0,11.2,1006.6,Clear,2109.7,1375.64,1705.1,12.7,172.1050354
10/12/2021,35.9,23.8,29.0,36.5,23.8,29.2,60.3,0.0,0,0.0,13.0,1006.9,Clear,2164.77,1435.14,1748.7,12.1,176.7386387
10/13/2021,33.5,22.7,28.0,32.6,22.7,27.8,51.7,0.0,0,0.0,18.4,1007.9,Clear,1731.95,1173.59,1447.6,10.8,171.6265673
10/14/2021,33.5,20.0,26.0,32.0,20.0,25.7,55.0,0.0,0,0.0,20.5,1007.6,Clear,1842.5,1100.0,1430.0,13.5,185.6235624
10/15/2021,33.8,20.0,26.3,34.5,20.0,26.4,59.2,0.0,0,0.0,10.5,1005.5,Clear,2000.96,1184.0,1556.96,13.8,189.3126725
10/16/2021,33.4,21.3,27.3,37.7,21.3,28.1,66.1,0.0,0,0.0,7.6,1005.7,Clear,2207.74,1407.93,1804.53,12.1,189.627572
10/17/2021,30.0,22.0,25.0,36.2,22.0,25.9,87.2,44.491,100,16.67,27.7,1007.5,"Rain, Partially cloudy",2616.0,1918.4,2180.0,8.0,201.9101647
10/18/2021,23.3,20.0,21.9,23.3,20.0,21.9,94.9,41.652,100,16.67,14.8,1006.6,"Rain, Partially cloudy",2211.17,1898.0,2078.31,3.3,216.5552878
10/19/2021,30.6,20.9,24.7,33.0,20.9,25.6,82.4,0.0,0,0.0,20.5,1007.8,Partially cloudy,2521.44,1722.16,2035.28,9.7,206.7860012
10/20/2021,31.0,21.0,25.2,32.2,21.0,25.4,73.2,0.0,0,0.0,16.6,1010.9,Clear,2269.2,1537.2,1844.64,10.0,204.5901674
10/21/2021,32.0,17.9,24.8,30.7,17.9,24.6,55.7,0.0,0,0.0,18.3,1010.6,Clear,1782.4,997.03,1381.36,14.1,192.5908119
10/22/2021,32.0,18.9,25.3,33.2,18.9,25.7,60.6,0.0,0,0.0,18.4,1010.7,Clear,1939.2,1145.34,1533.18,13.1,196.09174
10/23/2021,31.7,19.8,25.1,32.7,19.8,25.2,66.8,0.0,0,0.0,13.0,1012.4,Partially cloudy,2117.56,1322.64,1676.68,11.9,202.5020929
10/24/2021,30.5,19.0,23.8,31.8,19.0,24.0,73.5,23.714,100,8.33,18.4,1013.9,"Rain, Partially cloudy",2241.75,1396.5,1749.3,11.5,213.4656397
10/25/2021,28.0,17.4,22.3,28.6,17.4,22.4,78.7,0.0,0,0.0,18.4,1014.7,Partially cloudy,2203.6,1369.38,1755.01,10.6,223.9757041
10/26/2021,27.2,17.6,22.2,27.6,17.6,22.3,71.7,0.0,0,0.0,18.4,1014.0,Clear,1950.24,1261.92,1591.74,9.6,223.1628434
10/27/2021,28.0,16.3,22.0,27.8,16.3,22.0,68.7,0.0,0,0.0,14.8,1015.6,Clear,1923.6,1119.81,1511.4,11.7,222.6830918
10/28/2021,27.9,16.4,21.9,27.5,16.4,21.9,67.3,0.0,0,0.0,13.0,1015.7,Clear,1877.67,1103.72,1473.87,11.5,222.2485772
10/29/2021,29.0,16.5,22.5,29.1,16.5,22.5,68.0,0.0,0,0.0,9.4,1017.0,Clear,1972.0,1122.0,1530.0,12.5,219.0267225
10/30/2021,29.3,16.8,22.3,28.5,16.8,22.3,64.3,0.0,0,0.0,16.6,1016.5,Clear,1883.99,1080.24,1433.89,12.5,217.041898
10/31/2021,29.0,17.7,22.5,28.7,17.7,22.5,64.8,0.0,0,0.0,12.7,1014.4,Clear,1879.2,1146.96,1458.0,11.3,216.3287947
11/1/2021,30.2,15.6,22.1,29.1,15.6,21.9,60.9,0.0,0,0.0,11.2,1013.8,Clear,1839.18,950.04,1345.89,14.6,214.3351803
11/2/2021,29.2,16.2,22.5,29.0,16.2,22.4,62.8,0.0,0,0.0,14.8,1015.1,Clear,1833.76,1017.36,1413.0,13.0,214.2615737
11/3/2021,30.0,17.6,22.4,30.0,17.6,22.5,70.1,0.0,0,0.0,9.4,1014.9,Partially cloudy,2103.0,1233.76,1570.24,12.4,221.0288989
11/4/2021,27.0,16.8,21.0,27.8,16.8,21.0,79.1,0.0,0,0.0,9.4,1014.2,Clear,2135.7,1328.88,1661.1,10.2,233.0764445
11/5/2021,25.8,16.8,20.6,25.8,16.8,20.6,80.3,0.0,0,0.0,9.4,1014.0,Partially cloudy,2071.74,1349.04,1654.18,9.0,235.8926188
11/6/2021,27.4,16.3,20.9,27.7,16.3,20.9,71.7,0.0,0,0.0,11.6,1012.6,Clear,1964.58,1168.71,1498.53,11.1,231.7690969
11/7/2021,28.5,16.2,21.0,27.9,16.2,20.9,70.4,0.0,0,0.0,11.2,1012.2,Clear,2006.4,1140.48,1478.4,12.3,230.3237317
11/8/2021,28.0,15.3,21.0,27.6,15.3,20.9,62.7,0.0,0,0.0,12.3,1014.1,Clear,1755.6,959.31,1316.7,12.7,223.1158647
11/9/2021,28.0,15.4,21.4,27.4,15.4,21.3,59.1,0.0,0,0.0,13.0,1014.8,Clear,1654.8,910.14,1264.74,12.6,215.9044775
11/10/2021,29.0,15.4,21.5,29.9,15.4,21.5,63.3,0.0,0,0.0,10.6,1014.1,Clear,1835.7,974.82,1360.95,13.6,220.7961235
11/11/2021,24.9,14.8,19.4,24.9,14.8,19.4,71.5,0.0,0,0.0,9.4,1013.9,Clear,1780.35,1058.2,1387.1,10.1,241.8661941
11/12/2021,26.5,14.4,19.7,26.5,14.4,19.7,75.3,0.0,0,0.0,9.4,1014.2,Clear,1995.45,1084.32,1483.41,12.1,241.6923754
11/13/2021,27.0,13.4,19.7,26.6,13.4,19.6,63.7,0.0,0,0.0,9.4,1014.1,Clear,1719.9,853.58,1254.89,13.6,232.4024898
11/14/2021,26.8,12.8,19.3,26.2,12.8,19.3,56.6,0.0,0,0.0,9.4,1013.2,Clear,1516.88,724.48,1092.38,14.0,223.8636605
11/15/2021,25.8,12.7,18.9,25.8,12.7,18.9,61.0,0.0,0,0.0,7.7,1012.5,Clear,1573.8,774.7,1152.9,13.1,233.6579853
11/16/2021,26.3,11.8,18.6,26.3,11.8,18.6,63.1,0.0,0,0.0,11.2,1013.4,Clear,1659.53,744.58,1173.66,14.5,238.6046483
11/17/2021,26.2,11.8,18.1,26.2,11.8,18.1,63.3,0.0,0,0.0,9.4,1015.6,Clear,1658.46,746.94,1145.73,14.4,242.1050297
11/18/2021,25.6,12.4,19.3,25.6,12.4,19.3,67.5,0.0,0,0.0,7.6,1014.2,Partially cloudy,1728.0,837.0,1302.75,13.2,239.2442083
11/19/2021,25.2,13.0,19.2,25.2,13.0,19.2,68.9,0.0,0,0.0,11.2,1011.9,Partially cloudy,1736.28,895.7,1322.88,12.2,241.2219731
11/20/2021,25.8,15.6,19.8,25.8,15.6,19.8,63.3,0.0,0,0.0,9.4,1012.4,Partially cloudy,1633.14,987.48,1253.34,10.2,231.2685999
11/21/2021,26.8,13.5,19.3,26.5,13.5,19.3,60.3,0.0,0,0.0,14.4,1013.8,Clear,1616.04,814.05,1163.79,13.3,230.1261777
11/22/2021,26.9,12.8,18.9,26.3,12.8,18.9,64.9,0.0,0,0.0,24.1,1013.5,Clear,1745.81,830.72,1226.61,14.1,239.0114704
11/23/2021,25.4,12.7,18.0,25.4,12.7,18.0,53.8,0.0,0,0.0,13.0,1012.4,Clear,1366.52,683.26,968.4,12.7,225.6649383
11/24/2021,27.5,11.3,18.2,27.2,11.3,18.2,65.7,0.0,0,0.0,9.4,1013.7,Clear,1806.75,742.41,1195.74,16.2,244.5909431
11/25/2021,26.6,12.1,18.9,26.6,12.1,18.9,69.2,0.0,0,0.0,7.6,1014.9,Clear,1840.72,837.32,1307.88,14.5,243.5244442
11/26/2021,26.6,12.8,19.0,26.6,12.8,19.0,71.2,0.0,0,0.0,7.6,1015.0,Clear,1893.92,911.36,1352.8,13.8,244.4313378
11/27/2021,26.0,12.1,17.7,26.0,12.1,17.7,77.4,0.0,0,0.0,11.2,1015.7,Clear,2012.4,936.54,1369.98,13.9,257.0236265
11/28/2021,26.0,12.2,18.6,26.0,12.2,18.6,81.3,0.0,0,0.0,9.4,1017.5,Clear,2113.8,991.86,1512.18,13.8,250.6803587
11/29/2021,25.0,12.3,18.2,25.0,12.3,18.2,73.8,0.0,0,0.0,13.0,1018.0,Clear,1845.0,907.74,1343.16,12.7,251.7680798
11/30/2021,24.9,11.9,17.8,24.9,11.9,17.8,70.1,0.0,0,0.0,11.2,1017.1,Partially cloudy,1745.49,834.19,1247.78,13.0,251.9452728
12/1/2021,22.3,13.5,17.7,22.3,13.5,17.7,75.6,0.0,0,0.0,7.6,1017.5,Partially cloudy,1685.88,1020.6,1338.12,8.8,256.3446307
12/2/2021,19.3,14.2,16.6,19.3,14.2,16.6,89.3,1.0,100,4.17,13.0,1017.5,"Rain, Partially cloudy",1723.49,1268.06,1482.38,5.1,263.9946628
12/3/2021,22.0,14.0,17.2,22.0,14.0,17.2,87.3,0.0,0,0.0,11.2,1017.8,Partially cloudy,1920.6,1222.2,1501.56,8.0,260.1332616
12/4/2021,25.1,12.8,18.5,25.1,12.8,18.5,75.1,0.0,0,0.0,11.2,1016.3,Clear,1885.01,961.28,1389.35,12.3,250.2427831
12/5/2021,24.5,13.7,18.8,24.5,13.7,18.8,77.6,0.17,100,4.17,9.4,1016.5,"Rain, Partially cloudy",1901.2,1063.12,1458.88,10.8,248.8733953
12/6/2021,24.3,15.4,19.3,24.3,15.4,19.3,79.6,0.0,0,0.0,14.8,1016.7,Partially cloudy,1934.28,1225.84,1536.28,8.9,245.436776
12/7/2021,24.2,12.8,17.5,24.2,12.8,17.5,76.7,0.0,0,0.0,16.6,1017.8,Clear,1856.14,981.76,1342.25,11.4,258.2922494
12/8/2021,23.2,11.8,16.4,23.2,11.8,16.4,73.0,0.0,0,0.0,13.0,1017.7,Clear,1693.6,861.4,1197.2,11.4,264.4567062
12/9/2021,22.9,10.3,16.3,22.9,10.3,16.3,76.5,0.0,0,0.0,11.2,1020.1,Clear,1751.85,787.95,1246.95,12.6,267.3377049
12/10/2021,22.9,11.4,16.3,22.9,11.4,16.3,73.7,0.0,0,0.0,18.4,1020.2,Clear,1687.73,840.18,1201.31,11.5,265.7101938
12/11/2021,22.7,10.4,15.5,22.7,10.4,15.5,66.6,0.0,0,0.0,13.0,1019.2,Clear,1511.82,692.64,1032.3,12.3,264.2963435
12/12/2021,22.6,8.6,15.3,22.6,8.6,15.2,67.1,0.0,0,0.0,9.4,1019.6,Partially cloudy,1516.46,577.06,1026.63,14.0,266.3888357
12/13/2021,21.5,8.6,14.9,21.5,8.6,14.9,71.7,0.0,0,0.0,9.4,1018.3,Partially cloudy,1541.55,616.62,1068.33,12.9,274.6014883
12/14/2021,21.9,9.7,15.1,21.9,9.7,15.1,77.4,0.0,0,0.0,9.4,1017.6,Clear,1695.06,750.78,1168.74,12.2,277.1317573
12/15/2021,21.5,10.1,15.2,21.5,10.1,15.2,75.3,0.0,0,0.0,16.6,1018.1,Clear,1618.95,760.53,1144.56,11.4,275.185168
12/16/2021,19.7,10.4,14.6,19.7,10.4,14.6,71.0,0.0,0,0.0,13.0,1018.9,Partially cloudy,1398.7,738.4,1036.6,9.3,276.1649965
12/17/2021,19.7,9.9,13.7,19.7,8.7,13.5,70.4,0.0,0,0.0,16.6,1020.5,Partially cloudy,1386.88,696.96,964.48,9.8,282.3354966
12/18/2021,17.0,7.0,11.1,17.0,4.3,10.1,75.1,0.0,0,0.0,27.7,1020.4,Clear,1276.7,525.7,833.61,10.0,308.1358083
12/19/2021,18.2,5.0,11.1,18.2,3.3,10.4,67.6,0.0,0,0.0,16.6,1020.0,Clear,1230.32,338.0,750.36,13.2,298.4354426
12/20/2021,19.7,4.9,12.0,19.7,4.9,11.6,64.9,0.0,0,0.0,11.2,1019.0,Clear,1278.53,318.01,778.8,14.8,286.9781085
12/21/2021,21.7,6.1,13.3,21.7,6.1,13.2,65.3,0.0,0,0.0,9.4,1017.3,Clear,1417.01,398.33,868.49,15.6,278.1372514
12/22/2021,22.8,7.0,14.2,22.8,7.0,13.9,65.4,0.0,0,0.0,16.6,1015.2,Clear,1491.12,457.8,928.68,15.8,271.8084764
12/23/2021,22.0,8.1,14.6,22.0,6.8,14.5,70.3,0.0,0,0.0,13.0,1014.3,Partially cloudy,1546.6,569.43,1026.38,13.9,275.4106995
12/24/2021,22.3,8.8,15.2,22.3,8.8,15.2,76.6,0.0,0,0.0,11.2,1014.0,Clear,1708.18,674.08,1164.32,13.5,275.9436258
12/25/2021,23.0,9.0,15.5,23.0,9.0,15.5,80.0,0.0,0,0.0,7.6,1016.0,Clear,1840.0,720.0,1240.0,14.0,274.8341554
12/26/2021,20.7,11.5,15.7,20.7,11.5,15.7,88.0,1.299,100,8.33,11.2,1018.0,"Rain, Partially cloudy",1821.6,1012.0,1381.6,9.2,272.2327309
12/27/2021,21.7,11.6,15.4,21.7,11.6,15.4,80.5,0.0,0,0.0,9.4,1019.4,Partially cloudy,1746.85,933.8,1239.7,10.1,275.7419898
12/28/2021,17.0,10.9,14.2,17.0,10.9,14.2,88.7,1.85,100,8.33,7.6,1018.5,"Rain, Partially cloudy",1507.9,966.83,1259.54,6.1,284.7764349
12/29/2021,20.4,10.2,14.0,20.4,10.2,14.0,82.9,0.0,0,0.0,14.8,1019.3,Partially cloudy,1691.16,845.58,1160.6,10.2,287.6095107
12/30/2021,18.4,6.1,11.9,18.4,6.1,11.9,70.0,0.0,0,0.0,9.4,1023.5,Partially cloudy,1288.0,427.0,833.0,12.3,295.7710016
12/31/2021,18.0,5.6,11.2,18.0,5.6,11.0,76.4,0.0,0,0.0,9.4,1023.2,Partially cloudy,1375.2,427.84,855.68,12.4,308.4493358
1/1/2022,19.5,6.3,11.9,19.5,6.0,11.8,80.7,0.0,0,0.0,9.4,1022.1,Clear,1573.65,508.41,960.33,13.2,305.0662637
1/2/2022,19.7,7.5,12.7,19.7,6.9,12.6,80.9,0.0,0,0.0,8.0,1020.7,Clear,1593.73,606.75,1027.43,12.2,298.2657005
1/3/2022,20.6,7.5,13.8,20.6,7.5,13.8,76.1,0.0,0,0.0,13.0,1018.6,Partially cloudy,1567.66,570.75,1050.18,13.1,286.7803755
1/4/2022,22.5,9.8,15.8,22.5,9.8,15.8,71.1,0.0,0,0.0,7.6,1017.7,Partially cloudy,1599.75,696.78,1123.38,12.7,267.2960271
1/5/2022,15.0,12.2,13.7,15.0,12.2,13.7,91.8,7.637,100,16.67,22.3,1016.6,"Rain, Overcast",1377.0,1119.96,1257.66,2.8,287.4278967
1/6/2022,20.0,12.0,15.2,20.0,12.0,15.2,88.8,0.0,0,0.0,14.8,1016.7,Partially cloudy,1776.0,1065.6,1349.76,8.0,276.0923319
1/7/2022,18.9,14.0,16.2,18.9,14.0,16.2,90.2,0.0,0,0.0,20.5,1016.3,Partially cloudy,1704.78,1262.8,1461.24,4.9,266.7754307
1/8/2022,16.5,15.0,15.8,16.5,15.0,15.8,96.9,48.838,100,20.83,22.3,1015.7,"Rain, Overcast",1598.85,1453.5,1531.02,1.5,263.939954
1/9/2022,16.0,12.0,13.8,16.0,12.0,13.8,97.2,7.402,100,16.67,16.6,1015.2,"Rain, Overcast",1555.2,1166.4,1341.36,4.0,281.5005007
1/10/2022,16.9,9.9,12.5,16.9,8.7,12.4,92.3,0.0,0,0.0,11.2,1017.9,Partially cloudy,1559.87,913.77,1153.75,7.0,297.9693623
1/11/2022,16.9,8.0,11.4,16.9,6.8,11.2,91.5,0.0,0,0.0,16.6,1018.0,Partially cloudy,1546.35,732.0,1043.1,8.9,308.6629048
1/12/2022,17.0,8.0,11.5,17.0,6.8,11.3,88.6,0.0,0,0.0,10.8,1017.5,Partially cloudy,1506.2,708.8,1018.9,9.0,308.9832206
1/13/2022,16.3,7.4,11.4,16.3,7.4,11.4,91.2,0.0,0,0.0,5.4,1017.6,Partially cloudy,1486.56,674.88,1039.68,8.9,308.8264959
1/14/2022,14.8,7.2,10.5,14.8,7.2,10.5,94.6,0.0,0,0.0,11.2,1018.4,Partially cloudy,1400.08,681.12,993.3,7.6,315.1118959
1/15/2022,13.5,8.2,10.0,13.5,7.0,9.7,93.9,0.0,0,0.0,14.8,1020.0,Partially cloudy,1267.65,769.98,939.0,5.3,320.4845202
1/16/2022,15.0,8.0,10.7,15.0,6.4,10.3,87.5,0.0,0,0.0,9.4,1020.6,Partially cloudy,1312.5,700.0,936.25,7.0,316.6124902
1/17/2022,16.0,9.0,11.2,16.0,8.5,11.1,88.5,0.0,0,0.0,7.6,1021.2,Partially cloudy,1416.0,796.5,991.2,7.0,311.7737555
1/18/2022,14.6,9.0,10.6,14.6,7.2,10.2,92.2,0.0,0,0.0,14.8,1019.1,Partially cloudy,1346.12,829.8,977.32,5.6,315.8126206
1/19/2022,17.0,8.0,11.9,17.0,6.0,11.6,89.4,0.0,0,0.0,11.2,1016.1,Partially cloudy,1519.8,715.2,1063.86,9.0,305.0373625
1/20/2022,18.1,10.0,12.7,18.1,8.7,12.5,92.4,0.0,0,0.0,13.0,1011.9,Partially cloudy,1672.44,924.0,1173.48,8.1,296.0653128
1/21/2022,19.0,9.9,13.4,19.0,9.9,13.4,90.4,0.0,0,0.0,9.3,1011.9,Partially cloudy,1717.6,894.96,1211.36,9.1,290.9875354
1/22/2022,15.0,11.0,13.0,15.0,11.0,13.0,94.3,23.553,100,20.83,20.5,1007.5,"Rain, Overcast",1414.5,1037.3,1225.9,4.0,291.8093909
1/23/2022,15.0,10.4,12.6,15.0,10.4,12.6,94.4,1.195,100,4.17,20.5,1010.0,"Rain, Partially cloudy",1416.0,981.76,1189.44,4.6,295.4118532
1/24/2022,15.0,9.0,11.7,15.0,9.0,11.7,93.5,0.0,0,0.0,7.6,1014.0,Partially cloudy,1402.5,841.5,1093.95,6.0,304.5388757
1/25/2022,13.4,8.0,10.0,13.4,7.2,9.7,94.5,0.0,0,0.0,13.0,1015.2,Partially cloudy,1266.3,756.0,945.0,5.4,320.0407108
1/26/2022,15.8,7.1,11.2,15.8,7.1,11.1,92.5,0.0,0,0.0,14.8,1015.9,Partially cloudy,1461.5,656.75,1036.0,8.7,309.9415576
1/27/2022,18.0,7.6,12.2,18.0,6.8,12.0,83.9,0.0,0,0.0,18.4,1017.0,Partially cloudy,1510.2,637.64,1023.58,10.4,303.1999598
1/28/2022,19.5,7.0,12.7,19.5,5.2,12.2,76.0,0.0,0,0.0,22.3,1016.9,Clear,1482.0,532.0,965.2,12.5,295.6427205
1/29/2022,21.3,7.1,13.7,21.3,7.1,13.7,73.8,0.0,0,0.0,14.9,1017.1,Clear,1571.94,523.98,1011.06,14.2,285.8072003
1/30/2022,21.2,9.0,14.6,21.2,7.9,14.4,78.2,0.0,0,0.0,27.7,1012.5,Clear,1657.84,703.8,1141.72,12.2,281.4895743
1/31/2022,21.3,8.3,14.3,21.3,8.3,14.3,80.5,0.0,0,0.0,13.0,1011.9,Clear,1714.65,668.15,1151.15,13.0,284.7242171
2/1/2022,19.9,8.6,13.4,19.9,8.6,13.4,89.2,0.0,0,0.0,13.0,1011.6,Clear,1775.08,767.12,1195.28,11.3,291.593136
2/2/2022,21.0,10.0,14.7,21.0,8.4,14.7,83.2,0.0,0,0.0,14.8,1011.2,Partially cloudy,1747.2,832.0,1223.04,11.0,281.7414164
2/3/2022,14.1,11.0,13.0,14.1,11.0,13.0,90.1,0.77,100,8.33,22.7,1007.3,"Rain, Partially cloudy",1270.41,991.1,1171.3,3.1,294.7357561
2/4/2022,17.6,10.0,13.1,17.6,7.9,13.0,87.3,0.0,0,0.0,14.8,1009.3,Partially cloudy,1536.48,873.0,1143.63,7.6,294.9382433
2/5/2022,19.6,8.0,12.5,19.6,6.8,12.4,82.4,0.0,0,0.0,8.2,1013.8,Partially cloudy,1615.04,659.2,1030.0,11.6,300.3716511
2/6/2022,22.8,6.4,14.1,22.8,6.4,14.1,72.0,0.0,0,0.0,10.6,1015.9,Clear,1641.6,460.8,1015.2,16.4,281.0026237
2/7/2022,25.6,10.4,17.4,25.6,10.4,17.4,72.1,0.0,0,0.0,9.4,1014.9,Partially cloudy,1845.76,749.84,1254.54,15.2,256.4407689
2/8/2022,25.6,12.2,18.5,25.6,12.2,18.5,77.3,0.0,0,0.0,9.4,1013.2,Partially cloudy,1978.88,943.06,1430.05,13.4,251.0180636
2/9/2022,21.5,13.0,16.5,21.5,13.0,16.5,84.6,14.208,100,8.33,14.8,1015.2,"Rain, Partially cloudy",1818.9,1099.8,1395.9,8.5,266.7580174
2/10/2022,22.6,10.4,15.7,22.6,10.4,15.7,74.5,0.0,0,0.0,18.4,1017.7,Partially cloudy,1683.7,774.8,1169.65,12.2,270.8044086
2/11/2022,21.8,9.2,15.5,21.8,8.2,15.4,69.7,0.0,0,0.0,26.0,1016.1,Clear,1519.46,641.24,1080.35,12.6,268.0777
2/12/2022,22.8,9.8,16.0,22.8,8.6,16.0,66.7,0.0,0,0.0,21.0,1014.6,Clear,1520.76,653.66,1067.2,13.0,260.9005986
2/13/2022,27.3,8.5,17.4,26.6,8.5,17.4,65.5,0.0,0,0.0,7.6,1013.4,Clear,1788.15,556.75,1139.7,18.8,249.7040785
2/14/2022,26.6,9.4,17.9,26.6,9.4,17.9,64.6,0.0,0,0.0,10.9,1013.4,Clear,1718.36,607.24,1156.34,17.2,245.1896383
2/15/2022,25.8,10.5,18.8,25.8,10.5,18.8,58.3,0.0,0,0.0,13.0,1013.4,Clear,1504.14,612.15,1096.04,15.3,229.8462156
2/16/2022,25.3,10.5,18.1,25.3,10.5,18.1,68.5,0.0,0,0.0,10.1,1011.3,Clear,1733.05,719.25,1239.85,14.8,248.352554
2/17/2022,26.6,12.1,18.4,26.6,12.1,18.4,66.4,0.0,0,0.0,8.6,1011.2,Clear,1766.24,803.44,1221.76,14.5,244.0781668
2/18/2022,27.8,10.5,19.1,26.6,10.5,19.0,61.6,0.0,0,0.0,13.0,1012.4,Clear,1712.48,646.8,1176.56,17.3,233.3135518
2/19/2022,25.0,12.2,18.8,25.0,12.2,18.8,64.0,0.0,0,0.0,12.3,1013.8,Clear,1600.0,780.8,1203.2,12.8,238.5267127
2/20/2022,23.8,12.0,17.9,23.8,12.0,17.9,69.4,0.0,0,0.0,21.6,1008.4,Clear,1651.72,832.8,1242.26,11.8,250.6066435
2/21/2022,25.8,10.4,18.0,25.8,10.4,18.0,57.4,0.0,0,0.0,16.6,1008.3,Clear,1480.92,596.96,1033.2,15.4,232.9926791
2/22/2022,25.9,10.9,19.1,25.9,10.9,19.1,58.6,0.0,0,0.0,27.7,1010.1,Partially cloudy,1517.74,638.74,1119.26,15.0,228.5723664
2/23/2022,23.8,15.0,19.2,23.8,15.0,19.2,78.2,0.0,0,0.0,22.3,1013.9,Partially cloudy,1861.16,1173.0,1501.44,8.8,246.0403902
2/24/2022,25.8,13.5,19.6,25.8,13.5,19.6,72.0,0.0,0,0.0,16.1,1015.6,Partially cloudy,1857.6,972.0,1411.2,12.3,240.8029579
2/25/2022,27.0,13.4,20.1,27.0,13.4,20.1,71.7,2.149,100,4.17,20.5,1016.0,"Rain, Partially cloudy",1935.9,960.78,1441.17,13.6,237.1845874
2/26/2022,23.6,15.1,18.4,23.6,15.1,18.4,70.8,6.805,100,4.17,27.7,1017.2,"Rain, Partially cloudy",1670.88,1069.08,1302.72,8.5,248.3171659
2/27/2022,24.8,14.0,18.7,24.8,14.0,18.7,70.2,0.925,100,4.17,13.2,1018.4,"Rain, Partially cloudy",1740.96,982.8,1312.74,10.8,245.7468291
2/28/2022,24.8,12.0,18.1,24.8,12.0,18.1,62.7,0.0,0,0.0,14.8,1016.7,Clear,1554.96,752.4,1134.87,12.8,241.2448464
3/1/2022,25.0,11.2,18.3,25.0,11.2,18.3,68.6,0.0,0,0.0,12.3,1016.9,Clear,1715.0,768.32,1255.38,13.8,247.0759943
3/2/2022,26.8,12.4,19.4,26.5,12.4,19.4,68.7,0.0,0,0.0,14.4,1016.6,Clear,1841.16,851.88,1332.78,14.4,239.6969723
3/3/2022,28.8,15.6,21.8,27.7,15.6,21.7,63.7,0.0,0,0.0,16.6,1015.3,Partially cloudy,1834.56,993.72,1388.66,13.2,219.4285557
3/4/2022,25.0,16.0,20.4,25.0,16.0,20.4,73.3,0.0,0,0.0,16.6,1016.2,Partially cloudy,1832.5,1172.8,1495.32,9.0,235.9811112
3/5/2022,25.6,13.0,19.5,25.6,13.0,19.5,71.6,0.0,0,0.0,20.5,1014.9,Clear,1832.96,930.8,1396.2,12.6,241.2411553
3/6/2022,27.1,14.8,20.3,27.0,14.8,20.3,70.0,0.0,0,0.0,10.6,1013.8,Partially cloudy,1897.0,1036.0,1421.0,12.3,234.7061446
3/7/2022,29.0,16.0,22.1,28.0,16.0,22.0,63.8,0.0,0,0.0,11.2,1015.0,Partially cloudy,1850.2,1020.8,1409.98,13.0,217.7273832
3/8/2022,29.9,17.0,22.5,28.9,17.0,22.3,62.9,0.0,0,0.0,18.4,1014.3,Partially cloudy,1880.71,1069.3,1415.25,12.9,214.3718956
3/9/2022,30.6,16.0,23.1,28.8,16.0,22.7,56.2,0.0,0,0.0,18.4,1013.2,Partially cloudy,1719.72,899.2,1298.22,14.6,202.1573827
3/10/2022,29.0,17.0,22.9,27.9,17.0,22.7,57.0,0.0,0,0.0,21.1,1013.1,Partially cloudy,1653.0,969.0,1305.3,12.0,204.4430255
3/11/2022,29.0,16.7,22.7,27.9,16.7,22.6,65.2,0.0,0,0.0,22.3,1013.4,Clear,1890.8,1088.84,1480.04,12.3,215.4970757
3/12/2022,30.6,16.0,23.1,29.6,16.0,22.9,58.9,0.0,0,0.0,22.3,1011.7,Clear,1802.34,942.4,1360.59,14.6,206.0533652
3/13/2022,31.6,17.7,24.5,30.9,17.7,24.4,61.9,0.0,0,0.0,16.6,1011.4,Clear,1956.04,1095.63,1516.55,13.9,201.8344115
3/14/2022,32.6,18.5,25.6,32.6,18.5,25.7,68.1,0.0,0,0.0,14.8,1010.7,Clear,2220.06,1259.85,1743.36,14.1,200.3448244
3/15/2022,34.0,20.2,26.9,34.1,20.2,27.5,69.5,0.0,0,0.0,18.4,1008.1,Clear,2363.0,1403.9,1869.55,13.8,193.4300301
3/16/2022,34.3,21.0,27.6,34.3,21.0,28.1,65.1,0.0,0,0.0,24.4,1005.8,Clear,2232.93,1367.1,1796.76,13.3,187.4117378
3/17/2022,34.5,21.3,27.7,36.8,21.3,28.8,66.2,0.0,0,0.0,9.4,1006.5,Clear,2283.9,1410.06,1833.74,13.2,187.4933646
3/18/2022,34.5,22.9,28.2,38.2,22.9,29.8,70.7,0.0,0,0.0,14.5,1007.8,Clear,2439.15,1619.03,1993.74,11.6,186.377188
3/19/2022,36.2,21.0,28.5,39.0,21.0,29.5,64.3,0.0,0,0.0,11.2,1005.6,Clear,2327.66,1350.3,1832.55,15.2,182.1451855
3/20/2022,37.1,23.5,29.6,35.2,23.5,28.9,49.7,0.0,0,0.0,13.0,1004.2,Partially cloudy,1843.87,1167.95,1471.12,13.6,161.9114312
3/21/2022,36.1,22.1,28.8,36.5,22.1,29.2,54.0,0.0,0,0.0,18.4,1006.4,Clear,1949.4,1193.4,1555.2,14.0,171.1568441
3/22/2022,34.2,22.0,28.3,32.6,22.0,28.0,51.2,0.0,0,0.0,25.9,1007.5,Clear,1751.04,1126.4,1448.96,12.2,169.5839735
3/23/2022,35.0,20.3,27.8,33.4,20.3,27.5,50.1,0.0,0,0.0,13.0,1007.2,Clear,1753.5,1017.03,1392.78,14.7,170.0774568
3/24/2022,34.8,21.0,28.0,33.0,21.0,27.2,42.0,0.0,0,0.0,19.5,1005.7,Clear,1461.6,882.0,1176.0,13.8,154.4729449
3/25/2022,34.5,20.6,27.6,33.0,20.6,27.0,51.5,0.0,0,0.0,18.4,1007.2,Clear,1776.75,1060.9,1421.4,13.9,173.1023358
3/26/2022,34.0,20.0,27.0,32.5,20.0,26.3,45.2,0.0,0,0.0,27.7,1009.0,Clear,1536.8,904.0,1220.4,14.0,164.7204657
3/27/2022,36.1,21.2,28.0,34.1,21.2,27.3,41.5,0.0,0,0.0,16.9,1008.5,Clear,1498.15,879.8,1162.0,14.9,153.4229959
3/28/2022,38.2,21.0,29.6,35.9,21.0,28.5,34.8,0.0,0,0.0,18.4,1007.6,Clear,1329.36,730.8,1030.08,17.2,133.2909777
3/29/2022,40.0,20.3,30.3,36.8,20.3,29.1,31.9,0.0,0,0.0,18.4,1005.8,Clear,1276.0,647.57,966.57,19.7,124.398868
3/30/2022,39.0,21.2,30.5,37.3,21.2,29.4,34.4,0.0,0,0.0,9.5,1006.0,Clear,1341.6,729.28,1049.2,17.8,129.9140193
3/31/2022,38.6,21.7,30.7,39.3,21.7,29.9,34.4,0.0,0,0.0,13.2,1006.5,Clear,1327.84,746.48,1056.08,16.9,129.3841933
4/1/2022,36.0,23.9,29.9,33.4,23.9,28.6,29.0,0.0,0,0.0,14.8,1007.1,Clear,1044.0,693.1,867.1,12.1,117.7488076
4/2/2022,39.0,19.7,29.9,36.6,19.7,28.7,28.1,0.0,0,0.0,11.2,1008.3,Clear,1095.9,553.57,840.19,19.3,115.2773937
4/3/2022,39.0,21.4,30.3,36.1,21.4,28.9,26.1,0.0,0,0.0,18.4,1007.5,Clear,1017.9,558.54,790.83,17.6,108.8854901
4/4/2022,38.0,21.4,30.2,35.5,21.4,28.9,24.6,0.0,0,0.0,18.4,1007.4,Clear,934.8,526.44,742.92,16.6,104.6982777
4/5/2022,38.4,20.8,30.2,35.6,20.8,28.8,26.7,0.0,0,0.0,19.6,1010.5,Clear,1025.28,555.36,806.34,17.6,110.7722959
4/6/2022,40.0,21.1,30.7,36.4,21.1,29.3,23.9,0.0,0,0.0,18.4,1010.5,Partially cloudy,956.0,504.29,733.73,18.9,101.8467333
4/7/2022,40.0,21.3,31.4,37.4,21.3,30.0,25.2,0.0,0,0.0,15.2,1009.6,Clear,1008.0,536.76,791.28,18.7,104.4636151
4/8/2022,42.0,21.8,32.1,38.5,21.8,30.5,23.1,0.0,0,0.0,18.4,1006.9,Clear,970.2,503.58,741.51,20.2,97.51092338
4/9/2022,41.6,22.2,33.0,38.7,22.2,31.3,23.5,0.0,0,0.0,16.6,1005.0,Clear,977.6,521.7,775.5,19.4,97.38030608
4/10/2022,42.0,25.9,33.4,39.5,25.9,31.5,20.9,0.0,0,0.0,18.4,1004.4,Clear,877.8,541.31,698.06,16.1,89.70907233
4/11/2022,42.0,24.6,33.7,39.7,24.6,31.9,22.8,0.0,0,0.0,18.4,1003.8,Clear,957.6,560.88,768.36,17.4,94.5679197
4/12/2022,39.0,24.9,32.7,36.6,24.9,31.0,22.3,0.0,0,0.0,18.4,1004.0,Partially cloudy,869.7,555.27,729.21,14.1,94.46390528
4/13/2022,39.9,23.5,32.8,37.6,23.5,31.2,26.0,0.0,0,0.0,14.8,1003.3,Partially cloudy,1037.4,611.0,852.8,16.4,104.3033439
4/14/2022,38.6,27.0,32.3,36.7,26.4,30.7,23.1,0.149,100,4.17,27.7,1003.0,"Rain, Partially cloudy",891.66,623.7,746.13,11.6,97.23720733
4/15/2022,40.0,25.5,32.4,37.1,25.5,31.1,27.1,0.0,0,0.0,14.8,1002.9,Partially cloudy,1084.0,691.05,878.04,14.5,107.8271314
4/16/2022,40.0,23.7,32.1,37.6,23.7,30.8,30.0,0.0,0,0.0,20.5,1002.5,Clear,1200.0,711.0,963.0,16.3,115.6493307
4/17/2022,39.9,24.2,32.6,38.4,24.2,31.3,28.2,0.0,0,0.0,9.4,1003.4,Clear,1125.18,682.44,919.32,15.7,110.2314091
4/18/2022,42.0,24.4,33.4,40.3,24.4,32.1,27.0,0.0,0,0.0,9.4,1005.2,Clear,1134.0,658.8,901.8,17.6,105.8103129
4/19/2022,43.0,25.3,34.3,40.0,25.3,32.8,25.8,0.0,0,0.0,18.4,1006.9,Clear,1109.4,652.74,884.94,17.7,101.3811778
4/20/2022,41.0,27.0,33.8,38.8,26.4,32.2,22.6,0.0,0,0.0,19.8,1005.5,Partially cloudy,926.6,610.2,763.88,14.0,93.90725385
4/21/2022,36.0,25.8,31.4,33.8,25.8,30.1,28.7,0.0,0,0.0,18.4,1006.8,Partially cloudy,1033.2,740.46,901.18,10.2,113.845236
4/22/2022,38.0,24.6,31.5,36.9,24.6,30.3,29.3,0.285,100,4.17,27.7,1007.9,"Rain, Partially cloudy",1113.4,720.78,922.95,13.4,115.1719914
4/23/2022,40.0,22.8,31.7,36.6,22.8,30.2,25.8,0.0,0,0.0,18.4,1007.9,Clear,1032.0,588.24,817.86,17.2,105.6150872
4/24/2022,39.0,23.9,32.4,36.4,23.9,30.8,23.6,0.0,0,0.0,21.0,1006.0,Clear,920.4,564.04,764.64,15.1,98.49296572
4/25/2022,40.1,24.7,33.7,38.6,24.7,32.1,23.5,0.0,0,0.0,46.4,1004.8,Partially cloudy,942.35,580.45,791.95,15.4,96.42469155
4/26/2022,39.8,27.4,33.5,38.1,26.9,31.8,22.6,0.0,0,0.0,16.6,1005.2,Partially cloudy,899.48,619.24,757.1,12.4,94.28362552
4/27/2022,42.0,24.2,33.9,38.5,24.2,32.1,23.7,0.0,0,0.0,20.5,1004.8,Clear,995.4,573.54,803.43,17.8,96.67652177
4/28/2022,43.0,23.7,34.6,41.0,23.7,32.9,23.3,0.0,0,0.0,18.4,1004.6,Clear,1001.9,552.21,806.18,19.3,94.71783399
4/29/2022,43.3,27.6,35.8,40.4,27.7,33.7,20.2,0.0,0,0.0,16.7,1003.9,Clear,874.66,557.52,723.16,15.7,85.43384736
4/30/2022,43.2,27.5,35.6,40.7,27.0,33.4,17.8,0.0,0,0.0,14.8,1001.2,Clear,768.96,489.5,633.68,15.7,79.19942312
5/1/2022,40.0,28.2,33.9,42.3,28.3,34.0,32.4,0.0,0,0.0,22.3,1000.3,Partially cloudy,1296.0,913.68,1098.36,11.8,117.1610878
5/1/2022,40.0,28.2,33.9,42.3,28.3,34.0,32.4,0.0,0,0.0,22.3,1000.3,Partially cloudy,1296.0,913.68,1098.36,11.8,117.1610878
5/2/2022,40.0,28.4,34.1,42.0,30.3,35.5,41.7,0.0,0,0.0,22.3,1000.4,Partially cloudy,1668.0,1184.28,1421.97,11.6,133.7275129
5/3/2022,37.7,29.0,33.2,42.1,31.3,36.2,49.2,0.0,0,0.0,20.5,1003.2,Partially cloudy,1854.84,1426.8,1633.44,8.7,147.2085085
5/4/2022,37.2,24.0,31.1,43.1,24.0,33.5,54.8,0.97,100,4.17,27.7,1005.6,"Rain, Partially cloudy",2038.56,1315.2,1704.28,13.2,161.9176843
5/5/2022,37.0,23.5,30.0,37.6,23.5,30.5,53.2,0.0,0,0.0,9.8,1006.2,Partially cloudy,1968.4,1250.2,1596.0,13.5,164.8809215
5/6/2022,38.0,25.7,32.3,40.8,25.7,33.2,44.5,0.0,0,0.0,17.9,1005.5,Partially cloudy,1691.0,1143.65,1437.35,12.3,143.9275317
5/7/2022,39.3,27.3,33.4,39.8,28.3,33.4,36.2,0.0,0,0.0,11.2,1005.0,Partially cloudy,1422.66,988.26,1209.08,12.0,126.0750385
5/8/2022,40.0,27.5,33.6,42.4,28.6,34.5,39.6,0.0,0,0.0,18.4,1003.3,Clear,1584.0,1089.0,1330.56,12.5,131.7567549
5/9/2022,39.3,28.5,33.8,43.0,30.8,36.1,45.3,0.0,0,0.0,20.5,1003.0,Clear,1780.29,1291.05,1531.14,10.8,140.0142593
5/10/2022,38.9,29.8,33.8,44.8,31.3,36.5,45.9,0.0,0,0.0,22.3,1003.4,Clear,1785.51,1367.82,1551.42,9.1,140.8377977
5/11/2022,40.4,29.0,34.6,47.8,30.3,37.8,44.4,0.0,0,0.0,14.8,1001.4,Clear,1793.76,1287.6,1536.24,11.4,136.1381403
5/12/2022,43.0,30.0,35.9,45.4,33.3,38.8,41.8,0.0,0,0.0,16.6,999.7,Clear,1797.4,1254.0,1500.62,13.0,128.5157265
5/13/2022,44.0,28.8,35.0,46.1,31.9,38.0,45.9,0.0,0,0.0,18.4,997.4,Clear,2019.6,1321.92,1606.5,15.2,136.8188104
5/14/2022,44.0,29.0,37.2,44.0,32.4,37.0,28.4,0.0,0,0.0,18.3,997.6,Clear,1249.6,823.6,1056.48,15.0,102.4472594
5/15/2022,45.3,27.6,37.0,45.3,27.8,36.1,21.3,0.0,0,0.0,20.0,998.7,Clear,964.89,587.88,788.1,17.7,87.0363759
5/16/2022,41.6,31.3,37.4,39.6,31.5,35.5,18.1,0.0,0,0.0,20.6,998.9,Partially cloudy,752.96,566.53,676.94,10.3,78.82545717
5/17/2022,42.0,28.4,34.6,41.5,28.4,34.5,31.2,0.0,0,0.0,13.0,1000.1,Partially cloudy,1310.4,886.08,1079.52,13.6,113.1136269
5/18/2022,41.0,31.6,35.8,41.3,32.1,36.1,31.0,0.0,0,0.0,27.7,1001.9,Partially cloudy,1271.0,979.6,1109.8,9.4,110.2506493
5/19/2022,43.0,28.8,36.2,44.0,30.4,36.7,32.6,0.0,0,0.0,14.8,1001.2,Clear,1401.8,938.88,1180.12,14.2,112.5419066
5/20/2022,44.1,29.6,37.0,44.1,32.5,37.3,30.6,0.525,100,8.33,27.7,998.2,"Rain, Partially cloudy",1349.46,905.76,1132.2,14.5,107.1317563
5/21/2022,42.2,26.7,34.8,42.0,27.7,34.2,30.8,0.979,100,4.17,26.9,996.1,"Rain, Partially cloudy",1299.76,822.36,1071.84,15.5,111.8565634
5/22/2022,39.2,24.6,32.2,40.4,24.6,32.8,44.9,0.0,0,0.0,20.5,995.3,Partially cloudy,1760.08,1104.54,1445.78,14.6,144.8907924
5/23/2022,31.0,18.0,25.7,32.6,18.0,26.6,71.2,18.988,100,12.5,40.7,998.7,"Rain, Partially cloudy",2207.2,1281.6,1829.84,13.0,201.0407578
5/24/2022,32.0,20.0,26.3,35.6,20.0,27.7,75.1,17.357,100,8.33,63.0,1004.5,"Rain, Partially cloudy",2403.2,1502.0,1975.13,12.0,198.0195638
5/25/2022,33.8,24.6,29.1,37.0,24.6,31.2,66.6,0.0,0,0.0,13.0,1005.2,Partially cloudy,2251.08,1638.36,1938.06,9.2,180.1694423
5/26/2022,36.0,25.0,30.6,37.8,25.0,32.2,59.1,0.0,0,0.0,11.2,1003.0,Clear,2127.6,1477.5,1808.46,11.0,168.1000756
5/27/2022,38.8,27.0,32.4,42.8,29.6,34.5,50.5,0.0,0,0.0,28.2,999.8,Partially cloudy,1959.4,1363.5,1636.2,11.8,151.8053656
5/28/2022,40.0,28.2,34.4,46.5,29.6,38.3,46.6,0.0,0,0.0,13.0,998.0,Partially cloudy,1864.0,1314.12,1603.04,11.8,139.7157027
5/29/2022,41.0,29.0,34.0,47.0,31.4,38.2,50.4,0.0,0,0.0,14.8,998.2,Partially cloudy,2066.4,1461.6,1713.6,12.0,145.6216595
5/30/2022,39.8,25.1,31.4,47.3,25.1,34.7,59.4,15.371,100,4.17,16.6,999.6,"Rain, Partially cloudy",2364.12,1490.94,1865.16,14.7,164.6365369
5/31/2022,39.2,24.5,32.9,43.2,24.5,35.2,49.2,0.0,0,0.0,9.4,999.8,Partially cloudy,1928.64,1205.4,1618.68,14.7,148.3241964
6/1/2022,41.8,26.8,35.0,42.1,29.1,36.0,38.7,0.0,0,0.0,11.2,1000.2,Partially cloudy,1617.66,1037.16,1354.5,15.0,126.2813785
6/2/2022,41.5,28.7,35.4,43.8,29.7,35.8,32.8,0.0,0,0.0,10.8,999.8,Partially cloudy,1361.2,941.36,1161.12,12.8,114.6482076
6/3/2022,43.2,27.2,35.6,40.4,28.1,34.8,28.5,0.0,0,0.0,15.4,998.9,Partially cloudy,1231.2,775.2,1014.6,16.0,105.416296
6/4/2022,45.0,29.3,36.5,45.0,30.0,35.8,27.0,0.0,0,0.0,16.6,999.3,Partially cloudy,1215.0,791.1,985.5,15.7,100.6703796
6/5/2022,44.0,30.5,37.3,44.0,29.2,36.0,20.8,0.0,0,0.0,17.4,999.5,Partially cloudy,915.2,634.4,775.84,13.5,85.54963944
6/6/2022,44.0,29.0,36.8,44.0,29.5,35.8,23.8,0.0,0,0.0,18.0,998.7,Clear,1047.2,690.2,875.84,15.0,93.12948216
6/7/2022,43.2,30.8,37.3,42.0,30.6,36.0,22.2,0.0,0,0.0,23.2,998.3,Clear,959.04,683.76,828.06,12.4,88.85522866
6/8/2022,44.0,31.9,37.3,44.0,31.0,36.0,21.5,0.0,0,0.0,29.6,998.1,Clear,946.0,685.85,801.95,12.1,87.21506412
6/9/2022,44.0,30.2,37.5,44.0,30.1,37.1,24.6,0.0,0,0.0,16.3,997.1,Clear,1082.4,742.92,922.5,13.8,94.02599021
6/10/2022,43.2,32.0,37.8,44.4,32.0,37.9,26.1,0.0,0,0.0,30.4,997.8,Clear,1127.52,835.2,986.58,11.2,96.80936651
6/11/2022,44.0,32.1,37.7,44.1,30.6,37.0,22.1,0.0,0,0.0,27.4,998.0,Clear,972.4,709.41,833.17,11.9,88.20220621
6/12/2022,43.0,32.0,37.7,43.2,30.6,37.4,24.7,0.0,0,0.0,21.1,999.3,Clear,1062.1,790.4,931.19,11.0,93.98283443
6/13/2022,43.0,33.2,37.6,45.3,33.6,38.4,29.2,0.0,0,0.0,16.6,1001.2,Partially cloudy,1255.6,969.44,1097.92,9.8,103.3459919
6/14/2022,39.2,32.0,35.3,43.7,32.0,37.3,38.0,0.0,0,0.0,21.4,1000.8,Partially cloudy,1489.6,1216.0,1341.4,7.2,124.3072077
6/15/2022,42.0,30.0,36.1,46.4,31.3,38.8,39.3,0.0,0,0.0,23.0,999.0,Partially cloudy,1650.6,1179.0,1418.73,12.0,124.2562085
6/16/2022,39.6,28.2,34.1,44.9,30.8,37.1,46.1,0.74,100,4.17,23.2,999.8,"Rain, Partially cloudy",1825.56,1300.02,1572.01,11.4,140.0862739
6/17/2022,36.0,25.0,29.2,41.3,25.0,32.3,70.8,17.506,100,12.5,19.3,1001.1,"Rain, Partially cloudy",2548.8,1770.0,2067.36,11.0,180.8373179
6/18/2022,32.0,26.1,28.9,37.7,26.1,32.6,74.1,0.618,100,8.33,18.0,1002.0,"Rain, Partially cloudy",2371.2,1934.01,2141.49,5.9,182.6939385
6/19/2022,31.0,25.2,28.3,36.5,25.2,31.4,74.4,0.06,100,4.17,16.6,1001.4,"Rain, Partially cloudy",2306.4,1874.88,2105.52,5.8,186.1245568
6/20/2022,32.3,25.0,29.0,38.1,25.0,31.3,65.6,0.0,0,0.0,14.4,999.7,Partially cloudy,2118.88,1640.0,1902.4,7.3,180.2384361
6/21/2022,34.0,26.3,30.2,38.4,26.3,33.0,61.2,0.51,100,4.17,18.4,999.0,"Rain, Partially cloudy",2080.8,1609.56,1848.24,7.7,171.571392
6/22/2022,38.0,25.0,31.0,44.8,25.0,34.4,59.3,0.0,0,0.0,18.4,1003.5,Partially cloudy,2253.4,1482.5,1838.3,13.0,166.4015592
6/23/2022,38.0,27.2,33.1,43.0,29.9,35.6,48.1,0.0,0,0.0,20.5,1004.4,Partially cloudy,1827.8,1308.32,1592.11,10.8,146.2034226
6/24/2022,40.0,27.0,33.3,41.4,27.9,33.7,38.6,0.0,0,0.0,14.8,1001.9,Clear,1544.0,1042.2,1285.38,13.0,130.8511933
6/25/2022,40.0,26.8,34.3,43.5,28.2,34.6,34.8,0.0,0,0.0,14.8,999.2,Clear,1392.0,932.64,1193.64,13.2,121.0792752
6/26/2022,39.9,29.9,35.0,49.8,31.6,40.1,48.0,0.0,0,0.0,24.1,1000.1,Partially cloudy,1915.2,1435.2,1680.0,10.0,139.3569846
6/27/2022,39.9,31.2,35.7,52.7,36.8,42.6,51.1,0.0,0,0.0,18.4,1001.1,Partially cloudy,2038.89,1594.32,1824.27,8.7,140.127498
6/28/2022,41.0,31.5,35.9,51.3,37.9,43.8,53.1,0.0,0,0.0,16.6,998.3,Partially cloudy,2177.1,1672.65,1906.29,9.5,141.1509678
6/29/2022,40.0,30.3,34.9,50.4,35.5,41.5,53.8,0.0,0,0.0,18.4,995.9,Partially cloudy,2152.0,1630.14,1877.62,9.7,145.4948418
6/30/2022,32.0,24.9,27.7,40.2,24.9,31.3,88.2,104.603,100,16.67,20.5,999.3,"Rain, Partially cloudy",2822.4,2196.18,2443.14,7.1,183.2757364
7/1/2022,31.0,25.6,28.2,40.9,25.6,33.5,88.6,1.701,100,4.17,13.0,999.6,"Rain, Overcast",2746.6,2268.16,2498.52,5.4,179.7360956
7/2/2022,36.1,27.0,31.0,43.6,31.1,37.3,72.9,0.7,100,12.5,15.3,997.5,"Rain, Partially cloudy",2631.69,1968.3,2259.9,9.1,171.1902796
7/3/2022,36.5,27.6,33.1,46.9,31.5,38.5,57.4,0.085,100,4.17,15.8,997.8,"Rain, Partially cloudy",2095.1,1584.24,1899.94,8.9,155.6429955
7/4/2022,36.0,28.7,33.5,48.0,35.8,42.4,64.1,0.51,100,4.17,11.2,998.3,"Rain, Partially cloudy",2307.6,1839.67,2147.35,7.3,157.5162522
7/5/2022,37.2,30.4,33.9,48.7,39.7,43.4,64.5,0.0,0,0.0,13.7,998.6,Partially cloudy,2399.4,1960.8,2186.55,6.8,155.81761
7/6/2022,37.8,30.4,34.4,49.4,39.6,44.2,63.0,0.0,0,0.0,18.4,1001.0,Partially cloudy,2381.4,1915.2,2167.2,7.4,153.082779
7/7/2022,38.0,31.4,34.6,48.0,40.6,43.3,59.3,0.0,0,0.0,18.4,1002.8,Partially cloudy,2253.4,1862.02,2051.78,6.6,150.5335908
7/8/2022,38.2,31.0,34.9,47.6,38.5,42.0,54.8,0.0,0,0.0,14.8,1000.4,Partially cloudy,2093.36,1698.8,1912.52,7.2,146.3067604
7/9/2022,35.0,28.7,32.0,46.7,33.6,39.2,66.5,0.0,0,0.0,22.3,998.8,Partially cloudy,2327.5,1908.55,2128.0,6.3,165.3693951
7/10/2022,34.0,28.3,31.0,43.9,33.9,38.2,73.6,0.0,0,0.0,18.4,1000.4,Partially cloudy,2502.4,2082.88,2281.6,5.7,171.1335335
7/11/2022,36.0,28.7,31.8,44.7,32.7,38.6,67.9,0.851,100,4.17,16.9,1000.9,"Rain, Partially cloudy",2444.4,1948.73,2159.22,7.3,166.6953864
7/12/2022,33.0,28.0,30.3,42.4,34.3,38.0,80.1,2.149,100,4.17,14.7,1000.5,"Rain, Partially cloudy",2643.3,2242.8,2427.03,5.0,173.1444566
7/13/2022,36.0,28.0,31.5,45.6,31.9,39.2,73.3,0.0,0,0.0,13.0,998.5,Partially cloudy,2638.8,2052.4,2308.95,8.0,168.506538
7/14/2022,38.6,29.4,32.3,49.4,35.5,39.9,67.6,0.03,100,4.17,16.6,997.9,"Rain, Partially cloudy",2609.36,1987.44,2183.48,9.2,164.1594144
7/15/2022,37.0,28.6,32.9,46.0,34.1,39.8,63.7,0.0,0,0.0,20.5,999.6,Partially cloudy,2356.9,1821.82,2095.73,8.4,160.1352766
7/16/2022,35.4,25.8,29.4,45.9,25.8,34.5,80.4,18.058,100,8.33,22.3,1000.9,"Rain, Partially cloudy",2846.16,2074.32,2363.76,9.6,178.2078955
7/17/2022,34.1,25.9,29.9,46.7,25.9,36.6,81.9,10.552,100,8.33,15.3,1002.8,"Rain, Partially cloudy",2792.79,2121.21,2448.81,8.2,174.5105399
7/18/2022,37.1,28.9,33.2,54.5,35.6,42.9,68.8,0.0,0,0.0,13.0,1001.3,Partially cloudy,2552.48,1988.32,2284.16,8.2,159.940112
7/19/2022,37.0,29.0,32.4,45.8,36.8,42.2,73.5,10.0,100,12.5,17.1,999.9,"Rain, Partially cloudy",2719.5,2131.5,2381.4,8.0,163.7897424
7/20/2022,34.8,25.3,29.7,47.9,25.3,36.7,84.0,60.975,100,12.5,22.3,999.8,"Rain, Overcast",2923.2,2125.2,2494.8,9.5,174.353302
7/21/2022,32.4,25.9,29.0,41.1,25.9,34.3,84.0,0.7,100,8.33,11.2,1002.5,"Rain, Overcast",2721.6,2175.6,2436.0,6.5,178.5392202
7/22/2022,32.8,27.8,29.4,43.5,34.2,37.5,86.7,7.09,100,12.5,15.4,1003.7,"Rain, Overcast",2843.76,2410.26,2548.98,5.0,174.0492968
7/23/2022,33.1,26.9,29.7,43.7,31.3,37.4,85.6,0.568,100,4.17,18.4,1002.1,"Rain, Partially cloudy",2833.36,2302.64,2542.32,6.2,173.1581189
7/24/2022,34.4,27.0,30.0,44.4,31.2,37.7,82.5,3.285,100,12.5,22.5,1001.9,"Rain, Partially cloudy",2838.0,2227.5,2475.0,7.4,173.5723716
7/25/2022,34.0,27.0,30.0,43.4,31.2,36.9,80.3,2.197,100,4.17,21.5,1004.1,"Rain, Partially cloudy",2730.2,2168.1,2409.0,7.0,174.7693965
7/26/2022,32.8,27.0,29.4,42.1,31.2,35.8,81.0,0.0,0,0.0,20.5,1005.3,Partially cloudy,2656.8,2187.0,2381.4,5.8,177.9194465
7/27/2022,33.6,27.0,30.0,43.2,30.6,37.4,80.0,0.0,0,0.0,16.6,1004.7,Partially cloudy,2688.0,2160.0,2400.0,6.6,174.9093595
7/28/2022,32.0,26.9,28.6,42.3,30.5,34.6,86.3,17.162,100,8.33,11.2,1006.0,"Rain, Partially cloudy",2761.6,2321.47,2468.18,5.1,179.2689579
7/29/2022,32.0,26.0,28.0,42.3,26.0,32.5,89.2,2.448,100,4.17,11.2,1005.5,"Rain, Overcast",2854.4,2319.2,2497.6,6.0,180.420003
7/30/2022,31.6,26.4,28.4,40.6,26.4,34.0,86.9,15.76,100,8.33,16.6,1003.7,"Rain, Overcast",2746.04,2294.16,2467.96,5.2,180.010528
7/31/2022,32.0,26.0,28.7,40.3,26.0,33.6,84.3,11.422,100,8.33,11.2,1001.2,"Rain, Partially cloudy",2697.6,2191.8,2419.41,6.0,180.1546819
8/1/2022,34.0,27.3,29.7,42.0,31.9,36.1,79.6,0.0,0,0.0,13.0,1001.4,Partially cloudy,2706.4,2173.08,2364.12,6.7,176.8152197
8/2/2022,35.0,27.0,31.0,44.9,31.2,38.2,75.9,0.0,0,0.0,29.0,1000.8,Partially cloudy,2656.5,2049.3,2352.9,8.0,170.7380664
8/3/2022,34.0,28.0,30.8,43.3,33.5,38.5,76.1,5.955,100,4.17,14.8,1002.1,"Rain, Partially cloudy",2587.4,2130.8,2343.88,6.0,171.7829448
8/4/2022,32.7,27.0,29.4,42.9,31.2,36.6,84.6,4.928,100,8.33,18.4,1002.8,"Rain, Partially cloudy",2766.42,2284.2,2487.24,5.7,175.7130118
8/5/2022,30.0,26.9,27.9,39.9,30.6,33.8,92.1,10.577,100,16.67,13.0,1001.6,"Rain, Partially cloudy",2763.0,2477.49,2569.59,3.1,177.9341979
8/6/2022,33.0,27.0,30.2,44.1,31.8,39.1,84.5,0.0,0,0.0,11.2,999.7,Partially cloudy,2788.5,2281.5,2551.9,6.0,171.0495659
8/7/2022,30.0,26.0,27.6,40.4,26.0,32.4,93.3,6.63,100,4.17,27.7,999.8,"Rain, Partially cloudy",2799.0,2425.8,2575.08,4.0,178.4249859
8/8/2022,34.3,26.0,30.1,43.4,26.0,36.1,79.9,0.0,0,0.0,9.4,999.5,Partially cloudy,2740.57,2077.4,2404.99,8.3,174.3809121
8/9/2022,35.6,28.0,32.0,46.6,34.5,41.6,75.3,0.134,100,4.17,16.6,999.1,"Rain, Partially cloudy",2680.68,2108.4,2409.6,7.6,165.5200059
8/10/2022,35.7,29.0,32.5,45.3,36.4,40.6,68.9,0.0,0,0.0,15.5,997.9,Partially cloudy,2459.73,1998.1,2239.25,6.7,163.3756329
8/11/2022,32.0,27.0,29.6,40.5,29.6,35.1,73.9,0.03,100,4.17,18.5,999.8,"Rain, Partially cloudy",2364.8,1995.3,2187.44,5.0,178.7626434
8/12/2022,36.0,27.3,31.2,43.8,31.3,37.6,71.1,0.0,0,0.0,20.5,999.8,Partially cloudy,2559.6,1941.03,2218.32,8.7,170.1524949
8/13/2022,34.1,28.0,30.9,43.9,32.7,37.9,73.4,0.0,0,0.0,16.6,999.5,Partially cloudy,2502.94,2055.2,2268.06,6.1,171.6885348
8/14/2022,32.5,27.0,28.9,41.9,31.2,35.6,86.6,5.747,100,8.33,11.2,1002.1,"Rain, Partially cloudy",2814.5,2338.2,2502.74,5.5,177.1768705
8/15/2022,34.0,27.0,29.3,44.2,31.1,35.1,81.3,0.0,0,0.0,18.4,1003.4,Partially cloudy,2764.2,2195.1,2382.09,7.0,178.356354
8/16/2022,32.4,27.7,29.1,39.2,31.9,34.4,78.7,2.448,100,8.33,37.1,1001.6,"Rain, Partially cloudy",2549.88,2179.99,2290.17,4.7,180.64848
8/17/2022,33.3,26.0,29.2,40.9,26.0,33.8,76.8,0.0,0,0.0,22.3,1002.9,Partially cloudy,2557.44,1996.8,2242.56,7.3,180.6109801
8/18/2022,34.5,26.9,30.3,47.2,30.6,36.6,76.1,0.0,0,0.0,11.9,1002.1,Partially cloudy,2625.45,2047.09,2305.83,7.6,174.5452778
8/19/2022,34.7,28.0,31.1,44.6,33.5,37.7,71.6,0.0,0,0.0,17.4,1002.0,Partially cloudy,2484.52,2004.8,2226.76,6.7,170.6902873
8/20/2022,32.0,27.0,29.6,39.1,31.2,36.5,80.8,6.851,100,4.17,13.0,1003.5,"Rain, Partially cloudy",2585.6,2181.6,2391.68,5.0,176.8469578
8/21/2022,35.0,27.9,30.9,44.1,33.8,38.5,76.7,1.344,100,4.17,11.2,1001.5,"Rain, Partially cloudy",2684.5,2139.93,2370.03,7.1,171.0740756
8/22/2022,35.2,28.9,31.5,45.1,36.5,39.9,74.3,0.0,0,0.0,22.3,999.7,Partially cloudy,2615.36,2147.27,2340.45,6.3,168.3719305
8/23/2022,33.6,28.0,30.7,40.8,32.7,36.8,71.4,0.0,0,0.0,27.7,1001.0,Partially cloudy,2399.04,1999.2,2191.98,5.6,172.797609
8/24/2022,33.0,27.0,29.1,39.2,30.6,34.7,80.9,5.104,100,4.17,16.6,1005.2,"Rain, Partially cloudy",2669.7,2184.3,2354.19,6.0,179.7387595
8/25/2022,34.0,26.0,30.1,39.9,26.0,34.9,72.3,0.0,0,0.0,11.2,1004.7,Partially cloudy,2458.2,1879.8,2176.23,8.0,176.0467072
8/26/2022,35.0,27.0,30.7,41.9,30.6,36.7,73.0,0.0,0,0.0,14.8,1004.0,Partially cloudy,2555.0,1971.0,2241.1,8.0,172.7905772
8/27/2022,35.0,27.0,30.7,42.0,30.6,36.1,70.2,0.17,100,4.17,20.1,1003.1,"Rain, Partially cloudy",2457.0,1895.4,2155.14,8.0,172.7003654
8/28/2022,34.2,27.0,30.6,39.7,29.6,34.7,65.9,0.0,0,0.0,17.9,1003.7,Partially cloudy,2253.78,1779.3,2016.54,7.2,172.1347156
8/29/2022,34.8,26.0,30.3,41.3,26.0,34.2,66.9,0.851,100,4.17,18.4,1007.5,"Rain, Partially cloudy",2328.12,1739.4,2027.07,8.8,174.0263623
8/30/2022,35.0,26.7,30.2,44.9,30.3,36.8,77.4,1.514,100,8.33,16.6,1007.9,"Rain, Partially cloudy",2709.0,2066.58,2337.48,8.3,174.7600459
8/31/2022,37.0,27.0,31.5,43.8,30.6,37.0,66.9,0.0,0,0.0,14.8,1005.3,Partially cloudy,2475.3,1806.3,2107.35,10.0,167.9506398
9/1/2022,36.5,28.0,32.1,43.2,33.5,38.3,66.3,0.0,0,0.0,11.2,1005.0,Partially cloudy,2419.95,1856.4,2128.23,8.5,164.8246942
9/2/2022,35.3,28.0,32.1,43.3,32.7,37.5,62.9,7.656,100,4.17,13.0,1006.4,"Rain, Partially cloudy",2220.37,1761.2,2019.09,7.3,163.5177308
9/3/2022,36.0,28.0,32.2,41.7,30.2,36.5,58.2,0.0,0,0.0,22.3,1004.0,Partially cloudy,2095.2,1629.6,1874.04,8.0,160.146492
9/4/2022,37.0,28.0,32.3,42.1,30.6,36.4,56.6,0.0,0,0.0,16.2,1002.7,Partially cloudy,2094.2,1584.8,1828.18,9.0,158.431301
9/5/2022,37.0,27.0,31.9,40.9,29.6,35.9,58.7,0.0,0,0.0,13.2,1004.6,Partially cloudy,2171.9,1584.9,1872.53,10.0,161.8550382
9/6/2022,36.0,28.0,31.7,40.6,30.6,35.7,59.4,0.0,0,0.0,14.8,1005.9,Partially cloudy,2138.4,1663.2,1882.98,8.0,163.2681078
9/7/2022,36.5,27.6,32.1,41.5,31.7,36.4,59.3,0.0,0,0.0,11.2,1007.4,Partially cloudy,2164.45,1636.68,1903.53,8.9,161.3906846
9/8/2022,36.2,28.3,32.2,42.7,32.5,37.5,61.8,0.0,0,0.0,9.4,1008.3,Partially cloudy,2237.16,1748.94,1989.96,7.9,162.4859612
9/9/2022,37.0,27.9,32.2,43.6,32.4,38.3,64.8,0.0,0,0.0,16.6,1007.5,Partially cloudy,2397.6,1807.92,2086.56,9.1,163.8530092
9/10/2022,35.3,29.0,31.6,45.1,34.5,39.3,71.9,0.0,0,0.0,14.8,1006.6,Partially cloudy,2538.07,2085.1,2272.04,6.3,168.0736203
9/11/2022,36.0,28.2,32.2,42.8,32.7,37.7,61.3,0.0,0,0.0,13.0,1004.2,Partially cloudy,2206.8,1728.66,1973.86,7.8,162.2066354
9/12/2022,36.5,28.0,31.8,43.5,31.9,36.9,62.8,0.0,0,0.0,18.4,1003.1,Partially cloudy,2292.2,1758.4,1997.04,8.5,164.8819215
9/13/2022,34.0,25.0,30.0,40.6,25.0,33.8,70.4,8.552,100,4.17,18.4,1003.7,"Rain, Partially cloudy",2393.6,1760.0,2112.0,9.0,176.4396951
9/14/2022,32.0,26.0,28.5,38.3,26.0,32.6,78.6,9.403,100,8.33,20.9,1004.3,"Rain, Partially cloudy",2515.2,2043.6,2240.1,6.0,184.2148186
9/17/2022,33.2,24.0,28.5,42.1,24.0,32.3,82.2,0.0,0,0.0,11.2,1002.5,Partially cloudy,2729.04,1972.8,2342.7,9.2,182.6655053
9/18/2022,35.0,25.3,29.5,40.0,25.3,32.9,73.6,0.0,0,0.0,9.4,1005.6,Partially cloudy,2576.0,1862.08,2171.2,9.7,179.3352654
9/19/2022,33.0,26.5,29.3,41.4,26.5,34.1,77.3,5.104,100,4.17,13.0,1005.9,"Rain, Partially cloudy",2550.9,2048.45,2264.89,6.5,179.9125876
9/20/2022,33.5,26.1,28.8,40.4,26.1,33.1,77.1,0.17,100,4.17,11.2,1005.8,"Rain, Partially cloudy",2582.85,2012.31,2220.48,7.4,182.8591707
9/21/2022,32.3,25.3,27.1,40.6,25.3,29.2,87.1,3.448,100,4.17,16.6,1005.7,"Rain, Partially cloudy",2813.33,2203.63,2360.41,7.0,188.0755672
9/22/2022,27.7,24.6,25.4,32.4,24.6,25.9,95.9,49.664,100,16.67,16.6,1005.2,"Rain, Overcast",2656.43,2359.14,2435.86,3.1,189.8177151
9/23/2022,27.0,24.0,25.0,31.8,24.0,25.5,98.2,47.403,100,20.83,13.0,1003.8,"Rain, Overcast",2651.4,2356.8,2455.0,3.0,189.2770459
9/24/2022,27.0,24.4,25.3,31.8,24.4,25.5,97.2,19.896,100,20.83,20.5,1002.1,"Rain, Overcast",2624.4,2371.68,2459.16,2.6,188.6663033
9/25/2022,30.0,24.7,27.0,35.2,24.7,29.3,84.8,0.0,0,0.0,11.2,1005.1,Partially cloudy,2544.0,2094.56,2289.6,5.3,190.4311799
9/26/2022,32.3,24.7,28.1,38.8,24.7,31.3,82.4,0.0,0,0.0,13.0,1008.7,Partially cloudy,2661.52,2035.28,2315.44,7.6,184.9956228
9/27/2022,33.0,24.4,28.6,37.7,24.4,31.2,76.5,0.0,0,0.0,11.2,1007.7,Partially cloudy,2524.5,1866.6,2187.9,8.6,184.1498141
9/28/2022,34.0,25.0,29.2,38.0,25.0,32.0,71.1,0.0,0,0.0,13.0,1006.5,Clear,2417.4,1777.5,2076.12,9.0,180.8800568
9/29/2022,33.3,25.0,28.8,37.2,25.0,31.6,71.6,0.0,0,0.0,14.8,1006.3,Clear,2384.28,1790.0,2062.08,8.3,183.1614555
9/30/2022,33.6,25.0,28.9,39.3,25.0,31.9,73.5,0.0,0,0.0,13.0,1006.7,Partially cloudy,2469.6,1837.5,2124.15,8.6,182.7085525
10/1/2022,33.2,25.0,29.1,37.0,25.0,31.5,72.0,0.0,0,0.0,13.0,1005.8,Clear,2390.4,1800.0,2095.2,8.2,181.5296005
10/2/2022,34.8,24.8,29.5,37.2,24.8,31.3,64.1,0.0,0,0.0,16.6,1006.1,Clear,2230.68,1589.68,1890.95,10.0,176.8667132
10/3/2022,34.1,24.0,29.0,35.8,24.0,30.2,59.4,0.0,0,0.0,24.4,1007.1,Clear,2025.54,1425.6,1722.6,10.1,175.9671183
10/4/2022,33.8,24.0,29.1,38.2,24.0,31.2,63.3,0.0,0,0.0,11.2,1008.6,Partially cloudy,2139.54,1519.2,1842.03,9.8,178.4285508
10/5/2022,33.5,25.6,28.7,39.1,25.6,31.5,69.7,0.0,0,0.0,9.4,1007.9,Partially cloudy,2334.95,1784.32,2000.39,7.9,183.3670692
10/6/2022,29.9,24.0,26.0,33.8,24.0,26.9,78.3,0.0,0,0.0,16.6,1009.2,Partially cloudy,2341.17,1879.2,2035.8,5.9,199.5936169
10/7/2022,26.2,22.9,23.9,26.2,22.9,23.9,87.3,0.3,100,8.33,16.9,1009.9,"Rain, Overcast",2287.26,1999.17,2086.47,3.3,209.4265893
10/8/2022,24.1,21.0,22.5,24.1,21.0,22.5,96.9,73.499,100,25.0,18.4,1010.5,"Rain, Overcast",2335.29,2034.9,2180.25,3.1,209.4053865
10/9/2022,24.0,21.0,22.0,24.0,21.0,22.0,99.0,29.609,100,25.0,18.4,1010.1,"Rain, Overcast",2376.0,2079.0,2178.0,3.0,210.1223836
10/10/2022,24.0,20.4,22.0,24.0,20.4,22.0,97.2,9.603,100,20.83,14.8,1011.7,"Rain, Overcast",2332.8,1982.88,2138.4,3.6,212.7676026
10/11/2022,29.0,21.5,24.8,33.6,21.5,25.7,87.1,6.124,100,8.33,9.4,1009.9,"Rain, Partially cloudy",2525.9,1872.65,2160.08,7.5,203.350436
10/12/2022,30.0,21.0,25.3,31.9,21.0,26.0,81.7,0.0,0,0.0,9.4,1011.2,Partially cloudy,2451.0,1715.7,2067.01,9.0,203.0989564
10/13/2022,31.5,20.4,25.4,31.7,20.4,25.7,72.7,0.0,0,0.0,17.6,1012.3,Clear,2290.05,1483.08,1846.58,11.1,203.2553138
10/14/2022,30.8,21.0,25.5,32.0,21.0,25.8,71.6,0.0,0,0.0,13.0,1012.1,Clear,2205.28,1503.6,1825.8,9.8,202.3658069
10/15/2022,32.0,21.0,25.8,32.0,21.0,26.1,69.8,0.0,0,0.0,13.0,1011.4,Clear,2233.6,1465.8,1800.84,11.0,199.952608
10/16/2022,32.0,20.9,26.2,32.4,20.9,26.5,61.0,0.0,0,0.0,7.6,1013.4,Clear,1952.0,1274.9,1598.2,11.1,191.6853424
10/17/2022,31.6,21.7,26.5,31.9,21.7,26.5,56.0,0.0,0,0.0,10.2,1013.5,Clear,1769.6,1215.2,1484.0,9.9,184.5126081
10/18/2022,33.0,20.0,26.0,31.7,20.0,25.8,55.6,0.0,0,0.0,7.6,1012.1,Clear,1834.8,1112.0,1445.6,13.0,186.4462377
10/19/2022,33.0,19.7,26.5,32.5,19.7,26.3,50.8,0.0,0,0.0,9.4,1011.7,Clear,1676.4,1000.76,1346.2,13.3,176.9199717
10/20/2022,33.3,19.4,26.2,33.4,19.4,26.0,54.1,0.0,0,0.0,7.6,1013.4,Clear,1801.53,1049.54,1417.42,13.9,183.3826262
10/21/2022,32.4,20.0,26.2,31.4,20.0,25.9,55.3,0.0,0,0.0,7.6,1015.7,Partially cloudy,1791.72,1106.0,1448.86,12.4,185.0580377
10/22/2022,31.0,20.0,25.2,30.7,20.0,25.0,56.8,0.0,0,0.0,13.0,1016.9,Clear,1760.8,1136.0,1431.36,11.0,192.0750755
10/23/2022,31.0,17.4,23.9,30.0,17.4,23.7,55.0,0.0,0,0.0,9.4,1015.8,Clear,1705.0,957.0,1314.5,13.6,196.1279055
10/24/2022,31.0,17.8,23.6,29.8,17.8,23.4,60.1,0.0,0,0.0,11.2,1011.1,Clear,1863.1,1069.78,1418.36,13.2,204.8232335
10/25/2022,30.0,17.3,23.8,28.9,17.3,23.6,53.7,0.0,0,0.0,16.6,1009.4,Clear,1611.0,929.01,1278.06,12.7,194.540259
10/26/2022,31.2,17.5,24.1,30.6,17.5,23.9,60.9,0.0,0,0.0,7.6,1013.1,Clear,1900.08,1065.75,1467.69,13.7,202.9844364
10/27/2022,31.0,17.8,24.3,30.2,17.8,24.1,59.7,0.0,0,0.0,9.4,1013.2,Clear,1850.7,1062.66,1450.71,13.2,200.4913201
10/28/2022,30.0,17.7,24.0,30.4,17.7,24.0,64.5,0.0,0,0.0,5.4,1013.3,Clear,1935.0,1141.65,1548.0,12.3,207.1613054
10/29/2022,30.5,18.3,23.8,30.0,18.3,23.8,68.2,0.0,0,0.0,9.2,1014.4,Clear,2080.1,1248.06,1623.16,12.2,211.1392476
10/30/2022,30.0,17.8,23.3,30.0,17.8,23.3,62.0,0.0,0,0.0,9.4,1014.6,Clear,1860.0,1103.6,1444.6,12.2,208.7270424
10/31/2022,30.0,17.7,23.4,30.0,17.7,23.4,66.0,0.0,0,0.0,6.4,1014.3,Clear,1980.0,1168.2,1544.4,12.3,211.9750287
11/1/2022,32.0,18.1,24.6,31.7,18.1,24.5,62.6,0.0,0,0.0,7.6,1014.3,Clear,2003.2,1133.06,1539.96,13.9,201.9739187
11/2/2022,30.1,18.5,24.0,30.4,18.5,24.0,64.6,0.0,0,0.0,18.4,1012.6,Clear,1944.46,1195.1,1550.4,11.6,207.2487511
11/3/2022,31.0,17.8,23.9,30.7,17.8,24.0,65.1,0.0,0,0.0,9.4,1012.2,Clear,2018.1,1158.78,1555.89,13.2,208.2621547
11/4/2022,31.0,19.1,24.4,31.5,19.1,24.6,66.9,0.0,0,0.0,7.6,1013.4,Clear,2073.9,1277.79,1632.36,11.9,206.6826077
11/5/2022,29.7,19.0,24.0,32.0,19.0,24.5,78.3,0.0,0,0.0,13.0,1015.4,Clear,2325.51,1487.7,1879.2,10.7,212.5179883
11/6/2022,30.8,19.8,24.8,32.6,19.8,25.2,72.3,0.0,0,0.0,13.0,1015.7,Clear,2226.84,1431.54,1793.04,11.0,206.8510819
11/7/2022,32.0,19.8,25.0,31.6,19.8,24.9,64.1,0.0,0,0.0,9.4,1014.6,Clear,2051.2,1269.18,1602.5,12.2,201.074338
11/8/2022,28.0,19.5,23.7,28.3,19.5,23.8,69.5,0.0,0,0.0,13.0,1015.7,Partially cloudy,1946.0,1355.25,1647.15,8.5,212.5129529
11/9/2022,29.3,19.0,23.4,29.2,19.0,23.3,60.6,0.0,0,0.0,7.6,1015.8,Partially cloudy,1775.58,1151.4,1418.04,10.3,206.5453885
11/10/2022,28.6,18.8,23.5,29.0,18.8,23.5,64.6,0.0,0,0.0,13.0,1016.8,Partially cloudy,1847.56,1214.48,1518.1,9.8,210.1788042
11/11/2022,27.7,17.0,21.8,27.2,17.0,21.8,61.9,0.0,0,0.0,20.5,1017.2,Clear,1714.63,1052.3,1349.42,10.7,217.3425732
11/12/2022,27.2,15.7,21.0,26.8,15.7,20.9,53.4,0.0,0,0.0,16.6,1016.6,Clear,1452.48,838.38,1121.4,11.5,208.4363652
11/13/2022,27.1,14.7,20.5,26.7,14.7,20.5,56.7,0.0,0,0.0,16.6,1015.2,Clear,1536.57,833.49,1162.35,12.4,217.198813
11/14/2022,29.7,15.9,22.6,28.7,15.9,22.4,55.4,0.0,0,0.0,11.2,1015.8,Partially cloudy,1645.38,880.86,1252.04,13.8,203.5345673
11/15/2022,28.5,17.9,22.0,27.9,17.9,22.0,56.5,0.0,0,0.0,9.4,1015.6,Partially cloudy,1610.25,1011.35,1243.0,10.6,208.5465553
11/16/2022,26.5,15.7,20.6,26.5,15.7,20.6,52.9,0.0,0,0.0,16.6,1014.8,Clear,1401.85,830.53,1089.74,10.8,209.5684391
11/17/2022,24.8,14.0,18.7,24.8,14.0,18.7,57.4,0.0,0,0.0,18.4,1014.7,Clear,1423.52,803.6,1073.38,10.8,228.8310086
11/18/2022,25.2,12.4,18.6,25.2,12.4,18.6,54.3,0.0,0,0.0,14.8,1016.0,Clear,1368.36,673.32,1009.98,12.8,223.346624
11/19/2022,25.8,12.5,18.7,25.8,12.5,18.7,54.7,0.0,0,0.0,9.4,1016.6,Partially cloudy,1411.26,683.75,1022.89,13.3,223.6070191
11/20/2022,25.8,12.4,18.7,25.8,12.4,18.7,55.7,0.0,0,0.0,11.2,1015.1,Clear,1437.06,690.68,1041.59,13.4,225.6090911
11/21/2022,26.0,12.3,18.6,26.0,12.3,18.6,58.5,0.0,0,0.0,14.8,1014.1,Clear,1521.0,719.55,1088.1,13.7,231.3947691
11/22/2022,25.7,13.0,18.6,25.7,13.0,18.6,54.4,0.0,0,0.0,14.8,1014.1,Clear,1398.08,707.2,1011.84,12.7,223.5545003
11/23/2022,26.1,11.7,18.5,26.1,11.7,18.5,49.6,0.0,0,0.0,18.4,1014.4,Clear,1294.56,580.32,917.6,14.4,213.1995939
11/24/2022,26.3,11.0,18.3,26.3,11.0,18.3,51.3,0.0,0,0.0,11.2,1014.3,Clear,1349.19,564.3,938.79,15.3,218.3485089
11/25/2022,26.5,10.9,18.3,26.5,10.9,18.3,54.6,0.0,0,0.0,11.2,1016.6,Clear,1446.9,595.14,999.18,15.6,225.6706354
11/26/2022,27.5,10.5,18.2,26.2,10.5,18.1,56.4,0.0,0,0.0,13.0,1013.6,Clear,1551.0,592.2,1026.48,17.0,229.8850067
11/27/2022,26.4,11.1,17.6,26.4,11.1,17.6,61.6,0.0,0,0.0,7.6,1011.7,Clear,1626.24,683.76,1084.16,15.3,242.7786729
11/28/2022,25.5,10.7,17.8,25.5,10.7,17.8,61.5,0.0,0,0.0,6.9,1013.1,Clear,1568.25,658.05,1094.7,14.8,241.3432113
11/29/2022,25.0,10.2,17.5,25.0,10.2,17.5,65.3,0.0,0,0.0,5.4,1015.3,Clear,1632.5,666.06,1142.75,14.8,248.7721932
11/30/2022,25.2,11.6,17.5,25.2,11.6,17.5,65.9,0.0,0,0.0,11.2,1016.5,Clear,1660.68,764.44,1153.25,13.6,249.5357034
12/1/2022,24.7,10.9,17.4,24.7,10.9,17.4,69.0,0.0,0,0.0,13.0,1015.4,Clear,1704.3,752.1,1200.6,13.8,253.7168653
12/2/2022,25.8,10.9,17.8,25.8,10.9,17.8,65.4,0.0,0,0.0,6.9,1014.3,Partially cloudy,1687.32,712.86,1164.12,14.9,246.8892259
12/3/2022,25.1,11.1,17.7,25.1,11.1,17.7,70.0,0.0,0,0.0,5.4,1015.1,Clear,1757.0,777.0,1239.0,14.0,252.5602734
12/4/2022,24.4,11.9,17.5,24.4,11.9,17.5,74.1,14.935,100,4.17,9.4,1015.7,Rain,1808.04,881.79,1296.75,12.5,257.0477002
12/5/2022,24.4,10.8,16.7,24.4,10.8,16.7,69.3,0.0,0,0.0,10.4,1017.3,Clear,1690.92,748.44,1157.31,13.6,258.974942
12/6/2022,23.0,10.5,16.0,23.0,10.5,16.0,70.7,0.0,0,0.0,15.0,1016.2,Clear,1626.1,742.35,1131.2,12.5,265.4396603
12/7/2022,23.7,10.9,16.2,23.7,10.9,16.2,67.3,0.0,0,0.0,18.4,1015.3,Clear,1595.01,733.57,1090.26,12.8,260.2540866
12/8/2022,24.0,10.9,17.1,24.0,10.9,17.1,62.6,0.0,0,0.0,16.6,1016.0,Clear,1502.4,682.34,1070.46,13.1,247.5849965
12/9/2022,25.6,10.8,17.6,25.6,10.8,17.6,62.2,0.0,0,0.0,14.8,1014.9,Clear,1592.32,671.76,1094.72,14.8,243.7169315
12/10/2022,26.1,10.9,17.6,26.1,10.9,17.6,69.3,0.0,0,0.0,11.2,1015.2,Clear,1808.73,755.37,1219.68,15.2,252.6096798
12/11/2022,26.5,11.2,18.0,26.5,11.2,18.0,67.0,0.0,0,0.0,11.2,1015.6,Clear,1775.5,750.4,1206.0,15.3,247.4504336
12/12/2022,25.7,10.8,17.6,25.7,10.8,17.6,61.0,0.0,0,0.0,13.0,1014.8,Clear,1567.7,658.8,1073.6,14.9,241.8113091
12/13/2022,25.5,10.5,17.7,25.5,10.5,17.7,55.3,0.0,0,0.0,18.4,1016.1,Clear,1410.15,580.65,978.81,15.0,230.5867741
12/14/2022,23.5,11.0,16.6,23.5,11.0,16.6,57.3,0.0,0,0.0,16.6,1016.0,Clear,1346.55,630.3,951.18,12.5,241.2815635
12/15/2022,22.6,8.9,15.0,22.6,8.7,15.0,56.4,0.0,0,0.0,13.0,1014.9,Clear,1274.64,501.96,846.0,13.7,249.2475288
12/16/2022,22.6,10.0,15.1,22.6,10.0,15.1,58.5,0.0,0,0.0,11.2,1014.0,Clear,1322.1,585.0,883.35,12.6,253.1583108
12/17/2022,23.0,8.9,15.2,23.0,8.9,15.2,61.7,0.0,0,0.0,11.2,1015.7,Clear,1419.1,549.13,937.84,14.1,258.6760088
12/18/2022,23.0,8.9,15.1,23.0,8.9,15.1,71.7,0.0,0,0.0,11.2,1016.0,Clear,1649.1,638.13,1082.67,14.1,273.0913442
12/19/2022,21.9,8.9,14.7,21.9,8.5,14.6,74.7,0.0,0,0.0,7.6,1014.7,Clear,1635.93,664.83,1098.09,13.0,278.6735955
12/20/2022,22.1,8.0,13.7,22.1,6.8,13.6,79.0,0.0,0,0.0,10.6,1014.0,Partially cloudy,1745.9,632.0,1082.3,14.1,289.17123
12/21/2022,19.7,9.0,13.6,19.7,9.0,13.6,81.3,0.0,0,0.0,9.4,1015.3,Clear,1601.61,731.7,1105.68,10.7,290.7492003
12/22/2022,19.1,8.0,12.4,19.1,6.8,12.2,84.2,0.0,0,0.0,9.4,1015.2,Partially cloudy,1608.22,673.6,1044.08,11.1,301.460674
12/23/2022,19.1,8.0,12.6,19.1,7.4,12.5,80.5,0.0,0,0.0,9.4,1014.3,Partially cloudy,1537.55,644.0,1014.3,11.1,298.9827382
12/24/2022,18.6,7.0,11.8,18.6,5.6,11.5,80.9,0.0,0,0.0,13.0,1015.9,Clear,1504.74,566.3,954.62,11.6,306.0087132
12/25/2022,15.1,6.0,10.0,15.1,3.6,9.1,90.1,94.507,100,4.17,16.6,1016.7,Rain,1360.51,540.6,901.0,9.1,322.5180344
12/26/2022,13.0,7.0,9.0,13.0,5.2,8.4,95.6,0.0,0,0.0,9.4,1018.6,Partially cloudy,1242.8,669.2,860.4,6.0,329.0270953
12/27/2022,16.3,7.0,10.3,16.3,4.8,9.7,88.7,0.0,0,0.0,14.2,1018.2,Partially cloudy,1445.81,620.9,913.61,9.3,320.1024243
12/28/2022,21.4,7.0,13.2,21.4,5.6,12.8,74.1,0.0,0,0.0,19.4,1017.5,Clear,1585.74,518.7,978.12,14.4,290.0408939
12/29/2022,22.9,9.7,14.9,22.9,9.7,14.9,68.8,0.0,0,0.0,11.2,1018.3,Partially cloudy,1575.52,667.36,1025.12,13.2,271.4442032
12/30/2022,21.9,12.0,15.6,21.9,12.0,15.6,75.2,0.0,0,0.0,13.0,1018.7,Partially cloudy,1646.88,902.4,1173.12,9.9,272.0244548
12/31/2022,18.5,9.8,13.9,18.5,9.8,13.9,84.9,0.0,0,0.0,18.4,1019.7,Clear,1570.65,832.02,1180.11,8.7,288.4206403
1/1/2023,20.1,7.9,13.4,20.1,7.9,13.3,79.8,0.0,0,0.0,9.4,1020.6,Partially cloudy,1603.98,630.42,1069.32,12.2,291.9780853
1/2/2023,17.0,9.0,12.4,17.0,8.5,12.4,87.9,0.0,0,0.0,9.4,1021.4,Clear,1494.3,791.1,1089.96,8.0,301.011319
1/3/2023,15.3,7.9,11.2,15.3,7.9,11.0,85.6,0.0,0,0.0,9.4,1022.2,Partially cloudy,1309.68,676.24,958.72,7.4,312.1913396
1/4/2023,15.0,6.9,9.6,15.0,4.8,9.0,90.1,0.0,0,0.0,11.2,1022.2,Clear,1351.5,621.69,864.96,8.1,326.341633
1/5/2023,17.0,5.8,9.7,17.0,5.6,9.4,83.0,0.0,0,0.0,8.7,1023.7,Partially cloudy,1411.0,481.4,805.1,11.2,325.4576717
1/6/2023,14.7,6.1,9.1,14.7,6.1,8.9,87.7,0.0,0,0.0,11.2,1024.2,Partially cloudy,1289.19,534.97,798.07,8.6,331.6313353
1/7/2023,14.2,5.0,8.3,14.2,2.4,7.8,89.2,0.0,0,0.0,11.2,1022.1,Partially cloudy,1266.64,446.0,740.36,9.2,339.1616511
1/8/2023,16.8,4.0,9.6,16.8,2.8,9.0,85.3,0.0,0,0.0,9.4,1019.5,Partially cloudy,1433.04,341.2,818.88,12.8,326.8800358
1/9/2023,17.7,6.5,11.0,17.7,6.5,11.0,91.8,0.0,0,0.0,7.6,1020.2,Partially cloudy,1624.86,596.7,1009.8,11.2,312.25065
1/10/2023,17.0,7.0,11.1,17.0,5.6,10.7,88.6,0.0,0,0.0,11.8,1019.3,Partially cloudy,1506.2,620.2,983.46,10.0,312.6699848
1/11/2023,19.0,6.7,11.9,19.0,6.4,11.6,87.6,0.0,0,0.0,18.4,1014.8,Partially cloudy,1664.4,586.92,1042.44,12.3,305.6016262
1/12/2023,20.7,10.0,14.4,20.7,9.1,14.3,87.0,84.214,100,4.17,14.8,1012.2,"Rain, Partially cloudy",1800.9,870.0,1252.8,10.7,283.6894741
1/13/2023,21.0,12.0,15.1,21.0,12.0,15.1,90.5,0.0,0,0.0,13.0,1013.3,Partially cloudy,1900.5,1086.0,1366.55,9.0,275.9769901
1/14/2023,17.7,10.0,13.0,17.7,8.7,12.9,82.0,0.0,0,0.0,18.4,1016.5,Partially cloudy,1451.4,820.0,1066.0,7.7,295.989083
1/15/2023,16.4,5.0,10.5,16.4,3.3,10.0,59.6,0.0,0,0.0,21.1,1015.5,Clear,977.44,298.0,625.8,11.4,286.6558388
1/16/2023,17.6,4.8,10.6,17.6,3.3,10.4,61.2,0.0,0,0.0,13.0,1016.8,Clear,1077.12,293.76,648.72,12.8,289.6966391
1/17/2023,18.7,4.9,11.3,18.7,3.9,11.0,55.1,0.0,0,0.0,14.8,1017.4,Clear,1030.37,269.99,622.63,13.8,269.5655967
1/18/2023,18.4,5.6,11.0,18.4,5.6,11.0,60.1,0.0,0,0.0,11.2,1019.3,Clear,1105.84,336.56,661.1,12.8,284.311154
1/19/2023,21.1,7.1,14.3,21.1,7.1,14.3,54.4,0.0,0,0.0,7.6,1019.0,Partially cloudy,1147.84,386.24,777.92,14.0,248.8103131
1/20/2023,22.6,11.0,16.2,22.6,11.0,16.2,62.1,0.0,0,0.0,13.0,1017.3,Partially cloudy,1403.46,683.1,1006.02,11.6,252.7058082
1/21/2023,22.4,9.3,15.1,22.4,9.3,15.1,80.0,0.0,0,0.0,7.6,1016.8,Clear,1792.0,744.0,1208.0,13.1,278.0599047
1/22/2023,23.0,10.0,15.6,23.0,10.0,15.6,72.4,0.0,0,0.0,9.4,1016.0,Partially cloudy,1665.2,724.0,1129.44,13.0,269.9598824
1/23/2023,24.8,10.0,16.6,24.8,10.0,16.6,68.2,0.0,0,0.0,11.2,1015.3,Partially cloudy,1691.36,682.0,1132.12,14.8,258.495807
1/24/2023,20.6,13.8,17.1,20.6,13.8,17.1,81.5,0.0,0,0.0,16.6,1014.1,Partially cloudy,1678.9,1124.7,1393.65,6.8,262.2844056
1/25/2023,18.6,12.4,15.5,18.6,12.4,15.5,91.8,0.0,0,0.0,11.2,1015.9,Partially cloudy,1707.48,1138.32,1422.9,6.2,271.6018359
1/26/2023,16.2,12.0,14.2,16.2,12.0,14.2,94.1,0.0,0,0.0,14.8,1018.5,Partially cloudy,1524.42,1129.2,1336.22,4.2,281.1009463
1/27/2023,19.8,7.0,12.9,19.8,5.6,12.7,65.8,0.0,0,0.0,16.6,1018.3,Clear,1302.84,460.6,848.82,12.8,281.8837623
1/28/2023,22.6,5.0,13.5,22.6,2.1,12.9,68.6,0.0,0,0.0,13.0,1015.2,Clear,1550.36,343.0,926.1,17.6,281.5910803
1/29/2023,17.0,9.4,13.0,17.0,9.4,13.0,91.8,6.597,100,8.33,14.8,1014.9,"Rain, Partially cloudy",1560.6,862.92,1193.4,7.6,293.7385589
1/30/2023,18.6,12.0,14.5,18.6,12.0,14.5,93.5,14.299,100,12.5,27.7,1018.2,"Rain, Partially cloudy",1739.1,1122.0,1355.75,6.6,278.9609873
1/31/2023,19.4,12.0,14.7,19.4,12.0,14.7,92.9,0.0,0,0.0,19.7,1018.9,Partially cloudy,1802.26,1114.8,1365.63,7.4,277.7021881
2/1/2023,20.0,10.0,14.2,20.0,7.9,14.0,82.0,0.0,0,0.0,18.4,1017.8,Partially cloudy,1640.0,820.0,1164.4,10.0,285.8419662
2/2/2023,23.6,9.0,15.8,23.6,7.9,15.7,68.0,0.0,0,0.0,18.4,1016.5,Clear,1604.8,612.0,1074.4,14.6,263.9508846
2/3/2023,23.3,9.0,16.2,23.3,8.5,16.2,68.8,0.0,0,0.0,14.8,1016.4,Clear,1603.04,619.2,1114.56,14.3,262.0141609
2/4/2023,24.7,11.5,17.2,24.7,11.5,17.2,65.8,0.0,0,0.0,18.4,1014.0,Clear,1625.26,756.7,1131.76,13.2,251.4439373
2/5/2023,25.0,12.0,17.5,25.0,12.0,17.5,67.1,0.0,0,0.0,14.8,1012.7,Clear,1677.5,805.2,1174.25,13.0,250.975239
2/6/2023,27.8,11.3,19.7,27.4,11.3,19.6,65.2,0.0,0,0.0,9.6,1011.8,Clear,1812.56,736.76,1284.44,16.5,234.1914202
2/7/2023,24.8,13.0,18.4,24.8,13.0,18.4,70.0,0.0,0,0.0,17.3,1011.7,Clear,1736.0,910.0,1288.0,11.8,247.66106
2/8/2023,24.0,11.0,16.9,24.0,11.0,16.9,60.1,0.0,0,0.0,17.3,1014.1,Clear,1442.4,661.1,1015.69,13.0,244.7258742
2/9/2023,28.2,11.0,19.3,27.2,11.0,19.2,60.8,0.0,0,0.0,11.2,1012.6,Clear,1714.56,668.8,1173.44,17.2,230.890356
2/10/2023,28.8,14.0,21.2,28.2,14.0,21.0,61.0,0.0,0,0.0,9.6,1011.3,Clear,1756.8,854.0,1293.2,14.8,219.7355569
2/11/2023,26.8,15.6,20.1,26.9,15.6,20.1,74.9,0.0,0,0.0,17.3,1013.6,Clear,2007.32,1168.44,1505.49,11.2,238.7240459
2/12/2023,23.0,12.0,17.3,23.0,12.0,17.3,49.7,0.0,0,0.0,23.8,1017.9,Clear,1143.1,596.4,859.81,11.0,219.7449213
2/13/2023,22.1,9.0,15.5,22.1,6.5,15.1,41.8,0.0,0,0.0,29.7,1016.1,Clear,923.78,376.2,647.9,13.1,204.93188
2/14/2023,25.2,10.5,17.2,25.2,10.5,17.2,43.2,0.0,0,0.0,18.4,1015.9,Clear,1088.64,453.6,743.04,14.7,201.7087182
2/15/2023,27.0,11.0,18.6,26.4,11.0,18.5,52.7,0.0,0,0.0,16.6,1013.4,Clear,1422.9,579.7,980.22,16.0,219.9127753
2/16/2023,27.4,12.8,19.8,27.5,12.8,19.8,67.8,0.0,0,0.0,7.6,1014.9,Clear,1857.72,867.84,1342.44,14.6,236.2177565
2/17/2023,28.3,15.3,21.1,28.2,15.3,21.1,72.5,0.0,0,0.0,10.1,1016.0,Partially cloudy,2051.75,1109.25,1529.75,13.0,230.8377941
2/18/2023,28.8,14.3,21.0,28.5,14.3,20.9,70.9,0.0,0,0.0,11.2,1015.4,Partially cloudy,2041.92,1013.87,1488.9,14.5,230.6368543
2/19/2023,29.9,14.4,21.7,29.5,14.4,21.6,69.3,0.0,0,0.0,9.0,1014.3,Partially cloudy,2072.07,997.92,1503.81,15.5,225.0218904
2/20/2023,32.0,15.7,23.3,31.2,15.7,23.1,63.3,0.0,0,0.0,13.0,1011.3,Partially cloudy,2025.6,993.81,1474.89,16.3,210.1043156
2/21/2023,30.5,17.0,22.8,30.4,17.0,22.8,67.4,0.0,0,0.0,13.0,1010.7,Clear,2055.7,1145.8,1536.72,13.5,216.7201137
2/22/2023,27.2,16.0,21.3,27.9,16.0,21.3,71.5,0.0,0,0.0,10.1,1012.8,Partially cloudy,1944.8,1144.0,1522.95,11.2,228.9883193
2/23/2023,28.5,15.0,21.0,27.2,15.0,20.8,60.9,0.0,0,0.0,16.6,1013.0,Clear,1735.65,913.5,1278.9,13.5,220.784776
2/24/2023,29.3,13.3,20.7,27.8,13.3,20.5,58.3,0.0,0,0.0,13.7,1014.8,Partially cloudy,1708.19,775.39,1206.81,16.0,218.7060521
2/25/2023,29.7,14.3,21.7,28.7,14.3,21.5,61.2,0.0,0,0.0,9.4,1016.6,Clear,1817.64,875.16,1328.04,15.4,217.0525426
2/26/2023,31.2,15.4,23.3,30.0,15.4,23.0,56.3,0.0,0,0.0,9.4,1017.9,Clear,1756.56,867.02,1311.79,15.8,201.2507591
2/27/2023,31.5,16.7,23.5,30.0,16.7,23.2,57.0,0.0,0,0.0,11.2,1017.6,Clear,1795.5,951.9,1339.5,14.8,201.2277849
2/28/2023,30.0,16.0,22.8,28.6,16.0,22.5,55.1,0.0,0,0.0,18.4,1017.7,Partially cloudy,1653.0,881.6,1256.28,14.0,201.9877264
3/1/2023,29.0,19.0,23.3,28.8,19.0,23.1,46.8,0.06,100,8.33,14.8,1019.0,"Rain, Partially cloudy",1357.2,889.2,1090.44,10.0,183.5880148
3/2/2023,30.5,16.7,23.5,29.4,16.7,23.2,56.6,0.0,0,0.0,13.0,1019.1,Clear,1726.3,945.22,1330.1,13.8,200.641879
3/3/2023,31.0,17.0,23.6,29.7,17.0,23.3,59.3,0.0,0,0.0,14.2,1019.5,Clear,1838.3,1008.1,1399.48,14.0,203.8239809
3/4/2023,26.0,18.6,22.3,26.0,18.6,22.3,57.3,0.0,0,0.0,17.4,1019.8,Partially cloudy,1489.8,1065.78,1277.79,7.4,208.1603219
3/5/2023,30.2,17.6,23.5,29.4,17.6,23.2,55.0,0.0,0,0.0,15.1,1018.5,Partially cloudy,1661.0,968.0,1292.5,12.6,198.1834559
3/6/2023,29.6,17.0,23.1,28.6,17.0,22.9,57.2,0.0,0,0.0,18.4,1016.2,Clear,1693.12,972.4,1321.32,12.6,203.6618434
3/7/2023,30.4,17.4,23.5,28.9,17.4,23.1,50.3,0.0,0,0.0,14.2,1015.8,Partially cloudy,1529.12,875.22,1182.05,13.0,189.8995827
3/8/2023,29.2,17.2,23.4,28.4,17.2,23.2,51.6,0.0,0,0.0,13.0,1016.9,Partially cloudy,1506.72,887.52,1207.44,12.0,192.836761
3/9/2023,29.2,18.7,23.9,28.5,18.7,23.7,51.0,0.0,0,0.0,13.0,1017.0,Partially cloudy,1489.2,953.7,1218.9,10.5,189.3160308
3/10/2023,29.9,17.3,23.7,29.4,17.3,23.6,60.7,0.0,0,0.0,14.8,1015.9,Clear,1814.93,1050.11,1438.59,12.6,204.9832195
3/11/2023,31.6,18.0,24.5,29.9,18.0,24.0,53.1,0.0,0,0.0,13.0,1015.6,Clear,1677.96,955.8,1300.95,13.6,190.0789007
3/12/2023,33.1,17.3,25.3,31.9,17.3,24.7,46.2,0.0,0,0.0,11.2,1014.9,Clear,1529.22,799.26,1168.86,15.8,173.6656988
3/13/2023,33.0,18.9,25.7,31.8,18.9,25.3,50.6,0.0,0,0.0,13.0,1013.5,Partially cloudy,1669.8,956.34,1300.42,14.1,180.2056324
3/14/2023,32.7,20.0,25.8,31.7,20.0,25.5,54.9,0.0,0,0.0,14.8,1010.7,Clear,1795.23,1098.0,1416.42,12.7,186.4621152
3/15/2023,33.5,19.5,26.2,32.0,19.5,25.6,49.9,0.0,0,0.0,8.8,1009.6,Partially cloudy,1671.65,973.05,1307.38,14.0,176.7512107
3/16/2023,32.4,21.7,26.3,30.9,21.7,25.8,44.6,0.0,0,0.0,14.8,1010.4,Partially cloudy,1445.04,967.82,1172.98,10.7,166.2823482
3/17/2023,29.0,19.7,24.2,27.9,19.7,24.1,49.3,0.0,0,0.0,11.2,1012.0,Partially cloudy,1429.7,971.21,1193.06,9.3,184.6943609
3/18/2023,25.0,18.0,20.7,25.0,18.0,20.7,80.7,4.298,100,20.83,19.0,1011.4,"Rain, Overcast",2017.5,1452.6,1670.49,7.0,235.1276002
3/19/2023,26.0,17.0,20.8,26.0,17.0,20.8,84.0,5.331,100,8.33,15.9,1009.3,"Rain, Partially cloudy",2184.0,1428.0,1747.2,9.0,233.5830631
3/20/2023,25.7,16.0,20.0,25.7,16.0,20.0,81.4,10.896,100,8.33,25.9,1008.1,"Rain, Partially cloudy",2091.98,1302.4,1628.0,9.7,240.1636891
3/21/2023,24.0,16.0,19.9,24.0,16.0,19.9,81.5,0.0,0,0.0,7.6,1009.3,Partially cloudy,1956.0,1304.0,1621.85,8.0,240.8904172
3/22/2023,28.0,16.2,21.2,27.6,16.2,21.2,74.5,0.0,0,0.0,14.8,1010.8,Partially cloudy,2086.0,1206.9,1579.4,11.8,230.9629188
3/23/2023,29.6,17.0,23.4,28.8,17.0,23.2,61.3,0.0,0,0.0,12.7,1009.4,Partially cloudy,1814.48,1042.1,1434.42,12.6,207.367509
3/24/2023,28.0,19.0,22.2,28.1,19.0,22.2,71.5,10.597,100,8.33,18.4,1009.1,"Rain, Partially cloudy",2002.0,1358.5,1587.3,9.0,223.0667994
3/25/2023,28.7,17.0,22.8,29.0,17.0,22.8,70.7,0.0,0,0.0,16.6,1011.8,Partially cloudy,2029.09,1201.9,1611.96,11.7,218.7984547
3/26/2023,30.1,18.2,24.2,28.9,18.2,23.9,51.4,0.0,0,0.0,14.8,1011.6,Clear,1547.14,935.48,1243.88,11.9,188.6101755
3/27/2023,27.9,18.0,23.0,27.4,18.0,22.9,58.9,0.0,0,0.0,17.2,1010.8,Clear,1643.31,1060.2,1354.7,9.9,206.606122
3/28/2023,30.1,17.6,24.1,29.1,17.6,23.8,52.6,0.0,0,0.0,18.5,1010.4,Partially cloudy,1583.26,925.76,1267.66,12.5,191.1966261
3/29/2023,32.5,18.5,24.9,31.6,18.5,24.5,53.3,7.716,100,4.17,20.5,1010.8,"Rain, Partially cloudy",1732.25,986.05,1327.17,14.0,188.4506942
3/30/2023,31.9,18.0,23.5,31.5,18.0,23.4,63.6,15.403,100,8.33,26.8,1009.3,"Rain, Partially cloudy",2028.84,1144.8,1494.6,13.9,209.2378127
3/31/2023,26.6,17.2,20.7,26.6,17.2,20.7,81.2,0.712,100,8.33,10.7,1008.9,"Rain, Partially cloudy",2159.92,1396.64,1680.84,9.4,235.0588638
4/1/2023,28.0,17.0,21.0,27.8,17.0,21.1,79.7,3.149,100,4.17,13.0,1009.7,"Rain, Partially cloudy",2231.6,1354.9,1673.7,11.0,233.0554434
4/2/2023,29.2,17.2,23.3,29.3,17.2,23.3,68.0,0.0,0,0.0,18.4,1008.6,Partially cloudy,1985.6,1169.6,1584.4,12.0,214.0677318
4/3/2023,31.1,18.8,24.7,31.0,18.8,24.7,59.8,0.0,0,0.0,14.8,1007.2,Clear,1859.78,1124.24,1477.06,12.3,198.4406166
4/4/2023,30.0,18.3,24.5,29.2,18.3,24.2,57.9,13.61,100,8.33,18.8,1009.7,"Rain, Partially cloudy",1737.0,1059.57,1418.55,11.7,197.165255
4/5/2023,32.0,18.0,25.0,29.8,18.0,24.5,47.2,0.0,0,0.0,14.8,1010.3,Clear,1510.4,849.6,1180.0,14.0,176.9783219
4/6/2023,32.0,18.8,25.8,30.2,18.8,25.1,37.6,0.0,0,0.0,14.8,1012.5,Partially cloudy,1203.2,706.88,970.08,13.2,151.781165
4/7/2023,32.9,18.2,26.1,30.7,18.2,25.3,34.6,0.0,0,0.0,16.6,1014.2,Clear,1138.34,629.72,903.06,14.7,142.794483
4/8/2023,33.1,19.0,26.4,30.9,19.0,25.6,30.3,0.0,0,0.0,14.8,1014.6,Clear,1002.93,575.7,799.92,14.1,129.5241404
4/9/2023,35.0,18.2,27.3,32.3,18.2,26.3,31.5,0.0,0,0.0,14.8,1014.6,Clear,1102.5,573.3,859.95,16.8,130.7837309
4/10/2023,34.1,18.2,27.1,31.8,18.2,26.1,31.0,0.0,0,0.0,14.8,1012.7,Partially cloudy,1057.1,564.2,840.1,15.9,129.8544565
4/11/2023,36.2,19.2,28.5,34.6,19.2,27.4,31.0,0.0,0,0.0,16.6,1011.9,Clear,1122.2,595.2,883.5,17.0,126.3999587
4/12/2023,36.0,23.5,29.6,33.6,23.5,28.6,32.1,0.0,0,0.0,18.4,1011.4,Partially cloudy,1155.6,754.35,950.16,12.5,126.616525
4/13/2023,38.0,21.3,30.4,35.3,21.3,29.1,29.3,0.0,0,0.0,14.8,1009.5,Partially cloudy,1113.4,624.09,890.72,16.7,117.4871211
4/14/2023,38.3,22.6,30.9,36.0,22.6,29.5,26.3,0.0,0,0.0,16.6,1008.8,Partially cloudy,1007.29,594.38,812.67,15.7,108.376645
4/15/2023,40.1,22.9,32.3,38.1,22.9,30.8,24.7,0.0,0,0.0,10.6,1008.1,Clear,990.47,565.63,797.81,17.2,101.657793
4/16/2023,40.0,24.9,32.9,38.5,24.9,31.6,26.4,0.0,0,0.0,14.8,1007.0,Partially cloudy,1056.0,657.36,868.56,15.1,105.1631895
4/17/2023,40.0,23.9,32.3,38.7,23.9,31.2,30.0,0.0,0,0.0,13.2,1007.2,Partially cloudy,1200.0,717.0,969.0,16.1,115.2277547
4/18/2023,39.0,24.5,32.9,38.5,24.5,32.1,31.6,0.0,0,0.0,14.9,1008.3,Partially cloudy,1232.4,774.2,1039.64,14.5,117.6530812
4/19/2023,37.3,25.0,31.4,37.9,25.0,30.9,35.1,0.0,0,0.0,18.4,1006.0,Partially cloudy,1309.23,877.5,1102.14,12.3,129.0993566
4/20/2023,34.8,25.0,29.2,34.4,25.0,28.8,40.0,1.023,100,4.17,27.7,1003.2,"Rain, Partially cloudy",1392.0,1000.0,1168.0,9.8,146.1693568
4/21/2023,35.5,23.0,29.2,33.7,23.0,28.3,35.1,0.0,0,0.0,17.3,1004.2,Partially cloudy,1246.05,807.3,1024.92,12.5,135.1241858
4/22/2023,35.5,22.7,29.5,33.8,22.7,28.3,29.1,0.0,0,0.0,18.4,1005.4,Partially cloudy,1033.05,660.57,858.45,12.8,118.8809113
4/23/2023,31.0,24.0,27.1,29.0,24.0,26.4,28.2,0.0,0,0.0,18.4,1007.5,Partially cloudy,874.2,676.8,764.22,7.0,121.4786515
4/24/2023,33.2,22.0,26.9,32.0,22.0,26.3,35.0,0.0,0,0.0,16.6,1010.5,Partially cloudy,1162.0,770.0,941.5,11.2,141.5080003
4/25/2023,34.0,21.7,27.6,32.8,21.7,26.9,36.3,0.0,0,0.0,16.6,1011.8,Partially cloudy,1234.2,787.71,1001.88,12.3,142.7530304
4/26/2023,35.9,22.6,29.1,35.0,22.6,28.3,35.5,0.0,0,0.0,9.4,1008.5,Partially cloudy,1274.45,802.3,1033.05,13.3,136.3684162
4/27/2023,37.8,23.0,29.9,36.5,23.0,29.0,33.6,0.0,0,0.0,14.8,1007.9,Partially cloudy,1270.08,772.8,1004.64,14.8,129.5937268
4/28/2023,34.0,24.0,28.3,33.3,24.0,27.9,40.3,0.0,0,0.0,19.8,1009.0,Partially cloudy,1370.2,967.2,1140.49,10.0,149.8160345
4/29/2023,32.7,23.8,27.9,34.8,23.8,27.9,43.4,0.0,0,0.0,15.2,1008.3,Partially cloudy,1419.18,1032.92,1210.86,8.9,157.6973364
4/30/2023,30.2,22.3,26.0,29.4,22.3,26.0,55.6,0.255,100,4.17,14.8,1007.3,"Rain, Overcast",1679.12,1239.88,1445.6,7.9,186.4462377
5/1/2023,24.9,20.0,21.7,24.9,20.0,21.7,89.7,11.969,100,8.33,14.8,1007.9,"Rain, Partially cloudy",2233.53,1794.0,1946.49,4.9,223.436826
5/2/2023,27.8,21.0,23.4,29.2,21.0,23.6,82.1,0.1,100,4.17,15.5,1009.3,"Rain, Partially cloudy",2282.38,1724.1,1921.14,6.8,215.7190219
5/3/2023,29.8,19.7,22.8,32.4,19.7,23.1,85.4,27.311,100,12.5,18.4,1010.4,"Rain, Partially cloudy",2544.92,1682.38,1947.12,10.1,218.4231331
5/4/2023,31.0,18.6,24.6,32.1,18.6,24.7,71.2,0.0,0,0.0,9.4,1010.2,Partially cloudy,2207.2,1324.32,1751.52,12.4,207.7299331
5/5/2023,33.1,21.7,27.9,33.9,21.7,28.2,56.9,0.0,0,0.0,11.2,1008.2,Partially cloudy,1883.39,1234.73,1587.51,11.4,178.7856093
5/6/2023,35.0,23.0,28.6,33.8,23.0,28.4,49.4,0.0,0,0.0,27.7,1006.5,Partially cloudy,1729.0,1136.2,1412.84,12.0,165.5929378
5/7/2023,37.0,22.9,29.4,38.3,22.9,29.4,46.3,3.492,100,4.17,15.3,1005.4,"Rain, Partially cloudy",1713.1,1060.27,1361.22,14.1,157.3706046
5/8/2023,35.6,23.1,29.2,37.6,23.1,29.2,53.0,0.0,0,0.0,20.5,1004.7,Partially cloudy,1886.8,1224.3,1547.6,12.5,168.1168573
5/9/2023,37.0,22.5,30.3,34.9,22.5,29.2,35.8,0.0,0,0.0,14.8,1007.0,Clear,1324.6,805.5,1084.74,14.5,133.6649723
5/10/2023,36.1,24.0,30.5,34.1,24.0,29.1,24.8,0.0,0,0.0,14.8,1006.7,Clear,895.28,595.2,756.4,12.1,104.7964729
5/11/2023,39.4,22.1,31.1,36.6,22.1,30.0,29.0,0.0,0,0.0,12.6,1007.2,Clear,1142.6,640.9,901.9,17.3,115.2321369
5/12/2023,41.0,22.9,32.8,38.5,22.9,31.5,27.9,0.0,0,0.0,13.0,1005.8,Clear,1143.9,638.91,915.12,18.1,109.1121639
5/13/2023,40.1,25.1,33.5,41.8,25.1,32.9,31.6,0.0,0,0.0,14.8,1005.1,Clear,1267.16,793.16,1058.6,15.0,116.3274112
5/14/2023,40.0,28.5,33.6,42.4,28.4,33.1,30.8,0.0,0,0.0,14.8,1002.3,Partially cloudy,1232.0,877.8,1034.88,11.5,114.3437479
5/15/2023,41.0,27.0,33.9,40.9,27.0,32.9,27.6,0.0,0,0.0,21.3,1002.0,Partially cloudy,1131.6,745.2,935.64,14.0,106.3870406
5/16/2023,39.0,28.0,33.4,39.6,27.8,32.8,30.4,0.0,0,0.0,22.9,1004.1,Partially cloudy,1185.6,851.2,1015.36,11.0,113.8625147
5/17/2023,40.2,27.3,33.3,41.7,28.0,33.0,33.3,0.0,0,0.0,14.8,1005.3,Partially cloudy,1338.66,909.09,1108.89,12.9,120.4452828
5/18/2023,36.0,24.0,29.8,38.8,24.0,30.4,50.9,8.536,100,8.33,33.5,1009.6,"Rain, Partially cloudy",1832.4,1221.6,1516.82,12.0,162.7756027
5/19/2023,38.0,25.1,32.1,37.1,25.1,31.6,39.2,0.0,0,0.0,19.6,1006.8,Clear,1489.6,983.92,1258.32,12.9,135.4654946
5/20/2023,40.0,25.1,33.5,40.4,25.1,33.0,32.9,0.0,0,0.0,14.8,1004.5,Clear,1316.0,825.79,1102.15,14.9,119.1301533
5/21/2023,42.2,26.1,35.7,43.5,26.1,34.9,27.5,0.0,0,0.0,14.8,1004.4,Clear,1160.5,717.75,981.75,16.1,103.0605754
5/22/2023,44.0,28.9,37.4,47.0,29.2,37.0,24.6,0.0,0,0.0,25.2,1004.2,Clear,1082.4,710.94,920.04,15.1,94.1562128
5/23/2023,44.0,31.8,36.9,46.8,30.6,36.6,25.0,0.0,0,0.0,28.4,1004.8,Partially cloudy,1100.0,795.0,922.5,12.2,95.70616465
5/24/2023,33.0,26.0,30.0,34.9,26.0,30.4,46.3,0.0,0,0.0,18.4,1006.1,Partially cloudy,1527.9,1203.8,1389.0,7.0,155.0850622
5/25/2023,35.3,22.0,28.9,37.3,22.0,29.2,52.1,4.987,100,4.17,30.6,1005.3,"Rain, Partially cloudy",1839.13,1146.2,1505.69,13.3,168.2429288
5/26/2023,33.3,22.8,28.2,34.5,22.8,28.3,52.6,0.0,0,0.0,14.8,1006.4,Partially cloudy,1751.58,1199.28,1483.32,10.5,172.0131095
5/27/2023,33.5,20.0,27.4,34.5,20.0,28.2,65.0,18.179,100,8.33,20.5,1006.2,"Rain, Partially cloudy",2177.5,1300.0,1781.0,13.5,188.4313318
5/28/2023,34.0,25.0,30.1,40.2,25.0,32.4,59.1,0.0,0,0.0,12.6,1006.8,Partially cloudy,2009.4,1477.5,1778.91,9.0,170.4422303
5/29/2023,34.0,22.8,27.2,37.1,22.8,28.3,68.5,6.924,100,12.5,15.7,1008.9,"Rain, Partially cloudy",2329.0,1561.8,1863.2,11.2,191.3411449
5/30/2023,34.7,22.0,27.1,38.0,22.0,27.8,68.7,31.162,100,8.33,59.4,1008.6,"Rain, Partially cloudy",2383.89,1511.4,1861.77,12.7,191.987313
5/31/2023,30.5,22.0,25.2,34.0,22.0,26.0,81.3,3.354,100,12.5,26.9,1007.8,"Rain, Partially cloudy",2479.65,1788.6,2048.76,8.5,203.907049
6/1/2023,31.3,21.8,26.0,33.7,21.8,26.7,73.3,0.2,100,4.17,18.4,1007.5,"Rain, Partially cloudy",2294.29,1597.94,1905.8,9.5,199.7057528
6/2/2023,33.4,22.5,28.5,33.8,22.5,28.9,53.9,0.0,0,0.0,11.2,1006.3,Partially cloudy,1800.26,1212.75,1536.15,10.9,172.3869116
6/3/2023,35.5,24.4,30.4,37.6,24.4,31.1,49.0,0.0,0,0.0,12.9,1006.1,Clear,1739.5,1195.6,1489.6,11.1,157.6774736
6/4/2023,33.0,25.0,29.4,38.7,25.0,31.7,60.3,2.582,100,4.17,13.2,1005.7,"Rain, Partially cloudy",1989.9,1507.5,1772.82,8.0,174.7795689
6/5/2023,37.2,25.9,31.7,40.7,25.9,33.3,52.6,0.0,0,0.0,18.4,1004.2,Partially cloudy,1956.72,1362.34,1667.42,11.3,157.0277986
6/6/2023,38.0,24.0,31.5,41.7,24.0,32.3,48.1,0.34,100,4.17,14.8,1004.0,"Rain, Partially cloudy",1827.8,1154.4,1515.15,14.0,152.1390388
6/7/2023,38.0,25.9,32.4,39.4,25.9,32.5,39.3,0.0,0,0.0,13.7,1003.8,Clear,1493.4,1017.87,1273.32,12.1,134.7560664
6/8/2023,39.0,26.0,33.8,42.1,26.0,33.9,35.1,0.0,0,0.0,18.4,1003.1,Clear,1368.9,912.6,1186.38,13.0,122.900401
6/9/2023,40.1,28.8,33.8,43.4,29.8,35.3,40.9,0.0,0,0.0,19.7,1000.3,Partially cloudy,1640.09,1177.92,1382.42,11.3,133.3531413
6/10/2023,41.0,28.4,34.4,46.5,30.0,36.2,39.5,0.0,0,0.0,16.6,998.8,Partially cloudy,1619.5,1121.8,1358.8,12.6,129.284459
6/11/2023,38.0,27.0,32.8,42.5,29.2,34.8,48.5,0.574,100,8.33,20.5,999.7,"Rain, Partially cloudy",1843.0,1309.5,1590.8,11.0,147.8150723
6/12/2023,40.0,29.0,34.9,46.3,31.3,38.4,45.1,0.0,0,0.0,22.2,998.6,Partially cloudy,1804.0,1307.9,1573.99,11.0,136.1123161
6/13/2023,41.2,31.2,36.5,48.1,34.9,39.6,39.7,0.0,0,0.0,32.7,998.5,Clear,1635.64,1238.64,1449.05,10.0,123.7823708
6/14/2023,40.1,30.0,35.4,48.3,30.0,38.4,40.4,0.0,0,0.0,26.0,999.5,Partially cloudy,1620.04,1212.0,1430.16,10.1,127.8838419
6/15/2023,37.0,29.0,33.6,43.2,30.8,36.0,44.6,0.0,0,0.0,21.8,1001.0,Partially cloudy,1650.2,1293.4,1498.56,8.0,139.6902845
6/16/2023,38.1,28.0,32.0,45.2,30.0,36.1,56.2,8.195,100,4.17,22.9,1000.9,"Rain, Partially cloudy",2141.22,1573.6,1798.4,10.1,159.3768505
6/17/2023,37.6,28.8,32.5,45.5,34.4,38.1,62.0,0.299,100,4.17,13.0,1001.0,"Rain, Partially cloudy",2331.2,1785.6,2015.0,8.8,161.2087887
6/18/2023,35.5,29.0,31.5,45.0,33.5,37.5,66.2,0.597,100,4.17,15.7,1000.9,"Rain, Partially cloudy",2350.1,1919.8,2085.3,6.5,167.7410967
6/19/2023,33.2,26.0,28.6,41.1,26.0,33.0,81.0,8.701,100,12.5,16.6,999.9,"Rain, Partially cloudy",2689.2,2106.0,2316.6,7.2,182.6730987
6/20/2023,36.9,27.0,31.6,45.4,31.2,38.0,67.8,0.598,100,8.33,14.8,999.7,"Rain, Partially cloudy",2501.82,1830.6,2142.48,9.9,167.6748521
6/21/2023,36.3,26.0,31.0,46.8,26.0,37.4,71.7,0.075,100,4.17,14.8,1000.9,"Rain, Partially cloudy",2602.71,1864.2,2222.7,10.3,171.2184925
6/22/2023,36.5,29.0,32.4,46.7,35.2,40.3,68.1,0.851,100,4.17,14.2,1000.9,"Rain, Partially cloudy",2485.65,1974.9,2206.44,7.5,163.7582985
6/23/2023,36.8,27.0,32.8,47.3,31.7,41.9,69.8,6.464,100,4.17,14.8,1000.6,"Rain, Partially cloudy",2568.64,1884.6,2289.44,9.8,161.9643535
6/24/2023,36.4,30.0,32.2,47.0,36.2,40.6,69.2,0.0,0,0.0,14.8,1000.0,Partially cloudy,2518.88,2076.0,2228.24,6.4,164.9001082
6/25/2023,30.0,24.8,26.4,38.8,24.8,28.9,93.6,47.208,100,16.67,20.7,1002.1,"Rain, Partially cloudy",2808.0,2321.28,2471.04,5.2,185.9890485
6/26/2023,31.4,26.0,28.8,42.4,26.0,34.7,86.1,1.194,100,8.33,13.0,1002.2,"Rain, Partially cloudy",2703.54,2238.6,2479.68,5.4,178.2007195
6/27/2023,33.4,26.0,29.5,42.9,26.0,37.1,86.9,4.338,100,8.33,14.8,1001.1,"Rain, Partially cloudy",2902.46,2259.4,2563.55,7.4,173.2722991
6/28/2023,34.9,27.0,29.6,45.2,31.8,37.1,85.0,2.091,100,4.17,18.4,1002.1,"Rain, Partially cloudy",2966.5,2295.0,2516.0,7.9,174.2208778
6/29/2023,32.9,24.7,28.8,43.4,24.7,35.2,87.6,21.0,100,8.33,15.3,1001.5,"Rain, Partially cloudy",2882.04,2163.72,2522.88,8.2,176.9217829
6/30/2023,32.0,25.0,28.2,40.8,25.0,34.2,90.7,23.415,100,8.33,14.8,999.9,"Rain, Partially cloudy",2902.4,2267.5,2557.74,7.0,177.5982658
7/1/2023,33.7,26.1,29.5,43.8,26.1,36.1,83.4,0.0,0,0.0,11.2,1000.6,Partially cloudy,2810.58,2176.74,2460.3,7.6,175.9445202
7/2/2023,35.3,27.0,30.8,42.8,31.5,37.4,75.7,0.0,0,0.0,9.4,1001.2,Partially cloudy,2672.21,2043.9,2331.56,8.3,171.8765481
7/3/2023,37.5,29.0,32.8,47.4,36.8,41.7,69.9,0.0,0,0.0,10.6,1000.6,Partially cloudy,2621.25,2027.1,2292.72,8.5,161.9687529
7/4/2023,35.0,26.0,31.2,47.3,26.0,40.7,78.9,2.261,100,8.33,26.3,999.3,"Rain, Partially cloudy",2761.5,2051.4,2461.68,9.0,168.6324106
7/5/2023,33.8,26.0,29.9,44.9,26.0,38.3,86.0,7.091,100,8.33,27.7,999.4,"Rain, Partially cloudy",2906.8,2236.0,2571.4,7.8,171.6424895
7/6/2023,29.9,26.0,28.3,38.4,26.0,34.9,91.9,3.045,100,4.17,14.8,1001.3,"Rain, Partially cloudy",2747.81,2389.4,2600.77,3.9,175.6126127
7/7/2023,33.3,27.0,29.7,44.3,31.8,37.4,84.6,0.0,0,0.0,16.6,1002.0,Partially cloudy,2817.18,2284.2,2512.62,6.3,173.9238546
7/8/2023,29.0,26.0,27.2,36.8,26.0,31.7,97.1,117.318,100,20.83,14.8,1001.9,"Rain, Overcast",2815.9,2524.6,2641.12,3.0,175.8655738
7/9/2023,30.0,25.9,26.9,40.4,25.9,30.1,98.1,114.902,100,20.83,11.2,1001.2,"Rain, Overcast",2943.0,2540.79,2638.89,4.1,176.3480537
7/10/2023,31.0,25.9,27.4,44.3,25.9,31.9,96.7,6.954,100,8.33,13.0,1001.4,"Rain, Partially cloudy",2997.7,2504.53,2649.58,5.1,175.132894
7/11/2023,32.0,26.0,28.4,42.3,26.0,33.7,89.8,0.448,100,4.17,9.4,1001.6,"Rain, Partially cloudy",2873.6,2334.8,2550.32,6.0,177.2880448
7/12/2023,32.0,27.0,29.3,44.1,31.8,37.3,88.1,0.896,100,8.33,11.2,1001.0,"Rain, Partially cloudy",2819.2,2378.7,2581.33,5.0,173.3946108
7/13/2023,32.7,27.0,29.7,46.2,31.7,38.6,88.1,1.701,100,4.17,16.6,1001.1,"Rain, Partially cloudy",2880.87,2378.7,2616.57,5.7,170.9703967
7/14/2023,32.6,27.0,29.5,44.8,31.8,38.3,88.9,1.494,100,4.17,14.8,1002.2,"Rain, Partially cloudy",2898.14,2400.3,2622.55,5.6,171.4000171
7/15/2023,33.8,26.0,29.5,44.5,26.0,37.3,87.0,13.747,100,4.17,13.0,1001.8,"Rain, Partially cloudy",2940.6,2262.0,2566.5,7.8,173.1846492
7/16/2023,33.1,26.7,29.0,43.8,30.7,36.1,89.1,7.851,100,12.5,13.0,1001.8,"Rain, Partially cloudy",2949.21,2378.97,2583.9,6.4,174.2619282
7/17/2023,33.0,28.0,30.5,46.2,35.6,40.6,86.2,0.0,0,0.0,11.2,1000.9,Partially cloudy,2844.6,2413.6,2629.1,5.0,167.9377749
7/18/2023,32.0,28.0,29.4,44.3,34.5,38.8,92.2,0.644,100,12.5,13.0,1000.7,"Rain, Overcast",2950.4,2581.6,2710.68,4.0,168.3767386
7/19/2023,35.0,28.0,30.9,46.6,34.5,40.4,82.6,0.0,0,0.0,14.8,1000.5,Partially cloudy,2891.0,2312.8,2552.34,7.0,168.3272792
7/20/2023,36.8,29.0,32.8,48.7,38.2,42.2,70.8,0.0,0,0.0,9.4,1000.5,Partially cloudy,2605.44,2053.2,2322.24,7.8,161.9822602
7/21/2023,37.1,30.0,33.2,48.4,38.7,44.3,71.7,0.0,0,0.0,14.8,1002.0,Partially cloudy,2660.07,2151.0,2380.44,7.1,159.9513902
7/22/2023,35.3,29.0,32.1,48.0,39.4,43.1,77.2,0.0,0,0.0,18.4,1004.2,Partially cloudy,2725.16,2238.8,2478.12,6.3,164.4177217
7/23/2023,35.3,29.0,32.1,46.7,35.6,41.3,72.4,0.17,100,4.17,20.5,1004.4,"Rain, Partially cloudy",2555.72,2099.6,2324.04,6.3,165.4604695
7/24/2023,37.0,29.0,32.5,48.6,36.8,41.6,70.6,0.0,0,0.0,18.4,1001.9,Partially cloudy,2612.2,2047.4,2294.5,8.0,163.4825531
7/25/2023,34.9,29.0,31.3,47.3,36.8,41.7,80.9,0.0,0,0.0,14.8,1002.3,Partially cloudy,2823.41,2346.1,2532.17,5.9,167.0937062
7/26/2023,30.4,25.0,27.7,38.8,25.0,32.5,92.1,31.643,100,12.5,14.8,1004.2,"Rain, Partially cloudy",2799.84,2302.5,2551.17,5.4,179.2229215
7/27/2023,34.0,27.0,29.6,45.3,30.8,37.1,84.6,0.5,100,4.17,11.2,1003.1,"Rain, Partially cloudy",2876.4,2284.2,2504.16,7.0,174.5185829
7/28/2023,33.0,25.0,28.7,43.8,25.0,34.5,87.6,10.585,100,12.5,14.8,1001.2,"Rain, Overcast",2890.8,2190.0,2514.12,8.0,177.5395134
7/29/2023,31.0,25.9,27.9,40.6,25.9,32.6,92.3,5.701,100,4.17,11.2,1000.5,"Rain, Partially cloudy",2861.3,2390.57,2575.17,5.1,177.6987469
7/30/2023,33.9,26.0,29.7,44.4,26.0,35.7,82.9,0.0,0,0.0,13.0,999.6,Partially cloudy,2810.31,2155.4,2462.13,7.9,175.0821963
7/31/2023,34.3,28.0,31.1,45.3,34.4,39.8,78.3,0.0,0,0.0,14.8,999.1,Partially cloudy,2685.69,2192.4,2435.13,6.3,169.4308693
8/1/2023,35.4,28.0,31.4,44.6,33.0,39.3,74.7,0.0,0,0.0,16.6,998.3,Partially cloudy,2644.38,2091.6,2345.58,7.4,168.834985
8/2/2023,34.9,28.0,30.7,47.4,34.5,39.2,78.9,4.253,100,4.17,18.4,999.0,"Rain, Partially cloudy",2753.61,2209.2,2422.23,6.9,171.414529
8/3/2023,35.0,27.2,30.6,46.7,31.8,39.0,81.3,7.492,100,8.33,18.4,999.0,"Rain, Partially cloudy",2845.5,2211.36,2487.78,7.8,170.8158504
8/4/2023,33.1,27.0,29.3,43.8,31.8,36.7,86.7,47.116,100,12.5,16.6,1001.3,"Rain, Partially cloudy",2869.77,2340.9,2540.31,6.1,174.654573
8/5/2023,33.0,26.0,29.5,43.2,26.0,37.4,88.3,6.597,100,12.5,14.8,1002.7,"Rain, Overcast",2913.9,2295.8,2604.85,7.0,171.9880699
8/6/2023,34.5,29.0,31.4,43.5,35.4,39.4,73.4,0.0,0,0.0,22.3,1000.2,Partially cloudy,2532.3,2128.6,2304.76,5.5,169.0242665
8/7/2023,33.2,28.0,30.3,41.1,32.0,35.8,70.7,0.0,0,0.0,17.8,997.9,Partially cloudy,2347.24,1979.6,2142.21,5.2,174.8727894
8/8/2023,36.3,27.0,31.0,42.5,30.6,36.5,67.9,0.0,0,0.0,19.8,998.7,Partially cloudy,2464.77,1833.3,2104.9,9.3,170.7322827
8/9/2023,34.4,28.1,31.4,42.0,32.0,37.1,66.1,0.0,0,0.0,22.1,1002.5,Partially cloudy,2273.84,1857.41,2075.54,6.3,168.2037123
8/10/2023,34.3,28.0,30.8,43.7,31.9,37.1,71.0,0.17,100,4.17,16.6,1004.4,"Rain, Partially cloudy",2435.3,1988.0,2186.8,6.3,172.2467851
8/11/2023,34.8,28.0,31.3,42.1,31.9,37.0,66.4,0.0,0,0.0,15.2,1004.5,Partially cloudy,2310.72,1859.2,2078.32,6.8,168.7982309
8/12/2023,35.0,28.0,31.6,41.9,30.6,36.3,61.4,0.0,0,0.0,18.4,1002.3,Partially cloudy,2149.0,1719.2,1940.24,7.0,165.0461156
8/13/2023,34.2,28.0,30.9,42.0,31.1,35.9,65.7,0.0,0,0.0,16.4,1000.3,Partially cloudy,2246.94,1839.6,2030.13,6.2,170.5503486
8/14/2023,34.2,28.0,30.7,42.4,31.9,36.7,70.0,0.0,0,0.0,13.0,1003.9,Partially cloudy,2394.0,1960.0,2149.0,6.2,172.675615
8/15/2023,33.2,27.0,30.1,46.5,31.2,37.8,80.5,1.664,100,8.33,13.0,1004.6,"Rain, Partially cloudy",2672.6,2173.5,2423.05,6.2,174.0971267
8/16/2023,35.1,28.2,31.9,44.7,33.9,40.3,72.2,3.585,100,4.17,16.6,1004.1,"Rain, Partially cloudy",2534.22,2036.04,2303.18,6.9,166.5057207
8/17/2023,35.9,29.0,32.2,43.8,33.6,38.5,63.8,0.0,0,0.0,15.2,1003.7,Partially cloudy,2290.42,1850.2,2054.36,6.9,163.4561659
8/18/2023,36.2,29.0,32.6,44.5,34.5,39.7,64.0,0.0,0,0.0,16.6,1003.5,Partially cloudy,2316.8,1856.0,2086.4,7.2,161.6531903
8/19/2023,34.0,25.0,30.6,45.1,25.0,39.1,82.1,17.975,100,16.67,13.0,1003.7,"Rain, Partially cloudy",2791.4,2052.5,2512.26,9.0,170.3509663
8/20/2023,35.6,29.0,31.9,45.9,38.2,41.1,75.2,0.0,0,0.0,14.8,1004.3,Partially cloudy,2677.12,2180.8,2398.88,6.6,166.0721616
8/21/2023,36.9,29.0,32.6,46.9,38.2,42.7,74.0,0.0,0,0.0,10.1,1003.0,Partially cloudy,2730.6,2146.0,2412.4,7.9,162.6752166
8/22/2023,35.3,28.0,31.1,47.3,33.5,41.2,80.9,0.0,0,0.0,18.4,1001.1,Partially cloudy,2855.77,2265.2,2515.99,7.3,168.2114393
8/23/2023,28.9,27.0,27.6,36.0,31.2,32.9,92.4,5.936,100,12.5,14.8,1000.5,"Rain, Overcast",2670.36,2494.8,2550.24,1.9,179.5175762
8/24/2023,32.1,26.0,29.1,38.2,26.0,33.5,75.8,0.0,0,0.0,14.8,999.9,Partially cloudy,2433.18,1970.8,2205.78,6.1,181.3790321
8/25/2023,34.4,26.7,30.4,41.4,29.2,35.2,68.1,0.0,0,0.0,14.8,1000.0,Partially cloudy,2342.64,1818.27,2070.24,7.7,173.8699804
8/26/2023,34.5,27.0,30.8,40.2,29.2,35.0,63.6,0.0,0,0.0,17.8,1001.8,Partially cloudy,2194.2,1717.2,1958.88,7.5,170.1042833
8/27/2023,35.0,27.0,30.9,40.6,28.8,34.2,58.5,0.0,0,0.0,17.8,1001.6,Partially cloudy,2047.5,1579.5,1807.65,8.0,166.2285022
8/28/2023,34.9,27.0,30.7,41.4,29.2,34.9,62.5,0.0,0,0.0,24.0,1001.8,Partially cloudy,2181.25,1687.5,1918.75,7.9,169.9854563
8/29/2023,35.0,27.0,31.5,41.3,29.2,36.2,61.5,0.0,0,0.0,17.3,1003.8,Partially cloudy,2152.5,1660.5,1937.25,8.0,165.5745938
8/30/2023,35.6,28.0,31.6,41.4,31.9,36.7,62.8,0.0,0,0.0,16.6,1005.7,Partially cloudy,2235.68,1758.4,1984.48,7.6,165.8301381
8/31/2023,35.7,27.4,31.9,42.6,31.0,36.8,61.7,0.0,0,0.0,15.2,1006.4,Partially cloudy,2202.69,1690.58,1968.23,8.3,163.8220967
9/1/2023,36.2,28.0,32.4,41.5,32.7,37.3,60.6,0.0,0,0.0,18.4,1006.2,Clear,2193.72,1696.8,1963.44,8.2,160.8822871
9/2/2023,38.3,28.7,33.3,40.0,30.9,35.5,46.1,0.0,0,0.0,19.4,1004.0,Clear,1765.63,1323.07,1535.13,9.6,142.8285427
9/3/2023,36.0,28.0,31.9,39.2,31.0,34.7,54.4,0.0,0,0.0,16.6,1003.7,Clear,1958.4,1523.2,1735.36,8.0,158.1052741
9/4/2023,36.1,27.4,31.6,38.9,31.1,34.9,58.2,0.0,0,0.0,16.6,1003.4,Clear,2101.02,1594.68,1839.12,8.7,162.8145959
9/5/2023,36.9,27.0,32.0,44.5,29.2,37.0,61.0,0.0,0,0.0,12.2,1004.1,Partially cloudy,2250.9,1647.0,1952.0,9.9,162.9500005
9/6/2023,36.2,27.0,31.6,40.7,29.6,35.4,59.1,0.0,0,0.0,9.4,1005.1,Partially cloudy,2139.42,1595.7,1867.56,9.2,163.504011
9/7/2023,36.9,28.0,30.8,44.8,31.2,35.4,65.3,0.149,100,4.17,14.8,1004.6,"Rain, Partially cloudy",2409.57,1828.4,2011.24,8.9,170.8914249
9/8/2023,35.6,26.0,30.4,42.5,26.0,34.4,66.4,0.0,0,0.0,18.4,1004.6,Partially cloudy,2363.84,1726.4,2018.56,9.6,173.3377713
9/9/2023,31.0,25.0,27.2,37.3,25.0,30.1,87.2,25.701,100,12.5,23.0,1004.2,"Rain, Partially cloudy",2703.2,2180.0,2371.84,6.0,187.3489626
9/10/2023,28.1,24.0,25.6,33.7,24.0,26.8,96.6,24.673,100,16.67,14.8,1002.1,"Rain, Overcast",2714.46,2318.4,2472.96,4.1,187.4468
9/11/2023,32.0,25.0,27.7,40.1,25.0,31.3,85.8,0.149,100,4.17,11.2,1002.5,"Rain, Partially cloudy",2745.6,2145.0,2376.66,7.0,185.2750354
9/12/2023,33.1,25.9,29.1,41.2,25.9,33.6,79.4,0.0,0,0.0,9.4,1002.9,Partially cloudy,2628.14,2056.46,2310.54,7.2,180.392293
9/13/2023,34.6,27.0,30.8,46.0,31.2,38.2,76.3,0.0,0,0.0,11.2,1003.2,Partially cloudy,2639.98,2060.1,2350.04,7.6,171.7324906
9/14/2023,36.4,28.0,31.9,46.8,35.6,40.6,73.7,0.0,0,0.0,11.2,1004.2,Partially cloudy,2682.68,2063.6,2351.03,8.4,166.355625
9/15/2023,32.6,24.7,29.4,42.4,24.7,36.1,82.1,4.403,100,8.33,18.4,1005.4,"Rain, Partially cloudy",2676.46,2027.87,2413.74,7.9,177.3317851
9/16/2023,33.2,25.0,28.1,42.9,25.0,33.4,91.0,10.149,100,8.33,18.4,1004.6,"Rain, Partially cloudy",3021.2,2275.0,2557.1,8.2,177.9054763
9/17/2023,32.0,25.5,28.3,40.6,25.5,33.1,87.8,0.299,100,4.17,18.4,1002.7,"Rain, Partially cloudy",2809.6,2238.9,2484.74,6.5,179.8486619
9/18/2023,32.8,25.0,28.8,39.7,25.0,32.7,77.3,0.0,0,0.0,18.4,1003.8,Partially cloudy,2535.44,1932.5,2226.24,7.8,182.8118051
9/19/2023,34.7,27.0,30.6,41.6,31.2,36.2,71.2,0.0,0,0.0,13.0,1006.3,Partially cloudy,2470.64,1922.4,2178.72,7.7,173.3179945
9/20/2023,35.6,27.0,31.8,42.2,30.5,36.9,62.2,0.0,0,0.0,7.9,1006.4,Partially cloudy,2214.32,1679.4,1977.96,8.6,164.5669649
9/21/2023,36.3,28.0,31.0,44.7,32.7,37.2,71.0,0.851,100,4.17,14.8,1005.7,"Rain, Partially cloudy",2577.3,1988.0,2201.0,8.3,171.1946615
9/22/2023,35.4,27.0,30.9,43.0,31.2,37.0,71.7,0.0,0,0.0,9.4,1006.0,Partially cloudy,2538.18,1935.9,2215.53,8.4,171.746971
9/23/2023,33.0,24.6,28.4,42.5,24.6,33.4,84.4,14.851,100,4.17,31.7,1007.0,"Rain, Partially cloudy",2785.2,2076.24,2396.96,8.4,181.9227676
9/24/2023,33.5,25.0,28.4,39.1,25.0,31.2,77.9,0.0,0,0.0,63.4,1006.6,Partially cloudy,2609.65,1947.5,2212.36,8.5,185.0107653
9/25/2023,34.5,25.0,29.4,40.6,25.0,32.5,72.3,0.0,0,0.0,9.4,1006.8,Partially cloudy,2494.35,1807.5,2125.62,9.5,179.8846647
9/26/2023,34.7,26.0,30.1,39.9,26.0,34.0,68.9,0.0,0,0.0,11.2,1007.9,Partially cloudy,2390.83,1791.4,2073.89,8.7,175.6343921
9/27/2023,33.8,26.0,29.6,37.4,26.0,32.1,65.1,0.0,0,0.0,13.0,1008.0,Clear,2200.38,1692.6,1926.96,7.8,176.8790445
9/28/2023,34.0,23.6,28.7,34.5,23.6,29.3,62.1,0.0,0,0.0,14.5,1007.6,Clear,2111.4,1465.56,1782.27,10.4,179.6435413
9/29/2023,33.4,23.6,28.9,34.8,23.6,30.1,62.3,0.0,0,0.0,11.2,1007.3,Clear,2080.82,1470.28,1800.47,9.8,178.774331
9/30/2023,35.1,24.7,29.5,36.2,24.7,30.9,61.9,0.0,0,0.0,14.8,1007.1,Clear,2172.69,1528.93,1826.05,10.4,175.4870499
10/1/2023,34.8,24.0,28.9,34.1,24.0,29.4,59.8,0.0,0,0.0,14.8,1006.6,Clear,2081.04,1435.2,1728.22,10.8,176.8058852
10/2/2023,34.1,22.0,27.7,34.0,22.0,27.5,52.7,0.0,0,0.0,14.8,1007.6,Clear,1797.07,1159.4,1459.79,12.1,174.3999331
10/3/2023,33.9,20.5,27.2,32.8,20.5,26.9,48.9,0.0,0,0.0,16.6,1008.2,Clear,1657.71,1002.45,1330.08,13.4,170.6834005
10/4/2023,34.0,20.9,27.7,35.7,20.9,27.9,54.2,0.0,0,0.0,16.6,1008.4,Clear,1842.8,1132.78,1501.34,13.1,176.4437362
10/5/2023,34.4,21.0,27.6,35.3,21.0,27.7,53.7,0.0,0,0.0,14.8,1007.8,Clear,1847.28,1127.7,1482.12,13.4,176.2395967
10/6/2023,35.0,20.9,28.0,36.4,20.9,28.2,52.3,0.0,0,0.0,13.0,1006.7,Clear,1830.5,1093.07,1464.4,14.1,172.4867762
10/7/2023,34.7,22.9,29.0,38.1,22.9,30.4,58.0,0.0,0,0.0,14.8,1008.0,Clear,2012.6,1328.2,1682.0,11.8,174.6647117
10/8/2023,35.9,25.5,30.2,40.0,25.5,32.6,60.1,0.0,0,0.0,14.8,1008.5,Clear,2157.59,1532.55,1815.02,10.4,170.7672898
10/9/2023,35.7,26.0,30.4,39.3,26.0,32.6,58.8,0.0,0,0.0,14.8,1009.1,Clear,2099.16,1528.8,1787.52,9.7,168.7864504
10/10/2023,35.0,24.8,29.8,37.8,24.8,31.0,52.7,0.0,0,0.0,13.0,1010.1,Clear,1844.5,1306.96,1570.46,10.2,165.1291814
10/11/2023,34.5,22.5,27.9,34.0,22.5,27.9,55.8,0.0,0,0.0,16.6,1011.3,Clear,1925.1,1255.5,1556.82,12.0,177.5115949
10/12/2023,33.8,19.9,27.0,34.8,19.9,26.9,53.5,0.0,0,0.0,11.2,1012.6,Clear,1808.3,1064.65,1444.5,13.9,178.7451991
10/13/2023,35.2,22.0,28.1,37.0,22.0,28.4,55.4,0.0,0,0.0,14.8,1012.9,Clear,1950.08,1218.8,1556.74,13.2,176.0891941
10/14/2023,35.7,22.8,28.8,37.9,22.8,29.0,55.1,0.0,0,0.0,13.0,1012.1,Clear,1967.07,1256.28,1586.88,12.9,172.486236
10/15/2023,33.4,23.1,27.6,35.6,23.1,27.9,58.1,0.0,0,0.0,16.6,1010.5,Clear,1940.54,1342.11,1603.56,10.3,181.5617445
10/16/2023,28.8,21.3,25.4,30.8,21.3,25.6,59.5,1.0,100,4.17,37.1,1011.9,"Rain, Partially cloudy",1713.6,1267.35,1511.3,7.5,194.3533962
10/17/2023,25.3,18.9,21.9,25.3,18.9,21.9,77.2,3.851,100,4.17,14.8,1015.7,"Rain, Partially cloudy",1953.16,1459.08,1690.68,6.4,226.7065471
10/18/2023,31.0,18.7,24.3,29.3,18.7,24.0,60.3,0.0,0,0.0,14.8,1015.5,Clear,1869.3,1127.61,1465.29,12.3,201.1963724
10/19/2023,29.2,17.6,23.7,28.4,17.6,23.5,58.8,0.0,0,0.0,11.2,1015.4,Clear,1716.96,1034.88,1393.56,11.6,202.6312311
10/20/2023,30.8,18.4,24.0,29.6,18.4,23.8,59.2,0.0,0,0.0,11.2,1015.8,Clear,1823.36,1089.28,1420.8,12.4,201.5107959
10/21/2023,30.5,17.8,23.8,29.6,17.8,23.6,59.7,0.0,0,0.0,7.6,1016.3,Clear,1820.85,1062.66,1420.86,12.7,203.2268168
10/22/2023,30.6,18.1,24.2,30.0,18.1,24.1,59.8,0.0,0,0.0,11.2,1016.7,Clear,1829.88,1082.38,1447.16,12.5,201.1560624
10/23/2023,30.3,18.9,24.6,29.5,18.9,24.4,58.3,0.0,0,0.0,11.4,1015.0,Clear,1766.49,1101.87,1434.18,11.4,197.1521281
10/24/2023,30.6,18.6,24.5,29.6,18.6,24.2,56.3,0.0,0,0.0,11.2,1014.4,Clear,1722.78,1047.18,1379.35,12.0,194.9829389
10/25/2023,30.0,18.0,24.1,29.4,18.0,24.0,57.9,0.0,0,0.0,13.0,1015.1,Clear,1737.0,1042.2,1395.39,12.0,199.2869604
10/26/2023,31.0,18.1,24.2,29.7,18.1,23.9,54.5,0.0,0,0.0,10.6,1014.8,Clear,1689.5,986.45,1318.9,12.9,193.8209129
10/27/2023,30.8,17.1,23.7,29.3,17.1,23.4,52.1,0.0,0,0.0,11.2,1014.1,Clear,1604.68,890.91,1234.77,13.7,192.2790119
10/28/2023,31.5,17.2,24.1,30.2,17.2,23.8,52.2,0.0,0,0.0,7.6,1014.3,Partially cloudy,1644.3,897.84,1258.02,14.3,190.5052772
10/29/2023,32.3,18.0,24.6,31.3,18.0,24.2,52.2,0.0,0,0.0,9.4,1014.2,Partially cloudy,1686.06,939.6,1284.12,14.3,188.0888448
10/30/2023,32.3,18.7,25.1,32.0,18.7,25.0,58.3,0.0,0,0.0,9.4,1014.9,Clear,1883.09,1090.21,1463.33,13.6,194.5164791
10/31/2023,31.6,19.6,24.9,32.1,19.6,25.0,67.1,0.0,0,0.0,9.4,1016.4,Clear,2120.36,1315.16,1670.79,12.0,203.8643794
11/1/2023,31.0,18.0,24.2,31.4,18.0,24.2,64.4,0.0,0,0.0,7.6,1016.9,Clear,1996.4,1159.2,1558.48,13.0,205.912837
11/2/2023,29.6,18.5,23.5,31.0,18.5,23.8,71.8,0.0,0,0.0,7.6,1015.2,Clear,2125.28,1328.3,1687.3,11.1,214.8358902
11/3/2023,29.2,18.6,22.8,29.1,18.6,22.8,72.2,0.0,0,0.0,7.6,1012.8,Clear,2108.24,1342.92,1646.16,10.6,219.4810223
11/4/2023,28.5,18.4,22.7,29.7,18.4,23.0,75.8,0.0,0,0.0,7.6,1013.1,Clear,2160.3,1394.72,1720.66,10.1,221.1188459
11/5/2023,31.0,18.0,23.3,30.4,18.0,23.3,70.7,0.0,0,0.0,9.4,1014.7,Clear,2191.7,1272.6,1647.31,13.0,215.6247722
11/6/2023,30.3,16.0,22.6,29.6,16.0,22.5,64.8,0.0,0,0.0,7.6,1016.2,Clear,1963.44,1036.8,1464.48,14.3,215.7259559
11/7/2023,30.9,16.7,23.3,30.8,16.7,23.1,63.5,0.0,0,0.0,7.6,1015.3,Clear,1962.15,1060.45,1479.55,14.2,210.3053957
11/8/2023,30.0,17.4,23.5,29.5,17.4,23.4,66.0,0.0,0,0.0,7.6,1014.3,Clear,1980.0,1148.4,1551.0,12.6,211.3756527
11/9/2023,31.7,17.6,23.8,29.7,17.6,23.7,62.7,0.0,0,0.0,11.2,1014.2,Clear,1987.59,1103.52,1492.26,14.1,206.6076194
11/10/2023,22.0,18.0,20.3,22.0,18.0,20.3,84.4,7.701,100,20.83,13.0,1016.7,"Rain, Partially cloudy",1856.8,1519.2,1713.32,4.0,237.1508401
11/11/2023,25.5,15.7,19.8,25.5,15.7,19.8,76.0,0.0,0,0.0,13.0,1018.2,Clear,1938.0,1193.2,1504.8,9.8,241.2048046
11/12/2023,26.1,14.0,19.8,26.1,14.0,19.8,72.6,0.0,0,0.0,13.0,1018.5,Clear,1894.86,1016.4,1437.48,12.1,239.7687758
11/13/2023,26.7,14.3,19.6,26.9,14.3,19.7,74.3,0.0,0,0.0,7.6,1018.4,Clear,1983.81,1062.49,1456.28,12.4,242.0081743
11/14/2023,25.4,14.4,19.9,25.4,14.4,19.9,66.1,0.0,0,0.0,7.6,1017.9,Partially cloudy,1678.94,951.84,1315.39,11.0,233.8850031
11/15/2023,26.4,13.2,19.1,26.4,13.2,19.1,70.1,0.0,0,0.0,9.4,1017.7,Partially cloudy,1850.64,925.32,1338.91,13.2,242.9098046
11/16/2023,26.3,13.7,19.1,26.3,13.7,19.1,76.1,0.0,0,0.0,9.4,1018.5,Clear,2001.43,1042.57,1453.51,12.6,246.2685077
11/17/2023,27.4,14.0,20.1,27.6,14.0,20.1,73.1,0.0,0,0.0,5.4,1018.2,Clear,2002.94,1023.4,1469.31,13.4,237.9550687
11/18/2023,27.2,15.0,20.6,27.6,15.0,20.6,68.8,0.0,0,0.0,9.4,1016.5,Partially cloudy,1871.36,1032.0,1417.28,12.2,231.8095557
11/19/2023,26.0,14.4,19.9,26.0,14.4,19.9,68.0,0.0,0,0.0,11.2,1017.3,Clear,1768.0,979.2,1353.2,11.6,235.7402724
11/20/2023,25.8,14.0,19.5,25.8,14.0,19.5,70.4,0.0,0,0.0,9.4,1017.6,Clear,1816.32,985.6,1372.8,11.8,240.4037971
11/21/2023,25.5,13.6,18.8,25.5,13.6,18.8,70.8,0.0,0,0.0,13.7,1016.7,Clear,1805.4,962.88,1331.04,11.9,245.525956
11/22/2023,25.0,13.0,17.8,25.0,13.0,17.8,67.7,0.0,0,0.0,11.2,1014.8,Clear,1692.5,880.1,1205.06,12.0,249.5857381
11/23/2023,26.0,11.5,18.6,26.0,11.5,18.6,65.7,0.0,0,0.0,9.4,1014.3,Clear,1708.2,755.55,1222.02,14.5,241.9376771
11/24/2023,26.1,12.0,18.3,26.1,12.0,18.3,70.0,0.0,0,0.0,7.6,1016.3,Clear,1827.0,840.0,1281.0,14.1,248.3567822
11/25/2023,25.0,12.6,18.1,25.0,12.6,18.1,69.7,0.0,0,0.0,8.2,1017.7,Partially cloudy,1742.5,878.22,1261.57,12.4,249.4868364
11/26/2023,25.6,13.2,19.4,25.6,13.2,19.4,67.1,0.0,0,0.0,11.2,1018.2,Partially cloudy,1717.76,885.72,1301.74,12.4,238.1827063
11/27/2023,23.2,15.5,18.5,23.2,15.5,18.5,75.0,6.254,100,8.33,18.4,1015.8,"Rain, Partially cloudy",1740.0,1162.5,1387.5,7.7,250.1984073
11/28/2023,20.0,15.6,17.7,20.0,15.6,17.7,86.9,0.23,100,4.17,9.4,1015.6,"Rain, Partially cloudy",1738.0,1355.64,1538.13,4.4,256.2761043
11/29/2023,24.7,14.1,18.5,24.7,14.1,18.5,81.0,0.0,0,0.0,9.4,1015.7,Partially cloudy,2000.7,1142.1,1498.5,10.6,251.4548334
11/30/2023,24.3,15.0,19.1,24.3,15.0,19.1,82.5,0.0,0,0.0,13.0,1016.6,Partially cloudy,2004.75,1237.5,1575.75,9.3,246.7359048
12/1/2023,24.5,14.8,19.6,24.5,14.8,19.6,80.7,0.0,0,0.0,7.6,1017.1,Partially cloudy,1977.15,1194.36,1581.72,9.7,243.1977401
12/2/2023,23.7,14.0,17.9,23.7,14.0,17.9,83.5,0.0,0,0.0,8.0,1017.8,Clear,1978.95,1169.0,1494.65,9.7,255.8090477
12/3/2023,25.1,12.4,18.4,25.1,12.4,18.4,75.1,0.0,0,0.0,9.4,1018.0,Partially cloudy,1885.01,931.24,1381.84,12.7,250.9709429
12/4/2023,24.2,16.0,19.7,24.2,16.0,19.7,67.4,0.015,100,4.17,11.2,1017.0,"Rain, Partially cloudy",1631.08,1078.4,1327.78,8.2,236.499443
12/5/2023,24.1,13.6,17.9,24.1,13.6,17.9,69.4,0.0,0,0.0,13.0,1016.2,Clear,1672.54,943.84,1242.26,10.5,250.6066435
12/6/2023,24.6,11.2,16.9,24.6,11.2,16.9,72.6,0.0,0,0.0,7.6,1016.8,Clear,1785.96,813.12,1226.94,13.4,260.4609322
12/7/2023,23.6,11.6,16.7,23.6,11.6,16.7,75.4,0.0,0,0.0,7.8,1016.2,Clear,1779.44,874.64,1259.18,12.0,263.739521
12/8/2023,25.0,11.7,17.4,25.0,11.7,17.4,69.7,0.0,0,0.0,11.2,1015.7,Clear,1742.5,815.49,1212.78,13.3,254.4001157
12/9/2023,24.4,10.8,16.9,24.4,10.8,16.9,69.4,0.0,0,0.0,13.0,1016.5,Clear,1693.36,749.52,1172.86,13.6,257.6521101
12/10/2023,22.5,10.0,15.6,22.5,9.6,15.6,68.6,0.0,0,0.0,18.4,1015.0,Clear,1543.5,686.0,1070.16,12.5,266.1046663
12/11/2023,23.3,9.1,15.5,23.3,9.1,15.5,65.0,0.0,0,0.0,9.4,1015.7,Clear,1514.5,591.5,1007.5,14.2,262.02826
12/12/2023,23.7,9.0,15.9,23.7,9.0,15.8,72.2,0.0,0,0.0,9.4,1014.6,Clear,1711.14,649.8,1147.98,14.7,267.5431106
12/13/2023,23.7,9.4,16.3,23.7,9.4,16.3,69.6,0.0,0,0.0,9.4,1016.4,Clear,1649.52,654.24,1134.48,14.3,262.1545756
12/14/2023,23.0,8.5,15.4,23.0,8.5,15.3,65.4,0.0,0,0.0,16.6,1017.6,Partially cloudy,1504.2,555.9,1007.16,14.5,263.3148301
12/15/2023,23.8,7.9,15.4,23.8,7.9,15.4,63.2,0.0,0,0.0,10.1,1018.6,Partially cloudy,1504.16,499.28,973.28,15.9,259.899805
12/16/2023,23.5,7.8,16.3,23.5,7.8,16.3,50.6,0.0,0,0.0,9.4,1017.2,Partially cloudy,1189.1,394.68,824.78,15.7,227.4871417
12/17/2023,23.6,8.1,15.8,23.6,8.1,15.8,64.3,0.0,0,0.0,11.2,1018.3,Clear,1517.48,520.83,1015.94,15.5,258.9056158
12/18/2023,21.5,8.7,14.6,21.5,8.7,14.5,71.5,0.0,0,0.0,18.4,1020.1,Clear,1537.25,622.05,1043.9,12.8,276.678106
12/19/2023,22.1,8.0,14.5,22.1,6.8,14.4,64.9,0.0,0,0.0,18.4,1020.2,Clear,1434.29,519.2,941.05,14.1,268.8891114
12/20/2023,21.0,8.4,14.2,21.0,7.9,14.2,68.6,0.0,0,0.0,13.0,1019.8,Partially cloudy,1440.6,576.24,974.12,12.6,276.3622152
12/21/2023,22.0,8.0,14.3,22.0,7.4,14.3,75.2,0.0,0,0.0,11.2,1017.9,Partially cloudy,1654.4,601.6,1075.36,14.0,282.174848
12/22/2023,21.9,8.0,14.3,21.9,8.0,14.3,76.1,0.0,0,0.0,13.0,1017.7,Clear,1666.59,608.8,1088.23,13.9,282.7781537
12/23/2023,23.0,11.8,16.3,23.0,11.8,16.3,72.6,0.0,0,0.0,11.2,1019.4,Partially cloudy,1669.8,856.68,1183.38,11.2,264.8930157
12/24/2023,23.7,10.0,16.0,23.7,10.0,16.0,77.6,0.0,0,0.0,9.4,1021.3,Clear,1839.12,776.0,1241.6,13.7,270.1346768
12/25/2023,22.0,11.0,14.8,22.0,11.0,14.8,81.7,0.0,0,0.0,11.2,1019.7,Partially cloudy,1797.4,898.7,1209.16,11.0,280.823185
12/26/2023,23.0,8.0,14.1,23.0,7.4,14.1,83.8,0.0,0,0.0,9.4,1019.1,Partially cloudy,1927.4,670.4,1181.58,15.0,286.7830799
12/27/2023,19.5,10.3,13.0,19.5,10.3,13.0,91.9,0.0,0,0.0,9.4,1020.5,Partially cloudy,1792.05,946.57,1194.7,9.2,293.6719683
12/28/2023,19.5,9.3,12.8,19.5,8.7,12.7,91.1,0.0,0,0.0,9.4,1019.4,Partially cloudy,1776.45,847.23,1166.08,10.2,295.992612
12/29/2023,18.6,12.0,13.8,18.6,12.0,13.8,93.9,0.0,0,0.0,9.4,1020.0,Partially cloudy,1746.54,1126.8,1295.82,6.6,284.8771786
12/30/2023,19.4,12.8,14.6,19.4,12.8,14.6,90.0,0.0,0,0.0,9.4,1018.7,Partially cloudy,1746.0,1152.0,1314.0,6.6,280.6224059
12/31/2023,16.0,11.5,13.3,16.0,11.5,13.3,87.0,0.0,0,0.0,9.4,1018.8,Partially cloudy,1392.0,1000.5,1157.1,4.5,293.2541988
1/1/2024,16.1,10.3,12.1,16.1,10.3,12.1,81.7,0.0,0,0.0,11.2,1018.7,Clear,1315.37,841.51,988.57,5.8,303.6701381
1/2/2024,16.3,9.0,11.2,16.3,7.9,11.0,82.2,0.0,0,0.0,11.2,1018.1,Clear,1339.86,739.8,920.64,7.3,311.7059851
1/3/2024,15.1,8.8,10.8,15.1,8.5,10.6,87.8,0.0,0,0.0,11.2,1017.9,Clear,1325.78,772.64,948.24,6.3,315.6345443
1/4/2024,11.5,8.0,10.1,11.5,6.8,9.7,92.7,0.0,0,0.0,13.0,1018.3,Partially cloudy,1066.05,741.6,936.27,3.5,320.306828
1/5/2024,14.0,10.0,12.0,14.0,9.6,12.0,92.9,0.0,0,0.0,11.2,1018.2,Partially cloudy,1300.6,929.0,1114.8,4.0,302.174724
1/6/2024,15.0,8.8,12.1,15.0,8.8,12.1,84.9,0.0,0,0.0,11.2,1019.7,Clear,1273.5,747.12,1027.29,6.2,304.1238211
1/7/2024,17.3,8.4,11.6,17.3,8.4,11.5,81.2,0.0,0,0.0,7.6,1020.4,Partially cloudy,1404.76,682.08,941.92,8.9,307.8596363
1/8/2024,15.0,7.5,10.9,15.0,7.5,10.8,88.1,0.0,0,0.0,7.6,1020.3,Clear,1321.5,660.75,960.29,7.5,314.646701
1/9/2024,13.0,9.5,10.9,13.0,8.2,10.6,90.8,0.0,0,0.0,13.0,1020.3,Partially cloudy,1180.4,862.6,989.72,3.5,313.7108866
1/10/2024,13.4,8.0,9.7,13.4,5.7,8.7,87.4,0.0,0,0.0,14.8,1018.9,Clear,1171.16,699.2,847.78,5.4,325.9666362
1/11/2024,16.7,7.0,10.6,16.7,5.6,10.0,83.4,0.0,0,0.0,11.2,1019.2,Clear,1392.78,583.8,884.04,9.7,317.3857825
1/12/2024,17.6,5.5,10.2,17.6,4.0,9.7,83.5,0.0,0,0.0,9.4,1018.2,Partially cloudy,1469.6,459.25,851.7,12.1,321.0354199
1/13/2024,17.0,5.6,10.9,17.0,5.6,10.9,86.7,0.0,0,0.0,7.6,1017.3,Partially cloudy,1473.9,485.52,945.03,11.4,314.869288
1/14/2024,17.3,6.2,10.8,17.3,6.2,10.7,85.6,0.0,0,0.0,9.4,1017.4,Partially cloudy,1480.88,530.72,924.48,11.1,315.8306955
1/15/2024,17.6,5.0,10.4,17.6,3.3,9.9,80.7,0.0,0,0.0,9.4,1016.9,Partially cloudy,1420.32,403.5,839.28,12.6,318.213764
1/16/2024,18.0,5.5,10.2,18.0,5.5,9.5,88.4,0.0,0,0.0,14.8,1015.0,Partially cloudy,1591.2,486.2,901.68,12.5,321.1104884
1/17/2024,18.0,6.0,10.8,18.0,4.4,10.4,82.6,0.0,0,0.0,10.1,1015.0,Partially cloudy,1486.8,495.6,892.08,12.0,315.3830886
1/18/2024,18.0,7.0,10.6,18.0,6.2,10.3,86.7,0.0,0,0.0,9.4,1017.1,Partially cloudy,1560.6,606.9,919.02,11.0,317.6307626
1/19/2024,15.0,7.0,10.0,15.0,5.6,9.6,89.6,0.0,0,0.0,11.2,1018.8,Partially cloudy,1344.0,627.2,896.0,8.0,322.6856529
1/20/2024,17.0,7.5,11.5,17.0,7.5,11.3,82.3,0.0,0,0.0,8.2,1019.2,Partially cloudy,1399.1,617.25,946.45,9.5,309.0839997
1/21/2024,14.1,6.0,9.3,14.1,4.4,8.4,90.1,0.0,0,0.0,14.2,1018.5,Partially cloudy,1270.41,540.6,837.93,8.1,329.2277525
1/22/2024,17.0,7.0,10.5,17.0,6.2,10.2,82.7,0.0,0,0.0,9.4,1019.5,Partially cloudy,1405.9,578.9,868.35,10.0,318.1043058
1/23/2024,17.6,8.0,11.9,17.6,7.2,11.6,84.9,0.0,0,0.0,11.2,1018.4,Partially cloudy,1494.24,679.2,1010.31,9.6,305.9018742
1/24/2024,16.0,8.6,11.5,16.0,8.6,11.3,85.8,0.0,0,0.0,11.2,1018.5,Partially cloudy,1372.8,737.88,986.7,7.4,309.4716859
1/25/2024,18.4,7.0,10.9,18.4,5.6,10.6,87.1,0.0,0,0.0,9.4,1020.6,Partially cloudy,1602.64,609.7,949.39,11.4,314.8239949
1/26/2024,21.0,6.5,12.4,21.0,6.5,12.4,76.3,0.0,0,0.0,9.4,1021.4,Partially cloudy,1602.3,495.95,946.12,14.5,298.3377119
1/27/2024,23.3,6.5,14.0,23.3,6.5,14.0,68.3,0.0,0,0.0,15.2,1019.5,Clear,1591.39,443.95,956.2,16.8,277.4550969
1/28/2024,19.0,8.3,13.3,19.0,8.3,13.3,78.0,0.0,0,0.0,14.8,1018.1,Partially cloudy,1482.0,647.4,1037.4,10.7,291.9938861
1/29/2024,22.0,9.0,14.1,22.0,7.9,13.9,84.1,0.0,0,0.0,11.2,1018.0,Partially cloudy,1850.2,756.9,1185.81,13.0,286.7732681
1/30/2024,19.5,10.0,12.7,19.5,9.1,12.7,92.2,0.0,0,0.0,9.4,1017.2,Partially cloudy,1797.9,922.0,1170.94,9.5,296.203715
1/31/2024,16.0,9.2,12.8,16.0,9.2,12.8,96.2,9.298,100,12.5,14.8,1016.0,"Rain, Overcast",1539.2,885.04,1231.36,6.8,291.8312162
2/1/2024,18.0,13.2,15.2,18.0,13.2,15.2,94.1,17.166,100,16.67,22.3,1016.1,"Rain, Partially cloudy",1693.8,1242.12,1430.32,4.8,272.2323032
2/2/2024,17.0,9.5,12.9,17.0,9.5,12.9,94.1,0.0,0,0.0,14.8,1019.5,Partially cloudy,1599.7,893.95,1213.89,7.5,292.9027674
2/3/2024,21.7,7.0,13.9,21.7,6.2,13.7,74.5,0.0,0,0.0,9.4,1018.1,Partially cloudy,1616.65,521.5,1035.55,14.7,284.8113118
2/4/2024,20.0,13.0,16.1,20.0,13.0,16.1,87.1,1.0,100,8.33,13.0,1016.7,"Rain, Partially cloudy",1742.0,1132.3,1402.31,7.0,269.272254
2/5/2024,20.0,12.3,16.1,20.0,12.3,16.1,83.7,0.0,0,0.0,13.0,1017.8,Partially cloudy,1674.0,1029.51,1347.57,7.7,270.1645926
2/6/2024,19.5,9.0,13.5,19.5,7.6,13.3,72.9,0.0,0,0.0,14.8,1019.8,Partially cloudy,1421.55,656.1,984.15,10.5,286.5542353
2/7/2024,20.1,9.5,13.5,20.1,9.5,13.5,67.7,0.0,0,0.0,18.4,1020.6,Partially cloudy,1360.77,643.15,913.95,10.6,280.3479199
2/8/2024,21.0,8.0,14.3,21.0,5.7,13.9,66.3,0.0,0,0.0,22.3,1018.7,Clear,1392.3,530.4,948.09,13.0,272.4558548
2/9/2024,22.7,9.0,15.0,22.7,7.2,14.8,57.8,0.0,0,0.0,11.9,1019.1,Clear,1312.06,520.2,867.0,13.7,252.3248595
2/10/2024,22.5,7.8,14.9,22.5,7.8,14.9,69.6,0.0,0,0.0,9.4,1021.4,Clear,1566.0,542.88,1037.04,14.7,272.3866657
2/11/2024,23.2,9.0,15.2,23.2,8.5,15.1,73.7,0.0,0,0.0,9.4,1020.8,Clear,1709.84,663.3,1120.24,14.2,274.0553443
2/12/2024,22.2,9.6,15.6,22.2,9.6,15.6,79.1,0.0,0,0.0,11.2,1019.9,Partially cloudy,1756.02,759.36,1233.96,12.6,273.8027155
2/13/2024,22.0,10.5,15.9,22.0,10.5,15.9,80.5,0.0,0,0.0,11.9,1019.0,Partially cloudy,1771.0,845.25,1279.95,11.5,271.7225032
2/14/2024,23.1,11.0,16.7,23.1,11.0,16.7,76.4,0.0,0,0.0,13.0,1018.7,Partially cloudy,1764.84,840.4,1275.88,12.1,264.228576
2/15/2024,24.7,10.8,17.0,24.7,10.8,17.0,71.0,0.0,0,0.0,14.8,1019.6,Clear,1753.7,766.8,1207.0,13.9,258.4390145
2/16/2024,25.7,9.6,17.3,25.7,9.6,17.3,63.4,0.0,0,0.0,13.0,1020.0,Clear,1629.38,608.64,1096.82,16.1,247.4775935
2/17/2024,25.5,9.7,17.2,25.5,9.7,17.2,62.0,0.0,0,0.0,14.8,1015.6,Clear,1581.0,601.4,1066.4,15.8,245.9916573
2/18/2024,28.6,10.7,19.2,27.1,10.7,19.1,59.7,0.0,0,0.0,13.0,1012.6,Partially cloudy,1707.42,638.79,1146.24,17.9,229.7875063
2/19/2024,27.3,15.7,21.0,27.2,15.7,21.0,56.8,0.0,0,0.0,24.1,1010.5,Partially cloudy,1550.64,891.76,1192.8,11.6,214.5610418
2/20/2024,27.0,16.0,21.0,27.5,16.0,21.0,72.4,2.0,100,4.17,14.8,1010.5,"Rain, Partially cloudy",1954.8,1158.4,1520.4,11.0,231.4628654
2/21/2024,26.0,14.0,19.4,26.0,14.0,19.4,66.5,0.0,0,0.0,15.6,1010.7,Partially cloudy,1729.0,931.0,1290.1,12.0,237.5633483
2/22/2024,25.4,13.8,19.1,25.4,13.8,19.1,50.1,0.0,0,0.0,14.8,1013.3,Partially cloudy,1272.54,691.38,956.91,11.6,211.3019019
2/23/2024,23.5,10.0,16.9,23.5,10.0,16.9,51.3,0.0,0,0.0,14.8,1016.2,Clear,1205.55,513.0,866.97,13.5,225.9684375
2/24/2024,24.1,10.9,17.4,24.1,10.9,17.4,50.2,0.0,0,0.0,7.6,1016.4,Partially cloudy,1209.82,547.18,873.48,13.2,220.4898655
2/25/2024,25.3,10.9,18.3,25.3,10.9,18.3,44.8,0.0,0,0.0,16.6,1018.5,Partially cloudy,1133.44,488.32,819.84,14.4,201.3859738
2/26/2024,24.6,12.6,18.8,24.6,12.6,18.8,42.8,0.0,0,0.0,9.4,1018.4,Partially cloudy,1052.88,539.28,804.64,12.0,193.2657627
2/27/2024,24.0,14.2,18.8,24.0,14.2,18.8,51.5,0.0,0,0.0,14.8,1018.1,Partially cloudy,1236.0,731.3,968.2,9.8,216.1340974
2/28/2024,24.6,12.0,18.0,24.6,12.0,18.0,63.5,0.0,0,0.0,18.4,1016.4,Clear,1562.1,762.0,1143.0,12.6,243.0357508
2/29/2024,26.0,12.0,19.1,26.0,12.0,19.1,59.5,0.0,0,0.0,16.0,1015.2,Clear,1547.0,714.0,1136.45,14.0,230.0689126
3/1/2024,29.0,13.8,21.6,27.7,13.8,21.4,56.6,0.0,0,0.0,20.5,1014.0,Partially cloudy,1641.4,781.08,1222.56,15.2,210.9007921
3/2/2024,24.4,18.0,21.2,24.4,18.0,21.2,70.5,7.274,100,12.5,28.1,1010.9,"Rain, Partially cloudy",1720.2,1269.0,1494.6,6.4,229.0663004
3/3/2024,24.8,15.7,19.4,24.8,15.7,19.4,62.3,0.448,100,4.17,16.6,1011.9,"Rain, Partially cloudy",1545.04,978.11,1208.62,9.1,232.4411702
3/4/2024,23.7,11.8,17.9,23.7,11.8,17.9,46.8,0.0,0,0.0,11.2,1016.2,Clear,1109.16,552.24,837.72,11.9,208.9342224
3/5/2024,22.6,11.0,16.7,22.6,11.0,16.7,49.7,0.0,0,0.0,18.4,1017.4,Partially cloudy,1123.22,546.7,829.99,11.6,222.9477658
3/6/2024,22.2,10.0,16.4,22.2,8.4,16.4,51.5,0.0,0,0.0,14.6,1015.8,Partially cloudy,1143.3,515.0,844.6,12.2,229.2453288
3/7/2024,25.3,11.5,18.7,25.3,11.5,18.7,51.2,0.0,0,0.0,16.6,1015.1,Partially cloudy,1295.36,588.8,957.44,13.8,215.9766134
3/8/2024,26.8,12.6,19.9,26.1,12.6,19.9,50.7,0.0,0,0.0,16.6,1016.0,Clear,1358.76,638.82,1008.93,14.2,208.554657
3/9/2024,26.0,12.0,19.0,26.0,12.0,19.0,53.4,0.0,0,0.0,18.4,1016.0,Clear,1388.4,640.8,1014.6,14.0,219.2302952
3/10/2024,27.5,12.0,19.8,26.7,12.0,19.8,52.3,0.0,0,0.0,13.0,1015.4,Partially cloudy,1438.25,627.6,1035.54,15.5,212.570352
3/11/2024,30.2,16.0,23.2,28.7,16.0,22.8,47.4,0.0,0,0.0,13.0,1016.4,Partially cloudy,1431.48,758.4,1099.68,14.2,185.3465304
3/12/2024,29.6,16.3,22.9,28.4,16.3,22.7,50.4,0.0,0,0.0,13.0,1014.6,Clear,1491.84,821.52,1154.16,13.3,192.9667575
3/13/2024,30.2,15.1,22.3,28.7,15.1,22.0,54.9,0.0,0,0.0,18.4,1012.2,Partially cloudy,1657.98,828.99,1224.27,15.1,204.2852527
3/14/2024,29.3,16.2,23.0,28.3,16.2,22.7,53.0,0.0,0,0.0,14.8,1014.8,Partially cloudy,1552.9,858.6,1219.0,13.1,197.3606829
3/15/2024,28.0,14.0,21.4,26.8,14.0,21.2,45.6,0.0,0,0.0,20.5,1014.4,Clear,1276.8,638.4,975.84,14.0,189.2782161
3/16/2024,29.0,14.6,21.6,27.5,14.6,21.3,45.9,0.0,0,0.0,13.9,1015.9,Partially cloudy,1331.1,670.14,991.44,14.4,189.1143902
3/17/2024,29.7,14.3,21.9,28.2,14.3,21.5,49.0,0.0,0,0.0,13.0,1015.3,Partially cloudy,1455.3,700.7,1073.1,15.4,194.8649262
3/18/2024,29.6,14.0,21.8,28.1,14.0,21.5,50.6,0.0,0,0.0,13.0,1013.8,Partially cloudy,1497.76,708.4,1103.08,15.6,198.744753
3/19/2024,30.2,14.6,23.0,28.8,14.6,22.6,49.2,0.0,0,0.0,15.7,1013.3,Clear,1485.84,718.32,1131.6,15.6,190.0696334
3/20/2024,33.0,16.1,24.3,30.8,16.1,23.7,49.4,0.0,0,0.0,13.0,1013.3,Clear,1630.2,795.34,1200.42,16.9,184.4283029
3/21/2024,28.7,17.9,23.1,28.6,17.9,23.1,62.3,0.0,0,0.0,18.4,1013.2,Partially cloudy,1788.01,1115.17,1439.13,10.8,210.2090667
3/22/2024,33.0,19.0,25.3,31.8,19.0,25.2,58.9,0.0,0,0.0,16.6,1009.8,Clear,1943.7,1119.1,1490.17,14.0,194.1893916
3/23/2024,33.0,18.9,26.5,31.6,18.9,25.9,51.1,0.0,0,0.0,18.4,1008.8,Clear,1686.3,965.79,1354.15,14.1,177.4074224
3/24/2024,29.0,19.0,24.6,28.6,19.0,24.5,54.6,0.085,100,4.17,18.4,1011.2,"Rain, Partially cloudy",1583.4,1037.4,1343.16,10.0,191.9659003
3/25/2024,32.5,17.4,24.9,32.5,17.4,24.7,58.7,0.0,0,0.0,18.4,1012.8,Clear,1907.75,1021.38,1461.63,15.1,196.0613796
3/26/2024,34.0,19.0,26.4,32.3,19.0,25.9,50.7,0.0,0,0.0,16.6,1011.7,Partially cloudy,1723.8,963.3,1338.48,15.0,177.2052156
3/27/2024,36.0,22.0,29.0,35.8,22.0,28.7,44.3,0.0,0,0.0,14.8,1013.4,Partially cloudy,1594.8,974.6,1284.7,14.0,155.3497521
3/28/2024,36.0,23.0,29.7,34.7,23.0,29.3,40.9,0.0,0,0.0,14.8,1011.1,Partially cloudy,1472.4,940.7,1214.73,13.0,146.3552252
3/29/2024,36.0,21.0,28.8,36.2,21.0,28.9,51.4,0.4,100,12.5,16.6,1010.0,"Rain, Partially cloudy",1850.4,1079.4,1480.32,15.0,167.7077041
3/30/2024,34.0,24.0,29.5,34.0,24.0,29.6,46.1,0.3,100,12.5,14.8,1010.4,"Rain, Partially cloudy",1567.4,1106.4,1359.95,10.0,156.6510216
3/31/2024,35.0,23.0,28.8,32.9,23.0,28.2,44.4,0.0,0,0.0,22.3,1011.7,Clear,1554.0,1021.2,1278.72,12.0,156.2774386
4/1/2024,31.0,19.0,25.3,29.0,19.0,24.7,49.2,0.0,0,0.0,16.6,1009.9,Partially cloudy,1525.2,934.8,1244.76,12.0,179.5181902
4/2/2024,33.0,18.3,26.2,30.7,18.3,25.4,36.0,0.0,0,0.0,18.4,1008.3,Partially cloudy,1188.0,658.8,943.2,14.7,146.2907534
4/3/2024,36.0,19.4,28.2,34.2,19.4,27.2,34.2,0.0,0,0.0,11.2,1008.8,Partially cloudy,1231.2,663.48,964.44,16.6,135.6845757
4/4/2024,36.1,22.1,29.7,34.9,22.1,28.7,31.3,0.0,0,0.0,14.8,1008.9,Partially cloudy,1129.93,691.73,929.61,14.0,124.3121439
4/5/2024,36.0,22.5,29.8,33.7,22.5,28.8,30.8,0.0,0,0.0,17.0,1008.4,Partially cloudy,1108.8,693.0,917.84,13.5,122.7731039
4/6/2024,34.5,21.0,28.6,33.0,21.0,27.6,29.2,0.0,0,0.0,16.6,1008.4,Clear,1007.4,613.2,835.12,13.5,121.1343133
4/7/2024,36.0,19.0,28.0,33.4,19.0,26.9,28.3,0.0,0,0.0,18.4,1008.4,Clear,1018.8,537.7,792.4,17.0,119.8273364
4/8/2024,36.1,19.9,28.9,34.2,19.9,27.8,28.9,0.0,0,0.0,17.3,1009.4,Clear,1043.29,575.11,835.21,16.2,119.6225977
4/9/2024,37.0,20.2,29.5,34.8,20.2,28.2,26.2,0.0,0,0.0,14.8,1010.0,Partially cloudy,969.4,529.24,772.9,16.8,110.6262131
4/10/2024,37.3,19.4,29.6,35.2,19.4,28.4,28.5,0.0,0,0.0,12.7,1010.1,Clear,1063.05,552.9,843.6,17.9,117.0069794
4/11/2024,38.0,21.9,30.0,35.8,21.9,29.1,31.3,0.0,0,0.0,16.6,1011.1,Partially cloudy,1189.4,685.47,939.0,16.1,123.5984732
4/12/2024,38.4,23.0,30.9,37.8,23.0,29.9,31.3,0.0,0,0.0,9.4,1010.2,Partially cloudy,1201.92,719.9,967.17,15.4,121.4895068
4/13/2024,38.4,24.9,29.3,39.1,24.9,28.8,40.1,2.045,100,4.17,24.1,1010.0,"Rain, Partially cloudy",1539.84,998.49,1174.93,13.5,146.0492524
4/14/2024,31.3,24.0,26.4,32.6,24.0,26.6,57.8,0.896,100,4.17,16.6,1012.0,"Rain, Partially cloudy",1809.14,1387.2,1525.92,7.3,187.2221912
4/15/2024,34.0,23.1,28.6,35.3,23.1,28.7,53.8,0.0,0,0.0,9.4,1011.6,Partially cloudy,1829.2,1242.78,1538.68,10.9,171.8074417
4/16/2024,35.0,25.0,29.9,33.7,25.0,29.2,38.9,0.0,0,0.0,20.5,1010.7,Partially cloudy,1361.5,972.5,1163.11,10.0,141.6094776
4/17/2024,35.0,22.0,29.1,32.5,22.0,27.8,28.5,0.0,0,0.0,20.5,1009.2,Partially cloudy,997.5,627.0,829.35,13.0,118.0592055
4/18/2024,38.0,23.0,31.0,36.1,23.0,29.8,25.9,0.0,0,0.0,20.5,1007.6,Partially cloudy,984.2,595.7,802.9,15.0,107.088424
4/19/2024,38.0,26.7,32.5,38.9,27.0,31.8,32.0,0.0,0,0.0,14.8,1004.7,Partially cloudy,1216.0,854.4,1040.0,11.3,119.4606068
4/20/2024,36.3,24.9,30.9,36.3,24.9,30.2,36.2,0.0,0,0.0,18.4,1004.7,Clear,1314.06,901.38,1118.58,11.4,132.8671001
4/21/2024,36.0,25.0,31.0,35.6,25.0,30.2,33.7,0.0,0,0.0,20.5,1006.0,Partially cloudy,1213.2,842.5,1044.7,11.0,126.988729
4/22/2024,36.5,25.0,31.0,35.4,25.0,30.0,31.8,0.0,0,0.0,18.4,1007.0,Partially cloudy,1160.7,795.0,985.8,11.5,122.4807937
4/23/2024,36.5,22.9,29.2,35.7,22.9,28.5,40.5,3.195,100,4.17,27.6,1006.5,"Rain, Partially cloudy",1478.25,927.45,1182.6,13.6,147.2110639
4/24/2024,37.0,20.6,29.6,35.9,20.6,28.7,41.4,0.0,0,0.0,18.4,1006.5,Clear,1531.8,852.84,1225.44,16.4,147.6840534
4/25/2024,39.0,22.0,31.4,37.1,22.0,30.1,31.1,0.0,0,0.0,20.1,1006.3,Partially cloudy,1212.9,684.2,976.54,17.0,119.8535378
4/26/2024,40.0,23.4,31.8,38.0,23.4,30.8,33.9,3.0,100,4.17,16.6,1005.0,"Rain, Partially cloudy",1356.0,793.26,1078.02,16.6,125.4127102
4/27/2024,38.0,24.8,31.5,36.5,24.8,30.9,37.7,0.0,0,0.0,18.4,1006.1,Partially cloudy,1432.6,934.96,1187.55,13.2,134.3036857
4/28/2024,37.2,24.8,31.2,35.5,24.8,30.2,31.6,0.0,0,0.0,11.2,1007.1,Partially cloudy,1175.52,783.68,985.92,12.4,121.5264588
4/29/2024,37.9,24.1,30.9,37.2,24.1,30.2,36.0,0.0,0,0.0,16.6,1006.7,Partially cloudy,1364.4,867.6,1112.4,13.8,132.4312517
4/30/2024,36.0,23.0,29.7,33.4,23.0,28.6,30.2,0.0,0,0.0,18.4,1005.9,Clear,1087.2,694.6,896.94,13.0,121.418635
5/1/2024,33.0,22.0,28.2,30.6,22.0,27.0,20.8,0.0,0,0.0,18.4,1004.4,Clear,686.4,457.6,586.56,11.0,95.44287009
5/2/2024,35.2,20.4,28.7,32.9,20.4,27.5,25.1,0.0,0,0.0,20.5,1005.1,Clear,883.52,512.04,720.37,14.8,108.7418178
5/3/2024,38.0,20.3,30.3,35.3,20.3,28.9,24.7,0.0,0,0.0,18.4,1005.8,Partially cloudy,938.6,501.41,748.41,17.7,104.8303802
5/4/2024,40.0,24.8,32.7,38.1,24.8,31.2,23.9,0.0,0,0.0,14.8,1005.6,Partially cloudy,956.0,592.72,781.53,15.2,98.88828353
5/5/2024,41.0,24.8,33.8,39.6,24.8,32.3,24.4,0.0,0,0.0,14.8,1001.7,Clear,1000.4,605.12,824.72,16.2,98.6266569
5/6/2024,40.1,26.0,34.1,43.6,26.0,33.2,27.8,0.0,0,0.0,20.5,1003.7,Clear,1114.78,722.8,947.98,14.1,106.5045303
5/7/2024,41.4,25.6,34.2,42.1,25.6,34.3,33.1,0.0,0,0.0,16.6,1005.1,Partially cloudy,1370.34,847.36,1132.02,15.8,117.9336237
5/8/2024,36.5,28.0,32.2,41.6,30.1,34.6,50.2,0.0,0,0.0,20.5,1006.0,Clear,1832.3,1405.6,1616.44,8.5,152.2175257
5/9/2024,37.1,26.0,31.7,41.6,26.0,33.3,48.3,0.0,0,0.0,20.5,1005.6,Clear,1791.93,1255.8,1531.11,11.1,151.6602018
5/10/2024,38.1,28.0,32.6,44.2,28.3,35.1,49.0,0.0,0,0.0,27.7,1006.6,Partially cloudy,1866.9,1372.0,1597.4,10.1,149.1963519
5/11/2024,38.0,26.0,31.8,40.2,26.0,32.1,41.4,0.17,100,4.17,27.7,1008.8,"Rain, Partially cloudy",1573.2,1076.4,1316.52,12.0,140.4240179
5/12/2024,39.0,27.0,33.0,40.6,28.6,33.9,41.2,0.0,0,0.0,13.0,1008.4,Partially cloudy,1606.8,1112.4,1359.6,12.0,136.29329
5/13/2024,40.0,28.0,34.0,41.4,29.0,34.2,34.5,0.0,0,0.0,16.6,1008.5,Partially cloudy,1380.0,966.0,1173.0,12.0,121.2225388
5/14/2024,40.2,25.2,33.8,38.9,25.2,32.6,29.9,0.0,0,0.0,20.5,1008.6,Clear,1201.98,753.48,1010.62,15.0,111.9122029
5/15/2024,41.0,24.9,34.2,39.5,24.9,32.7,25.0,0.0,0,0.0,16.6,1008.5,Clear,1025.0,622.5,855.0,16.1,99.56007042
5/16/2024,42.0,27.0,35.0,42.5,27.5,34.7,29.6,0.0,0,0.0,13.0,1007.5,Clear,1243.2,799.2,1036.0,15.0,108.8980708
5/17/2024,44.0,27.1,36.9,44.0,27.7,36.4,26.0,0.0,0,0.0,16.6,1004.3,Clear,1144.0,704.6,959.4,16.9,97.90014245
5/18/2024,44.0,28.2,37.1,44.0,29.7,36.7,25.9,0.0,0,0.0,18.4,1001.8,Clear,1139.6,730.38,960.89,15.8,97.39311996
5/19/2024,45.0,29.3,38.1,45.0,30.1,37.6,23.2,0.0,0,0.0,18.4,1000.1,Clear,1044.0,679.76,883.92,15.7,90.23193322
5/20/2024,44.0,30.1,37.9,44.0,29.8,37.3,23.2,0.0,0,0.0,18.4,1000.9,Partially cloudy,1020.8,698.32,879.28,13.9,90.46010374
5/21/2024,42.0,31.0,35.8,46.3,33.5,38.4,40.2,0.0,0,0.0,18.4,1002.2,Partially cloudy,1688.4,1246.2,1439.16,11.0,126.4529393
5/22/2024,41.7,31.2,36.0,49.8,34.1,40.4,44.0,0.0,0,0.0,18.4,1002.1,Clear,1834.8,1372.8,1584.0,10.5,131.204477
5/23/2024,40.0,30.9,35.2,47.2,33.7,39.1,45.0,0.0,0,0.0,22.3,1001.8,Clear,1800.0,1390.5,1584.0,9.1,135.0131583
5/24/2024,40.7,31.0,35.4,46.9,33.7,39.0,43.7,0.0,0,0.0,22.3,1001.7,Clear,1778.59,1354.7,1546.98,9.7,132.6553466
5/25/2024,43.0,31.0,37.3,48.3,33.7,39.6,35.8,0.0,0,0.0,18.4,999.8,Clear,1539.4,1109.8,1335.34,12.0,115.7084339
5/26/2024,44.5,28.1,37.9,46.1,29.4,38.1,26.9,0.0,0,0.0,16.6,998.0,Clear,1197.05,755.89,1019.51,16.4,98.30355941
5/27/2024,45.0,30.3,38.6,45.0,32.5,38.4,24.9,0.0,0,0.0,16.6,995.4,Clear,1120.5,754.47,961.14,14.7,93.24316902
5/28/2024,46.0,28.8,38.6,46.0,30.9,38.5,23.7,0.0,0,0.0,16.6,993.5,Clear,1090.2,682.56,914.82,17.2,90.73494384
5/29/2024,47.9,30.5,38.0,47.9,30.2,38.4,26.6,0.0,0,0.0,21.5,994.7,Partially cloudy,1274.14,811.3,1010.8,17.4,97.54634768
5/30/2024,46.0,32.1,39.1,46.0,33.3,39.0,22.9,0.0,0,0.0,19.2,997.9,Partially cloudy,1053.4,735.09,895.39,13.9,88.48465857
5/31/2024,46.0,29.9,38.6,46.0,31.6,38.7,24.8,0.0,0,0.0,18.4,999.3,Clear,1140.8,741.52,957.28,16.1,93.03688522
6/1/2024,43.6,31.7,36.5,43.6,32.3,36.1,27.3,0.0,0,0.0,18.4,1001.2,Partially cloudy,1190.28,865.41,996.45,11.9,101.3143185
6/2/2024,42.1,30.8,36.7,44.6,31.3,36.8,29.1,0.0,0,0.0,16.6,1002.7,Partially cloudy,1225.11,896.28,1067.97,11.3,104.7232433
6/3/2024,44.0,30.8,37.2,44.0,31.4,37.4,29.1,0.0,0,0.0,15.3,1001.5,Partially cloudy,1280.4,896.28,1082.52,13.2,103.8449203
6/4/2024,44.0,31.0,37.0,46.3,32.4,38.3,32.4,0.0,0,0.0,18.4,1001.5,Partially cloudy,1425.6,1004.4,1198.8,13.0,110.5019617
6/5/2024,44.0,29.8,37.8,44.8,33.0,38.3,28.2,0.0,0,0.0,27.7,1001.8,Partially cloudy,1240.8,840.36,1065.96,14.2,101.0570959
6/6/2024,40.7,26.7,33.8,43.4,27.7,34.6,39.4,0.851,100,4.17,28.0,1005.2,"Rain, Partially cloudy",1603.58,1051.98,1331.72,14.0,130.8321577
6/7/2024,42.0,28.8,35.6,43.2,28.4,35.4,29.9,0.0,0,0.0,18.4,1002.6,Partially cloudy,1255.8,861.12,1064.44,13.2,108.3895197
6/8/2024,41.0,30.4,35.8,42.1,30.3,35.7,29.4,0.0,0,0.0,18.4,1001.5,Partially cloudy,1205.4,893.76,1052.52,10.6,106.969122
6/9/2024,42.0,28.4,36.0,40.4,29.4,34.8,25.3,0.0,0,0.0,18.4,1001.3,Clear,1062.6,718.52,910.8,13.6,97.64468029
6/10/2024,43.2,30.9,37.3,42.9,30.8,36.3,23.4,0.0,0,0.0,18.4,1001.3,Partially cloudy,1010.88,723.06,872.82,12.3,91.60817081
6/11/2024,44.0,29.5,37.2,44.0,29.7,36.4,23.9,0.0,0,0.0,16.6,1000.7,Partially cloudy,1051.6,705.05,889.08,14.5,92.85749772
6/12/2024,44.1,30.4,37.6,44.1,30.7,37.0,24.0,0.0,0,0.0,16.6,1000.4,Clear,1058.4,729.6,902.4,13.7,92.58386995
6/13/2024,45.0,31.3,38.8,45.0,32.0,38.6,23.3,0.0,0,0.0,18.4,999.2,Partially cloudy,1048.5,729.29,904.04,13.7,89.65860999
6/14/2024,44.0,33.0,37.8,44.8,33.3,38.4,28.6,0.0,0,0.0,24.0,998.8,Partially cloudy,1258.4,943.8,1081.08,11.0,101.8407633
6/15/2024,45.0,32.0,38.3,45.0,32.0,38.8,27.8,0.0,0,0.0,27.7,998.7,Partially cloudy,1251.0,889.6,1064.74,13.0,99.47629743
6/16/2024,45.0,33.0,39.1,45.8,33.0,40.1,27.6,0.0,0,0.0,24.8,999.1,Clear,1242.0,910.8,1079.16,12.0,97.865556
6/17/2024,45.0,34.0,39.5,46.6,34.1,41.0,28.7,0.0,0,0.0,23.5,999.0,Clear,1291.5,975.8,1133.65,11.0,99.26729252
6/18/2024,44.0,34.8,39.5,48.6,36.9,42.2,31.1,0.0,0,0.0,25.2,996.8,Partially cloudy,1368.4,1082.28,1228.45,9.2,103.4273101
6/19/2024,43.0,32.4,38.9,50.5,34.9,42.4,33.1,0.0,0,0.0,27.6,995.0,Partially cloudy,1423.3,1072.44,1287.59,10.6,107.8653693
6/20/2024,38.7,29.7,33.7,46.4,30.8,36.6,45.9,0.0,0,0.0,18.4,997.5,Partially cloudy,1776.33,1363.23,1546.83,9.0,141.1786112
6/21/2024,38.0,27.0,31.9,45.6,30.1,36.3,60.4,3.552,100,4.17,14.8,999.4,"Rain, Partially cloudy",2295.2,1630.8,1926.76,11.0,163.035203
6/22/2024,38.6,29.0,33.2,46.4,32.7,38.1,55.7,0.0,0,0.0,16.6,999.4,Partially cloudy,2150.02,1615.3,1849.24,9.6,153.8742738
6/23/2024,39.1,30.0,33.5,50.1,33.3,40.4,59.2,1.556,100,4.17,18.4,1000.1,"Rain, Partially cloudy",2314.72,1776.0,1983.2,9.1,155.1580097
6/24/2024,38.3,30.0,33.2,49.2,37.7,41.5,65.3,0.881,100,8.33,18.4,999.0,"Rain, Partially cloudy",2500.99,1959.0,2167.96,8.3,159.2836875
6/25/2024,38.9,29.1,33.8,49.7,33.7,42.4,63.3,0.0,0,0.0,11.2,997.8,Partially cloudy,2462.37,1842.03,2139.54,9.8,155.8677146
6/26/2024,36.2,30.0,33.0,48.8,37.9,41.7,66.0,0.299,100,4.17,18.4,998.5,"Rain, Partially cloudy",2389.2,1980.0,2178.0,6.2,160.416791
6/27/2024,35.4,27.0,31.1,45.5,31.2,39.1,76.4,9.033,100,8.33,22.3,1001.0,"Rain, Partially cloudy",2704.56,2062.8,2376.04,8.4,170.0636169
6/28/2024,32.3,25.0,28.9,42.3,25.0,35.0,86.7,203.047,100,12.5,18.4,1000.2,"Rain, Partially cloudy",2800.41,2167.5,2505.63,7.3,177.0926247
6/29/2024,34.7,28.4,30.3,45.3,36.1,39.6,84.1,7.656,100,4.17,14.0,998.6,"Rain, Partially cloudy",2918.27,2388.44,2548.23,6.3,170.7579163
6/30/2024,36.6,28.6,32.6,49.6,36.5,43.9,76.1,0.0,0,0.0,14.8,998.0,Partially cloudy,2785.26,2176.46,2480.86,8.0,162.1496455
7/1/2024,35.2,29.0,32.1,45.9,35.6,41.4,72.6,0.0,0,0.0,11.2,995.9,Partially cloudy,2555.52,2105.4,2330.46,6.2,165.4441545
7/2/2024,36.0,30.8,33.0,48.4,39.1,43.1,70.0,0.6,100,4.17,14.8,994.2,"Rain, Partially cloudy",2520.0,2156.0,2310.0,5.2,160.9851697
7/3/2024,34.0,25.5,29.5,47.9,25.5,37.2,87.2,9.747,100,4.17,14.8,997.2,"Rain, Partially cloudy",2964.8,2223.6,2572.4,8.5,173.0074661
7/4/2024,31.3,26.0,28.6,42.2,26.0,35.4,90.2,0.988,100,8.33,11.2,999.8,"Rain, Partially cloudy",2823.26,2345.2,2579.72,5.3,175.6139173
7/5/2024,32.4,28.0,29.6,44.3,34.0,38.3,87.4,0.51,100,4.17,18.4,996.8,"Rain, Partially cloudy",2831.76,2447.2,2587.04,4.4,172.2241954
7/6/2024,33.8,28.0,29.7,45.6,34.2,37.8,85.4,0.03,100,4.17,14.8,995.7,"Rain, Partially cloudy",2886.52,2391.2,2536.38,5.8,173.3162651
7/7/2024,34.5,26.9,29.8,43.2,30.8,35.2,76.4,0.0,0,0.0,18.4,999.1,Partially cloudy,2635.8,2055.16,2276.72,7.6,177.2801775
7/8/2024,31.1,26.0,28.3,37.0,26.0,32.6,83.2,0.0,0,0.0,18.4,1002.0,Partially cloudy,2587.52,2163.2,2354.56,5.1,183.3096115
7/9/2024,32.0,27.9,29.6,44.1,33.5,38.0,87.0,27.565,100,8.33,18.4,1002.8,"Rain, Partially cloudy",2784.0,2427.3,2575.2,4.1,172.5820296
7/10/2024,36.0,28.0,30.8,47.7,33.5,41.1,85.0,12.24,100,4.17,14.8,1002.5,"Rain, Partially cloudy",3060.0,2380.0,2618.0,8.0,167.1809098
7/11/2024,39.2,28.3,33.5,51.7,36.4,44.3,72.2,4.253,100,4.17,11.2,998.4,"Rain, Partially cloudy",2830.24,2043.26,2418.7,10.9,158.4155244
7/12/2024,33.8,29.0,31.4,40.3,32.7,37.1,64.7,0.0,0,0.0,16.6,997.0,Partially cloudy,2186.86,1876.3,2031.58,4.8,167.6809374
7/13/2024,35.0,27.0,30.3,43.6,31.2,37.5,77.9,19.909,100,8.33,11.3,997.8,"Rain, Partially cloudy",2726.5,2103.3,2360.37,8.0,174.036891
7/14/2024,35.6,28.9,32.3,45.6,36.8,41.5,73.1,0.3,100,8.33,13.0,997.6,"Rain, Partially cloudy",2602.36,2112.59,2361.13,6.7,164.3602098
7/15/2024,34.0,25.0,31.3,46.5,25.0,41.4,79.3,7.331,100,4.17,14.8,1000.1,"Rain, Partially cloudy",2696.2,1982.5,2482.09,9.0,167.9025085
7/16/2024,37.4,30.0,33.2,50.1,40.4,44.8,73.5,0.0,0,0.0,18.4,1000.6,Partially cloudy,2748.9,2205.0,2440.2,7.4,159.7156138
7/17/2024,36.0,30.9,32.7,50.1,41.1,45.1,77.1,0.0,0,0.0,14.7,1000.7,Partially cloudy,2775.6,2382.39,2521.17,5.1,161.2847869
7/18/2024,35.6,26.0,31.0,49.7,26.0,41.7,83.6,4.149,100,4.17,18.4,999.4,"Rain, Partially cloudy",2976.16,2173.6,2591.6,9.6,167.0816164
7/19/2024,35.0,28.2,31.5,51.0,35.2,43.1,82.9,0.0,0,0.0,14.8,998.2,Partially cloudy,2901.5,2337.78,2611.35,6.8,164.7434571
7/20/2024,36.9,28.0,32.4,49.7,34.4,42.4,75.1,0.2,100,4.17,11.2,999.0,"Rain, Partially cloudy",2771.19,2102.8,2433.24,8.9,163.4711811
7/21/2024,36.0,29.4,32.6,51.5,39.7,45.0,77.0,5.955,100,4.17,20.5,998.7,"Rain, Partially cloudy",2772.0,2263.8,2510.2,6.6,161.8457494
7/22/2024,35.3,27.6,30.9,49.1,34.2,41.7,84.8,27.714,100,8.33,16.6,999.1,"Rain, Partially cloudy",2993.44,2340.48,2620.32,7.7,166.7619439
7/23/2024,34.7,28.8,31.4,50.4,37.1,43.7,84.5,1.045,100,4.17,11.2,998.0,"Rain, Partially cloudy",2932.15,2433.6,2653.3,5.9,164.1446192
7/24/2024,33.0,26.0,30.0,46.2,26.0,39.2,87.5,32.565,100,12.5,14.8,994.8,"Rain, Partially cloudy",2887.5,2275.0,2625.0,7.0,169.735012
7/25/2024,35.6,27.5,31.2,49.3,33.5,42.2,83.8,9.357,100,8.33,9.4,994.0,"Rain, Partially cloudy",2983.28,2304.5,2614.56,8.1,165.8014797
7/26/2024,33.0,27.1,30.9,46.7,32.0,42.0,85.7,32.459,100,8.33,11.2,995.4,"Rain, Partially cloudy",2828.1,2322.47,2648.13,5.9,166.0368608
7/27/2024,35.0,29.0,31.3,49.8,38.2,43.5,85.7,0.0,0,0.0,16.6,997.6,Partially cloudy,2999.5,2485.3,2682.41,6.0,163.743442
7/28/2024,37.0,28.8,33.0,50.9,36.8,44.3,74.6,0.03,100,4.17,14.8,997.8,"Rain, Partially cloudy",2760.2,2148.48,2461.8,8.2,160.4978466
7/29/2024,37.5,30.0,33.6,51.9,39.8,45.0,70.6,0.0,0,0.0,16.6,998.0,Partially cloudy,2647.5,2118.0,2372.16,7.5,158.0469457
7/30/2024,39.0,31.0,34.4,52.7,40.6,46.7,68.8,0.0,0,0.0,13.0,999.3,Partially cloudy,2683.2,2132.8,2366.72,8.0,154.2261189
7/31/2024,37.0,25.5,31.9,52.6,25.5,41.9,78.7,89.37,100,8.33,18.4,999.3,"Rain, Partially cloudy",2911.9,2006.85,2510.53,11.5,164.892095
8/1/2024,32.5,25.0,28.8,42.3,25.0,34.2,85.6,12.656,100,4.17,11.2,999.5,"Rain, Overcast",2782.0,2140.0,2465.28,7.5,178.5951251
8/2/2024,32.5,27.5,29.7,44.3,33.4,38.4,86.3,3.045,100,8.33,13.0,997.7,"Rain, Partially cloudy",2804.75,2373.25,2563.11,5.0,172.5849239
8/3/2024,34.2,28.0,30.3,44.8,34.1,38.5,81.5,0.37,100,8.33,16.6,999.5,"Rain, Partially cloudy",2787.3,2282.0,2469.45,6.2,172.421293
8/4/2024,34.5,27.4,30.5,44.7,32.6,37.6,77.8,4.403,100,4.17,18.4,1001.4,"Rain, Partially cloudy",2684.1,2131.72,2372.9,7.1,172.9482068
8/5/2024,32.2,28.0,30.0,43.0,33.5,37.6,80.1,0.0,0,0.0,20.5,1000.7,Partially cloudy,2579.22,2242.8,2403.0,4.2,174.8633256
8/6/2024,33.7,27.0,30.0,42.6,31.8,37.0,80.1,0.0,0,0.0,13.0,999.7,Partially cloudy,2699.37,2162.7,2403.0,6.7,174.8633256
8/7/2024,30.8,26.9,28.1,40.2,31.2,34.5,92.6,19.17,100,16.67,11.2,1000.8,"Rain, Overcast",2852.08,2490.94,2602.06,3.9,176.0572155
8/8/2024,32.9,26.0,28.5,43.6,26.0,34.7,89.8,9.572,100,16.67,18.4,1002.4,"Rain, Overcast",2954.42,2334.8,2559.3,6.9,176.6599824
8/9/2024,33.9,27.0,29.0,46.5,31.2,36.5,89.1,18.942,100,12.5,13.0,1003.3,"Rain, Partially cloudy",3020.49,2405.7,2583.9,6.9,174.2619282
8/10/2024,31.5,27.0,28.9,44.3,31.2,36.5,90.0,0.881,100,8.33,13.0,1002.6,"Rain, Partially cloudy",2835.0,2430.0,2601.0,4.5,173.95535
8/11/2024,29.3,25.0,27.3,36.7,25.0,31.6,94.3,31.004,100,25.0,14.8,1001.4,"Rain, Overcast",2762.99,2357.5,2574.39,4.3,179.1128949
8/12/2024,29.0,26.0,27.5,38.0,26.0,32.7,95.2,6.4,100,41.67,13.0,1002.7,"Rain, Partially cloudy",2760.8,2475.2,2618.0,3.0,176.5983053
8/13/2024,32.0,26.0,28.7,44.1,26.0,36.0,91.2,56.818,100,16.67,14.8,1003.5,"Rain, Partially cloudy",2918.4,2371.2,2617.44,6.0,173.8922096
8/14/2024,34.8,27.9,30.6,46.1,34.5,40.2,83.8,0.0,0,0.0,14.8,1003.7,Partially cloudy,2916.24,2338.02,2564.28,6.9,169.2331045
8/15/2024,33.0,27.0,29.9,46.2,31.2,40.0,90.2,12.913,100,20.83,18.4,1002.8,"Rain, Partially cloudy",2976.6,2435.4,2696.98,6.0,167.6204475
8/16/2024,34.3,27.0,30.0,46.1,31.2,38.8,86.1,8.507,100,8.33,16.6,1001.9,"Rain, Partially cloudy",2953.23,2324.7,2583.0,7.3,170.9658315
8/17/2024,34.0,28.0,30.2,45.6,34.5,38.9,83.8,1.642,100,8.33,11.2,1004.4,"Rain, Partially cloudy",2849.2,2346.4,2530.76,6.0,171.5537167
8/18/2024,33.6,28.0,30.7,45.2,34.5,39.8,81.2,0.0,0,0.0,16.6,1004.9,Partially cloudy,2728.32,2273.6,2492.84,5.6,170.3026631
8/19/2024,34.5,28.0,30.9,47.3,34.5,39.7,79.2,0.0,0,0.0,14.8,1004.1,Partially cloudy,2732.4,2217.6,2447.28,6.5,170.1682822
8/20/2024,32.2,25.4,28.6,41.7,25.4,34.1,86.5,1.0,100,4.17,18.4,1004.4,"Rain, Partially cloudy",2785.3,2197.1,2473.9,6.8,179.10524
8/21/2024,35.5,27.0,30.4,45.4,30.1,37.4,77.2,0.0,0,0.0,13.0,1005.3,Partially cloudy,2740.6,2084.4,2346.88,8.5,173.6986688
8/22/2024,35.8,28.0,31.0,46.5,33.5,38.7,76.2,3.403,100,4.17,13.0,1004.0,"Rain, Partially cloudy",2727.96,2133.6,2362.2,7.8,170.6628559
8/23/2024,31.0,27.0,28.3,39.2,30.6,34.0,87.0,0.0,0,0.0,11.2,1005.1,Partially cloudy,2697.0,2349.0,2462.1,4.0,180.5486856
8/24/2024,34.6,26.9,30.3,48.2,31.1,38.8,82.2,0.0,0,0.0,11.2,1004.2,Partially cloudy,2844.12,2211.18,2490.66,7.7,172.0144298
8/25/2024,33.8,26.0,30.4,43.7,26.0,37.6,79.0,1.407,100,4.17,15.8,1002.0,"Rain, Partially cloudy",2670.2,2054.0,2401.6,7.8,173.0618502
8/26/2024,34.3,28.0,29.9,46.4,31.9,37.6,82.0,0.185,100,4.17,37.1,1001.7,"Rain, Partially cloudy",2812.6,2296.0,2451.8,6.3,174.4530263
8/27/2024,32.4,25.0,28.5,43.2,25.0,33.7,86.1,16.109,100,12.5,18.4,1003.9,"Rain, Partially cloudy",2789.64,2152.5,2453.85,7.4,180.0473334
8/28/2024,33.2,25.0,28.0,43.3,25.0,32.7,88.5,12.556,100,12.5,16.6,1004.0,"Rain, Partially cloudy",2938.2,2212.5,2478.0,8.2,181.0930169
8/29/2024,29.0,25.0,27.0,36.8,25.0,30.9,95.6,81.923,100,20.83,16.6,1004.2,"Rain, Overcast",2772.4,2390.0,2581.2,4.0,179.3490489
8/30/2024,34.0,25.8,29.4,43.9,25.8,35.1,82.8,0.299,100,4.17,18.4,1006.2,"Rain, Partially cloudy",2815.2,2136.24,2434.32,8.2,176.9181736
8/31/2024,35.0,27.0,30.8,46.7,31.2,39.6,80.1,0.0,0,0.0,14.8,1005.5,Partially cloudy,2803.5,2162.7,2467.08,8.0,170.3112014
9/1/2024,35.0,28.0,31.7,45.4,34.5,41.1,76.9,0.0,0,0.0,11.2,1004.9,Partially cloudy,2691.5,2153.2,2437.73,7.0,166.6627157
9/2/2024,32.2,27.0,29.3,41.9,31.2,37.0,86.6,19.744,100,8.33,13.0,1006.0,"Rain, Partially cloudy",2788.52,2338.2,2537.38,5.2,174.7398396
9/3/2024,35.1,28.0,30.9,45.0,33.1,39.2,79.1,0.0,0,0.0,18.4,1005.9,Partially cloudy,2776.41,2214.8,2444.19,7.1,170.2118015
9/4/2024,31.9,24.8,27.0,40.4,24.8,30.0,90.6,11.128,100,12.5,14.8,1004.1,"Rain, Partially cloudy",2890.14,2246.88,2446.2,7.1,185.4436756
9/5/2024,32.2,24.0,28.3,40.6,24.0,33.0,85.4,0.747,100,4.17,7.6,1002.3,"Rain, Partially cloudy",2749.88,2049.6,2416.82,8.2,181.8247927
9/6/2024,32.0,25.8,28.1,39.2,25.8,32.9,87.4,31.474,100,4.17,15.7,1003.7,"Rain, Partially cloudy",2796.8,2254.92,2455.94,6.2,181.4570811
9/7/2024,32.9,26.0,27.4,43.0,26.0,30.1,88.7,2.452,100,8.33,20.5,1004.9,"Rain, Overcast",2918.23,2306.2,2430.38,6.9,184.7351328
9/8/2024,29.0,26.0,27.2,36.6,26.0,31.5,95.2,0.26,100,8.33,13.0,1004.7,"Rain, Partially cloudy",2760.8,2475.2,2589.44,3.0,178.5724663
9/9/2024,33.8,26.0,28.8,45.7,26.0,35.4,89.9,2.24,100,4.17,16.6,1002.6,"Rain, Partially cloudy",3038.62,2337.4,2589.12,7.8,174.6818837
9/10/2024,34.3,25.0,28.1,45.5,25.0,32.6,88.1,6.747,100,4.17,18.4,1002.0,"Rain, Partially cloudy",3021.83,2202.5,2475.61,9.3,180.8323125
9/11/2024,32.0,26.0,28.4,40.9,26.0,33.2,87.0,1.821,100,4.17,9.4,1001.8,"Rain, Partially cloudy",2784.0,2262.0,2470.8,6.0,179.9256659
9/12/2024,29.0,24.0,26.1,36.8,24.0,28.0,95.4,16.134,100,16.67,18.4,1000.6,"Rain, Overcast",2766.6,2289.6,2489.94,5.0,185.6829354
9/13/2024,27.0,23.0,24.0,31.0,23.0,24.2,98.5,57.1,100,45.83,22.3,1001.5,"Rain, Overcast",2659.5,2265.5,2364.0,4.0,195.9804625
9/14/2024,31.0,23.0,26.5,37.6,23.0,29.1,87.5,1.0,100,8.33,16.6,1003.5,"Rain, Partially cloudy",2712.5,2012.5,2318.75,8.0,191.6459377
9/15/2024,32.0,25.0,28.0,36.7,25.0,31.2,81.8,0.2,100,4.17,20.5,1004.3,"Rain, Partially cloudy",2617.6,2045.0,2290.4,7.0,185.923452
9/16/2024,32.0,26.0,28.8,37.8,26.0,32.2,77.8,0.0,0,0.0,20.5,1005.8,Partially cloudy,2489.6,2022.8,2240.64,6.0,182.6822237
9/17/2024,33.0,26.0,29.0,38.0,26.0,33.0,78.1,0.0,0,0.0,13.0,1007.3,Partially cloudy,2577.3,2030.6,2264.9,7.0,181.4263023
9/18/2024,29.0,23.0,25.8,33.6,23.0,27.6,90.1,7.597,100,12.5,18.4,1005.8,"Rain, Overcast",2612.9,2072.3,2324.58,6.0,193.9378819
9/19/2024,30.8,23.0,26.7,39.1,23.0,29.9,88.8,2.597,100,8.33,20.5,1005.6,"Rain, Partially cloudy",2735.04,2042.4,2370.96,7.8,189.1913434
9/20/2024,34.4,25.5,29.1,42.3,25.5,32.8,76.3,0.0,0,0.0,11.2,1005.7,Partially cloudy,2624.72,1945.65,2220.33,8.9,181.2910971
9/21/2024,34.6,26.0,30.0,42.2,26.0,34.9,75.8,0.0,0,0.0,9.4,1006.9,Partially cloudy,2622.68,1970.8,2274.0,8.6,176.2824959
9/22/2024,35.0,27.0,30.9,44.1,30.6,38.0,74.6,0.0,0,0.0,8.2,1006.4,Partially cloudy,2611.0,2014.2,2305.14,8.0,171.5416151
9/23/2024,35.9,27.0,30.9,45.4,31.6,39.1,78.6,0.0,0,0.0,11.2,1005.9,Partially cloudy,2821.74,2122.2,2428.74,8.9,170.4202888
9/24/2024,36.3,28.0,31.7,46.7,34.5,40.5,75.7,0.0,0,0.0,9.4,1004.7,Partially cloudy,2747.91,2119.6,2399.69,8.3,167.0124884
9/25/2024,36.4,28.0,30.9,46.8,32.7,39.1,77.6,0.0,0,0.0,18.4,1004.8,Partially cloudy,2824.64,2172.8,2397.84,8.4,170.7917157
9/26/2024,34.1,26.0,29.6,43.3,26.0,35.3,78.9,0.06,100,4.17,14.8,1005.0,"Rain, Partially cloudy",2690.49,2051.4,2335.44,8.1,177.6719794
9/27/2024,33.0,26.0,29.3,39.7,26.0,34.1,75.6,0.0,0,0.0,18.4,1004.9,Partially cloudy,2494.8,1965.6,2215.08,7.0,180.2683842
9/28/2024,32.6,24.0,27.9,38.6,24.0,30.7,77.7,0.0,0,0.0,14.8,1006.9,Partially cloudy,2533.02,1864.8,2167.83,8.6,188.0386261
9/29/2024,33.1,25.0,28.8,40.4,25.0,32.5,77.5,0.0,0,0.0,14.8,1009.2,Partially cloudy,2565.25,1937.5,2232.0,8.1,182.7618869
9/30/2024,33.7,25.0,29.4,40.2,25.0,34.3,77.6,0.0,0,0.0,14.8,1008.4,Partially cloudy,2615.12,1940.0,2281.44,8.7,179.2544502
10/1/2024,34.3,25.0,29.6,40.7,25.0,34.3,77.6,0.0,0,0.0,16.6,1005.7,Clear,2661.68,1940.0,2296.96,9.3,178.106188
10/2/2024,35.9,26.0,30.7,40.7,26.0,34.8,67.4,0.0,0,0.0,14.8,1005.1,Clear,2419.66,1752.4,2069.18,9.9,172.1317387
10/3/2024,35.6,27.0,30.3,39.8,28.5,33.3,61.7,0.0,0,0.0,16.6,1004.4,Clear,2196.52,1665.9,1869.51,8.6,171.4264795
10/4/2024,35.2,25.9,30.4,42.6,25.9,34.3,66.1,0.0,0,0.0,16.6,1005.6,Clear,2326.72,1711.99,2009.44,9.3,173.2254137
10/5/2024,35.2,26.7,30.2,41.2,29.1,34.1,67.7,0.0,0,0.0,18.4,1007.7,Partially cloudy,2383.04,1807.59,2044.54,8.5,174.7975828
10/6/2024,35.1,25.8,29.9,37.5,25.8,31.9,61.0,0.0,0,0.0,16.6,1011.3,Clear,2141.1,1573.8,1823.9,9.3,172.8824552
10/7/2024,34.7,24.0,29.2,36.2,24.0,30.9,66.3,0.0,0,0.0,11.2,1013.4,Clear,2300.61,1591.2,1935.96,10.7,179.5134242
10/8/2024,34.7,23.0,28.8,36.9,23.0,30.1,64.2,0.0,0,0.0,11.2,1012.9,Clear,2227.74,1476.6,1848.96,11.7,180.5223677
10/9/2024,33.8,23.0,28.2,35.6,23.0,29.4,64.6,0.0,0,0.0,14.8,1011.0,Clear,2183.48,1485.8,1821.72,10.8,183.9042882
10/10/2024,33.7,22.0,27.8,33.7,22.0,28.1,60.2,0.0,0,0.0,14.8,1010.2,Clear,2028.74,1324.4,1673.56,11.7,182.6400031
10/11/2024,32.4,21.0,26.8,32.4,21.0,27.0,61.6,0.0,0,0.0,14.8,1010.3,Clear,1995.84,1293.6,1650.88,11.4,189.0685199
10/12/2024,33.5,20.9,27.1,33.8,20.9,27.3,59.7,0.0,0,0.0,14.8,1010.9,Clear,1999.95,1247.73,1617.87,12.6,185.7216295
10/13/2024,34.3,21.5,27.5,33.4,21.5,27.1,53.3,0.0,0,0.0,14.8,1011.6,Partially cloudy,1828.19,1145.95,1465.75,12.8,176.1515327
10/14/2024,33.5,21.0,27.0,32.4,21.0,26.8,52.6,0.0,0,0.0,16.6,1012.2,Partially cloudy,1762.1,1104.6,1420.2,12.5,177.4458349
10/15/2024,33.0,19.8,26.5,32.9,19.8,26.4,53.9,0.0,0,0.0,13.0,1011.4,Clear,1778.7,1067.22,1428.35,13.2,181.6651842
10/16/2024,34.6,20.3,27.1,35.1,20.3,27.0,55.3,0.0,0,0.0,7.6,1010.1,Partially cloudy,1913.38,1122.59,1498.63,14.3,180.702867
10/17/2024,35.0,21.7,27.9,35.4,21.7,27.9,55.5,0.0,0,0.0,7.6,1010.6,Partially cloudy,1942.5,1204.35,1548.45,13.3,177.1504559
10/18/2024,35.2,21.1,27.9,35.8,21.1,27.9,54.2,0.0,0,0.0,8.0,1010.4,Clear,1907.84,1143.62,1512.18,14.1,175.5177696
10/19/2024,35.7,21.3,28.3,36.7,21.3,28.4,54.4,0.0,0,0.0,13.0,1010.8,Clear,1942.08,1158.72,1539.52,14.4,173.9311059
10/20/2024,34.8,21.8,27.9,38.9,21.8,29.0,64.0,0.0,0,0.0,13.0,1011.9,Clear,2227.2,1395.2,1785.6,13.0,185.1124208
10/21/2024,33.5,21.8,27.2,36.8,21.8,28.2,69.4,0.0,0,0.0,14.8,1012.5,Clear,2324.9,1512.92,1887.68,11.7,191.6791536
10/22/2024,33.0,21.6,26.9,35.5,21.6,27.5,67.8,0.0,0,0.0,9.4,1013.6,Clear,2237.4,1464.48,1823.82,11.4,192.7292699
10/23/2024,32.3,21.6,26.6,33.9,21.6,27.1,67.0,0.0,0,0.0,18.4,1013.2,Clear,2164.1,1447.2,1782.2,10.7,194.0190523
10/24/2024,33.4,20.0,26.5,35.0,20.0,26.7,60.3,0.0,0,0.0,16.6,1011.8,Clear,2014.02,1206.0,1597.95,13.4,189.417965
10/25/2024,33.0,20.0,25.6,33.0,20.0,25.6,61.8,0.0,0,0.0,20.5,1011.0,Clear,2039.4,1236.0,1582.08,13.0,195.6784147
10/26/2024,33.0,19.9,25.8,33.5,19.9,25.9,58.2,0.0,0,0.0,16.6,1010.9,Clear,1920.6,1158.18,1501.56,13.1,190.7567849
10/27/2024,33.0,21.3,26.7,37.0,21.3,27.6,68.6,0.0,0,0.0,7.6,1010.1,Clear,2263.8,1461.18,1831.62,11.7,194.2242882
10/28/2024,33.3,21.6,27.1,37.2,21.6,27.9,65.2,0.0,0,0.0,11.2,1009.0,Clear,2171.16,1408.32,1766.92,11.7,190.1891274
10/29/2024,34.6,21.8,27.6,39.1,21.8,28.8,67.2,0.0,0,0.0,11.2,1009.3,Clear,2325.12,1464.96,1854.72,12.8,188.5400187
10/30/2024,35.0,22.0,28.1,38.6,22.0,28.9,61.3,0.0,0,0.0,9.4,1009.9,Clear,2145.5,1348.6,1722.53,13.0,182.0719089
10/31/2024,33.0,22.1,26.9,35.3,22.1,27.3,63.8,0.0,0,0.0,16.6,1011.8,Clear,2105.4,1409.98,1716.22,10.9,190.3208109
11/1/2024,32.6,18.0,25.1,33.5,18.0,25.0,55.1,0.0,0,0.0,16.6,1012.6,Clear,1796.26,991.8,1383.01,14.6,190.2122688
11/2/2024,32.6,18.5,25.0,33.0,18.5,24.8,56.7,0.0,0,0.0,7.6,1013.7,Clear,1848.42,1048.95,1417.5,14.1,192.9656712
11/3/2024,31.6,17.8,24.3,32.3,17.8,24.1,58.5,0.0,0,0.0,9.4,1014.7,Clear,1848.6,1041.3,1421.55,13.8,199.0050351
11/4/2024,31.0,18.0,23.8,32.1,18.0,23.9,63.7,0.0,0,0.0,7.6,1013.1,Clear,1974.7,1146.6,1516.06,13.0,207.5919645
11/5/2024,31.3,18.4,24.3,32.5,18.4,24.4,64.4,0.0,0,0.0,11.2,1015.1,Clear,2015.72,1184.96,1564.92,12.9,205.3346017
11/6/2024,31.2,18.5,24.3,32.9,18.5,24.4,66.4,0.0,0,0.0,7.6,1015.3,Clear,2071.68,1228.4,1613.52,12.7,206.9229718
11/7/2024,30.9,19.5,24.7,33.4,19.5,25.0,68.5,0.0,0,0.0,7.6,1014.5,Clear,2116.65,1335.75,1691.95,11.4,205.8817307
11/8/2024,30.9,19.6,24.4,33.4,19.6,24.8,71.9,0.0,0,0.0,7.6,1014.3,Clear,2221.71,1409.24,1754.36,11.3,209.2127861
11/9/2024,31.4,19.7,25.0,33.8,19.7,25.4,70.6,0.0,0,0.0,11.2,1014.3,Clear,2216.84,1390.82,1765.0,11.7,205.0580187
11/10/2024,30.4,19.8,24.5,33.1,19.8,24.9,73.7,0.0,0,0.0,7.6,1014.3,Clear,2240.48,1459.26,1805.65,10.6,209.061102
11/11/2024,31.1,18.8,24.5,33.0,18.8,24.8,72.2,0.0,0,0.0,5.4,1014.3,Clear,2245.42,1357.36,1768.9,12.3,208.6850215
11/12/2024,32.0,19.2,24.6,32.3,19.2,24.6,65.2,0.0,0,0.0,14.8,1013.9,Clear,2086.4,1251.84,1603.92,12.8,204.2607654
11/13/2024,26.6,18.0,21.3,26.6,18.0,21.3,84.3,0.0,0,0.0,10.1,1013.3,Partially cloudy,2242.38,1517.4,1795.59,8.6,229.7876451
11/14/2024,28.2,17.3,22.1,29.2,17.3,22.1,74.4,0.0,0,0.0,7.6,1015.5,Clear,2098.08,1287.12,1644.24,10.9,224.8401007
11/15/2024,30.0,16.8,22.7,30.4,16.8,22.6,66.6,0.0,0,0.0,14.8,1014.5,Clear,1998.0,1118.88,1511.82,13.2,216.7094822
11/16/2024,28.8,16.7,22.0,29.5,16.7,22.0,67.7,0.0,0,0.0,10.1,1013.4,Clear,1949.76,1130.59,1489.4,12.1,221.9389641
11/17/2024,26.4,16.0,20.3,26.4,16.0,20.3,76.5,0.0,0,0.0,16.6,1014.3,Partially cloudy,2019.6,1224.0,1552.95,10.4,237.7776408
11/18/2024,23.0,16.0,18.3,23.0,16.0,18.3,85.6,0.0,0,0.0,14.0,1016.0,Partially cloudy,1968.8,1369.6,1566.48,7.0,252.0530395
11/19/2024,24.0,14.0,18.2,24.0,14.0,18.2,70.9,0.0,0,0.0,9.4,1016.9,Partially cloudy,1701.6,992.6,1290.38,10.0,249.8010092
11/20/2024,25.0,13.0,18.5,25.0,13.0,18.5,64.2,0.0,0,0.0,9.4,1016.0,Clear,1605.0,834.6,1187.7,12.0,240.7298479
11/21/2024,26.0,12.0,18.2,26.0,12.0,18.2,59.5,0.0,0,0.0,9.4,1015.4,Clear,1547.0,714.0,1082.9,14.0,235.5549209
11/22/2024,26.1,12.6,18.5,26.1,12.6,18.5,66.5,0.0,0,0.0,7.6,1015.1,Clear,1735.65,837.9,1230.25,13.5,243.5228474
11/23/2024,28.0,12.7,19.6,27.2,12.7,19.5,64.3,0.0,0,0.0,7.6,1015.5,Clear,1800.4,816.61,1260.28,15.3,233.7753921
11/24/2024,28.0,13.6,20.3,27.1,13.6,20.2,59.6,0.0,0,0.0,14.8,1015.3,Clear,1668.8,810.56,1209.88,14.4,223.0557515
11/25/2024,25.4,15.0,19.1,25.4,15.0,19.1,69.6,0.0,0,0.0,14.8,1015.3,Clear,1767.84,1044.0,1329.36,10.4,242.5023363
11/26/2024,25.8,13.6,18.6,25.8,13.6,18.6,65.9,0.0,0,0.0,13.0,1015.5,Clear,1700.22,896.24,1225.74,12.2,242.1718637
11/27/2024,26.2,12.5,18.4,26.2,12.5,18.4,61.0,0.0,0,0.0,11.2,1015.0,Clear,1598.2,762.5,1122.4,13.7,236.7695948
11/28/2024,25.8,11.5,17.9,25.8,11.5,17.9,63.1,0.0,0,0.0,9.4,1016.8,Clear,1627.98,725.65,1129.49,14.3,243.1170352
11/29/2024,25.0,10.6,18.0,25.0,10.6,18.0,60.0,0.0,0,0.0,7.6,1017.4,Clear,1500.0,636.0,1080.0,14.4,237.6383442
11/30/2024,25.0,11.0,18.0,25.0,11.0,18.0,63.3,0.0,0,0.0,11.2,1015.5,Clear,1582.5,696.3,1139.4,14.0,242.7538009
