acq_date,Latitude,Longitude,dist_to_delhi,Telemetry Hourly Wind Speed (Km/Hr),windspeed,brightness,frp,avg_wei_frp,bright_t31,daynight,tempmax,tempmin,temp,humidity,precip,precipcover,sealevelpressure,tempmax_humidity,tempmin_humidity,temp_humidity,temp_range,heat_index,conditions,AQI,weighted_distance,daynight_encoded,conditions_encoded,month,year
2021-04-12,30.14083333,74.20777778,336.0282773965335,40.4,18.4,78538.0,11170.800000000001,19157.4,299.59,D,38.7,20.9,29.8,28.0,0.0,0.0,1011.6,1083.6,585.2,834.4,17.8,115.2019748,Clear,226,18.262406380246382,1.0,1.0,4,2021
2021-04-13,30.14083333,74.20777778,204.1542055789822,28.4,18.5,62997.05,1096.86,2109.183,308.77,D,39.4,21.0,30.5,28.5,0.0,0.0,1010.0,1122.9,598.5,869.25,18.4,115.1464441,Clear,279,11.035362463728768,1.0,1.0,4,2021
2021-04-14,30.14083333,74.20777778,76.60220092949112,32.0,18.4,33764.0,1193.24,4759.99,314.75,D,39.6,22.8,31.5,25.0,0.0,0.0,1008.7,990.0,570.0,787.5,16.8,103.7440225,Partially cloudy,214,4.163163093994083,1.0,0.0,4,2021
2021-04-15,30.14083333,74.20777778,70.62718400613583,32.0,19.8,33100.65,223.73999999999998,755.631,308.14,D,40.1,24.0,31.3,23.9,0.0,0.0,1007.5,958.39,573.6,748.07,16.1,100.9412288,Partially cloudy,235,3.5670294952593853,1.0,0.0,4,2021
2021-04-16,30.14083333,74.20777778,116.07397424953798,28.4,37.1,9688.0,85.39999999999999,1055.3,310.36,D,39.6,21.0,28.8,39.5,0.894,4.17,1006.8,1564.2,829.5,1137.6,18.6,146.4157824,"Rain, Partially cloudy",232,3.1286785512004847,1.0,0.0,4,2021
2021-04-17,30.21305556,74.64611111,70.11590169156783,0.0,21.2,11013.75,133.32,1348.35,296.79,D,33.0,19.8,26.7,54.0,0.0,0.0,1009.5,1782.0,1069.2,1441.8,13.2,180.8587962,Partially cloudy,142,3.307353853375841,1.0,0.0,4,2021
2021-12-02,30.71777778,76.19694444,675.0548541105245,14.9,13.0,2742.64,44.72,1916.4197,289.26,D,19.3,14.2,16.6,89.3,1.0,4.17,1017.5,1723.49,1268.06,1482.38,5.1,263.9946628,"Rain, Partially cloudy",429,51.927296470040346,1.0,0.0,12,2021
2021-12-22,30.71777778,76.19694444,160.0125532333076,256.0,16.6,12888.460000000001,285.76,2550.5584,297.28,D,22.8,7.0,14.2,65.4,0.0,0.0,1015.2,1491.12,457.8,928.68,15.8,271.8084764,Clear,428,9.639310435741422,1.0,1.0,12,2021
2021-12-23,30.14083333,74.20777778,36.54935985256498,92.0,13.0,13684.98,185.73000000000002,1512.0234,289.79,D,22.0,8.1,14.6,70.3,0.0,0.0,1014.3,1546.6,569.43,1026.38,13.9,275.4106995,Partially cloudy,468,2.811489219428076,1.0,0.0,12,2021
2021-12-24,30.14083333,74.20777778,74.90924327014321,0.0,11.2,9852.9,35.4,387.5474,291.0,D,22.3,8.8,15.2,76.6,0.0,0.0,1014.0,1708.18,674.08,1164.32,13.5,275.9436258,Clear,473,6.688325291977073,1.0,1.0,12,2021
2021-12-25,30.14083333,74.20777778,529.598830699622,0.0,7.6,21540.04,198.4,1111.7440000000001,294.77,D,23.0,9.0,15.5,80.0,0.0,0.0,1016.0,1840.0,720.0,1240.0,14.0,274.8341554,Clear,467,69.68405667100289,1.0,1.0,12,2021
2021-12-26,30.14083333,74.20777778,24.971177374126004,0.0,11.2,592.52,1.2,177.756,283.1,N,20.7,11.5,15.7,88.0,1.299,8.33,1018.0,1821.6,1012.0,1381.6,9.2,272.2327309,"Rain, Partially cloudy",490,2.229569408404108,0.0,0.0,12,2021
2021-12-27,30.14083333,74.20777778,324.8752135620223,0.0,9.4,7166.280000000001,52.580000000000005,778.5186000000001,290.85,D,21.7,11.6,15.4,80.5,0.0,0.0,1019.4,1746.85,933.8,1239.7,10.1,275.7419898,Partially cloudy,279,34.56119293213003,1.0,0.0,12,2021
2021-12-28,30.140833330000003,74.20777778,315.15731680826514,0.0,7.599999999999999,2985.66,18.18,670.1148000000001,290.54,D,17.0,10.9,14.2,88.7,1.85,8.33,1018.5,1507.9,966.83,1259.54,6.1,284.7764349,"Rain, Partially cloudy",343,41.46806800108752,1.0,0.0,12,2021
2021-12-29,30.14083333,74.20777778,68.5817143501553,0.0,14.8,9488.8,63.51,716.568,291.2,D,20.4,10.2,14.0,82.9,0.0,0.0,1019.3,1691.16,845.58,1160.6,10.2,287.6095107,Partially cloudy,284,4.633899618253736,1.0,0.0,12,2021
2021-12-30,30.14083333,74.20777778,75.55774103147067,0.0,9.4,8155.0,53.25,694.8059999999999,292.13,D,18.4,6.1,11.9,70.0,0.0,0.0,1023.5,1288.0,427.0,833.0,12.3,295.7710016,Partially cloudy,296,8.038057556539433,1.0,0.0,12,2021
2021-12-31,30.14083333,74.20777778,133.6814560037474,0.0,9.4,20162.940000000002,267.78999999999996,1451.0706,292.19,D,18.0,5.6,11.2,76.4,0.0,0.0,1023.2,1375.2,427.84,855.68,12.4,308.4493358,Partially cloudy,315,14.22143148976036,1.0,0.0,12,2021
2022-01-01,30.140833330000003,74.20777778,58.55373145962321,0.0,9.4,11868.12,105.48,965.9331,292.45,D,19.5,6.3,11.9,80.7,0.0,0.0,1022.1,1573.65,508.41,960.33,13.2,305.0662637,Clear,389,6.229120368045022,1.0,1.0,1,2022
2022-01-02,30.14083333,74.20777778,47.91489289369934,0.0,8.0,6250.43,68.02,1177.7126,291.9,D,19.7,7.5,12.7,80.9,0.0,0.0,1020.7,1593.73,606.75,1027.43,12.2,298.2657005,Clear,415,5.989361611712417,1.0,1.0,1,2022
2022-01-03,30.14083333,74.20777778,54.63601860904289,0.0,13.0,3266.9,26.099999999999998,852.6609000000001,291.28,D,20.6,7.5,13.8,76.1,0.0,0.0,1018.6,1567.66,570.75,1050.18,13.1,286.7803755,Partially cloudy,406,4.202770662234069,1.0,0.0,1,2022
2022-01-04,30.14083333,74.20777778,56.19056667869872,0.0,7.6,330.35,3.05,1007.5675,291.5,D,22.5,9.8,15.8,71.1,0.0,0.0,1017.7,1599.75,696.78,1123.38,12.7,267.2960271,Partially cloudy,413,7.393495615618253,1.0,0.0,1,2022
2022-01-05,30.14083333,74.20777778,25.10167545776902,0.0,22.3,296.23,0.42,124.4166,283.55,N,15.0,12.2,13.7,91.8,7.637,16.67,1016.6,1377.0,1119.96,1257.66,2.8,287.4278967,"Rain, Overcast",389,1.125635670751974,0.0,0.0,1,2022
2022-01-09,30.14083333,74.20777778,25.840475519877664,0.0,16.6,1188.4,2.0,148.55,283.06,N,16.0,12.0,13.8,97.2,7.402,16.67,1015.2,1555.2,1166.4,1341.36,4.0,281.5005007,"Rain, Overcast",41,1.5566551517998592,0.0,0.0,1,2022
2022-01-10,30.14083333,74.20777778,533.4961444744488,0.0,11.2,15275.75,144.48,1193.6399999999999,296.08,D,16.9,9.9,12.5,92.3,0.0,0.0,1017.9,1559.87,913.77,1153.75,7.0,297.9693623,Partially cloudy,118,47.63358432807578,1.0,0.0,1,2022
2022-01-11,30.14083333,74.20777778,554.818191184172,0.0,16.6,2303.6299999999997,17.08,802.9795999999999,291.25,D,16.9,8.0,11.4,91.5,0.0,0.0,1018.0,1546.35,732.0,1043.1,8.9,308.6629048,Partially cloudy,231,33.42278260145614,1.0,0.0,1,2022
2022-01-13,30.14083333,74.20777778,148.1609088890425,0.0,5.4,1497.0,6.05,362.27399999999994,279.43,N,16.3,7.4,11.4,91.2,0.0,0.0,1017.6,1486.56,674.88,1039.68,8.9,308.8264959,Partially cloudy,322,27.437205349822683,0.0,0.0,1,2022
2022-01-14,30.14083333,74.20777778,293.8463446823928,0.0,11.2,1314.0,9.48,778.5450000000001,283.83,D,14.8,7.2,10.5,94.6,0.0,0.0,1018.4,1400.08,681.12,993.3,7.6,315.1118959,Partially cloudy,300,26.236280775213643,1.0,0.0,1,2022
2022-01-15,30.21305556,74.64611111,435.56884725419445,0.0,14.8,1201.76,2.4,180.26399999999998,266.66,N,13.5,8.2,10.0,93.9,0.0,0.0,1020.0,1267.65,769.98,939.0,5.3,320.4845202,Partially cloudy,205,29.4303275171753,0.0,0.0,1,2022
2022-01-16,30.14083333,74.20777778,518.1507492952837,260.0,9.4,1657.8999999999999,7.95,527.2122,297.56,D,15.0,8.0,10.7,87.5,0.0,0.0,1020.6,1312.5,700.0,936.25,7.0,316.6124902,Partially cloudy,310,55.12242013779614,1.0,0.0,1,2022
2022-01-18,30.14083333,74.20777778,580.2987733431629,0.0,14.8,1345.76,11.24,945.3964,294.28,D,14.6,9.0,10.6,92.2,0.0,0.0,1019.1,1346.12,829.8,977.32,5.6,315.8126206,Partially cloudy,330,39.20937657724073,1.0,0.0,1,2022
2022-01-19,30.14083333,74.20777778,133.48583937131264,0.0,11.2,657.76,4.92,809.0448,283.52,D,17.0,8.0,11.9,89.4,0.0,0.0,1016.1,1519.8,715.2,1063.86,9.0,305.0373625,Partially cloudy,337,11.918378515295773,1.0,0.0,1,2022
2022-01-21,30.14083333,74.20777778,329.9695925443231,0.0,9.3,11266.199999999999,153.78,1590.924,299.25,D,19.0,9.9,13.4,90.4,0.0,0.0,1011.9,1717.6,894.96,1211.36,9.1,290.9875354,Partially cloudy,434,35.48060134885195,1.0,0.0,1,2022
2022-01-23,30.14083333,74.20777778,22.70670746562276,204.0,20.5,595.1,0.84,124.971,277.77,N,15.0,10.4,12.6,94.4,1.195,4.17,1010.0,1416.0,981.76,1189.44,4.6,295.4118532,"Rain, Partially cloudy",220,1.1076442666157444,0.0,0.0,1,2022
2022-01-24,30.14083333,74.20777778,67.85432589507953,156.0,7.6,592.58,1.1,162.95950000000002,278.72,N,15.0,9.0,11.7,93.5,0.0,0.0,1014.0,1402.5,841.5,1093.95,6.0,304.5388757,Partially cloudy,283,8.928200775668358,0.0,0.0,1,2022
2022-01-25,30.14083333,74.20777778,374.3370797345797,0.0,13.0,591.86,1.58,233.78470000000002,282.7,N,13.4,8.0,10.0,94.5,0.0,0.0,1015.2,1266.3,756.0,945.0,5.4,320.0407108,Partially cloudy,207,28.79515997958305,0.0,0.0,1,2022
2022-01-26,30.14083333,74.20777778,532.7225075280459,0.0,14.8,36603.11,719.97,2484.0363,305.8,D,15.8,7.1,11.2,92.5,0.0,0.0,1015.9,1461.5,656.75,1036.0,8.7,309.9415576,Partially cloudy,292,35.994764022165256,1.0,0.0,1,2022
2022-01-27,30.14083333,74.20777778,132.9996371216943,0.0,18.4,2657.92,8.16,338.88480000000004,294.28,D,18.0,7.6,12.2,83.9,0.0,0.0,1017.0,1510.2,637.64,1023.58,10.4,303.1999598,Partially cloudy,279,7.228241147918169,1.0,0.0,1,2022
2022-01-28,30.140833330000003,74.20777778,65.14954126460216,0.0,22.3,2964.2400000000002,39.78,1455.7712000000001,290.77,D,19.5,7.0,12.7,76.0,0.0,0.0,1016.9,1482.0,532.0,965.2,12.5,295.6427205,Clear,224,2.9215040925830564,1.0,1.0,1,2022
2022-01-29,30.14083333,74.20777778,64.2037793614063,0.0,14.9,10621.84,131.75,1456.22,291.24,D,21.3,7.1,13.7,73.8,0.0,0.0,1017.1,1571.94,523.98,1011.06,14.2,285.8072003,Clear,247,4.308978480631295,1.0,1.0,1,2022
2022-01-30,30.14083333,74.20777778,137.07962081676675,0.0,27.7,7515.48,59.800000000000004,849.576,298.26,D,21.2,9.0,14.6,78.2,0.0,0.0,1012.5,1657.84,703.8,1141.72,12.2,281.4895743,Clear,270,4.948722773168475,1.0,1.0,1,2022
2022-01-31,30.14083333,74.20777778,46.36320556101383,0.0,13.0,8550.36,64.22,812.2842,287.82,D,21.3,8.3,14.3,80.5,0.0,0.0,1011.9,1714.65,668.15,1151.15,13.0,284.7242171,Clear,321,3.566400427770294,1.0,1.0,1,2022
2022-02-01,30.14083333,74.20777778,526.1096107604502,0.0,13.0,12541.9,84.36000000000001,732.7110000000001,304.97,D,19.9,8.6,13.4,89.2,0.0,0.0,1011.6,1775.08,767.12,1195.28,11.3,291.593136,Clear,376,40.46997005849617,1.0,1.0,2,2022
2022-02-02,30.140833330000003,74.20777778,39.84616597971189,0.0,14.800000000000002,1959.78,10.92,594.4666,279.15,D,21.0,10.0,14.7,83.2,0.0,0.0,1011.2,1747.2,832.0,1223.04,11.0,281.7414164,Partially cloudy,327,2.692308512142695,1.0,0.0,2,2022
2022-02-04,30.14083333,74.20777778,262.55558474439897,0.0,14.8,2068.01,7.07,298.3843,284.46,N,17.6,10.0,13.1,87.3,0.0,0.0,1009.3,1536.48,873.0,1143.63,7.6,294.9382433,Partially cloudy,153,17.74024221245939,0.0,0.0,2,2022
2022-02-05,30.14083333,74.20777778,97.16348273813792,0.0,8.2,3580.72,18.369999999999997,543.6184,294.43,D,19.6,8.0,12.5,82.4,0.0,0.0,1013.8,1615.04,659.2,1030.0,11.6,300.3716511,Partially cloudy,196,11.84920521196804,1.0,0.0,2,2022
2022-02-06,30.140833329999996,74.20777778,135.84927137332605,0.0,10.6,71375.04,864.0,1321.76,302.46,D,22.8,6.4,14.1,72.0,0.0,0.0,1015.9,1641.6,460.8,1015.2,16.4,281.0026237,Clear,325,12.81596899748359,1.0,1.0,2,2022
2022-02-07,30.14083333,74.20777778,28.4012793197298,0.0,9.4,7513.18,45.31,643.5202,293.1,D,25.6,10.4,17.4,72.1,0.0,0.0,1014.9,1845.76,749.84,1254.54,15.2,256.4407689,Partially cloudy,291,3.0214126935882764,1.0,0.0,2,2022
2022-02-08,30.140833330000003,74.20777778,30.271280373200213,0.0,9.4,7126.35,176.82,2857.327,292.61,D,25.6,12.2,18.5,77.3,0.0,0.0,1013.2,1978.88,943.06,1430.05,13.4,251.0180636,Partially cloudy,312,3.220348975872363,1.0,0.0,2,2022
2022-02-09,30.140833330000003,74.20777778,253.2413605051068,0.0,14.8,7040.04,75.60000000000001,1206.864,289.4,D,21.5,13.0,16.5,84.6,14.208,8.33,1015.2,1818.9,1099.8,1395.9,8.5,266.7580174,"Rain, Partially cloudy",221,17.11090273683154,1.0,0.0,2,2022
2022-02-10,30.14083333,74.20777778,126.00899768688112,0.0,18.4,15047.98,66.7,474.3384999999999,291.31,D,22.6,10.4,15.7,74.5,0.0,0.0,1017.7,1683.7,774.8,1169.65,12.2,270.8044086,Partially cloudy,189,6.848315091678322,1.0,0.0,2,2022
2022-02-11,30.14083333,74.20777778,530.2779988531814,0.0,26.0,94851.63,3615.84,4406.011200000001,311.11,D,21.8,9.2,15.5,69.7,0.0,0.0,1016.1,1519.46,641.24,1080.35,12.6,268.0777,Clear,154,20.395307648199285,1.0,1.0,2,2022
2022-02-12,30.14083333,74.20777778,108.39439894025612,0.0,21.0,27606.940000000002,301.76,1238.9456,300.52,D,22.8,9.8,16.0,66.7,0.0,0.0,1014.6,1520.76,653.66,1067.2,13.0,260.9005986,Clear,206,5.161638044774102,1.0,1.0,2,2022
2022-02-13,30.140833330000003,74.20777778,34.08632810566224,0.0,7.6,25826.58,292.5,1241.6625000000001,295.75,D,27.3,8.5,17.4,65.5,0.0,0.0,1013.4,1788.15,556.75,1139.7,18.8,249.7040785,Clear,261,4.485043171797663,1.0,1.0,2,2022
2022-02-14,30.14083333,74.20777778,36.75269080658093,0.0,10.9,19175.96,151.96,866.2244000000001,294.67,D,26.6,9.4,17.9,64.6,0.0,0.0,1013.4,1718.36,607.24,1156.34,17.2,245.1896383,Clear,258,3.3718064960165988,1.0,1.0,2,2022
2022-02-15,30.14083333,74.20777778,90.18517934912823,0.0,13.0,19584.600000000002,198.0,1077.153,289.57,D,25.8,10.5,18.8,58.3,0.0,0.0,1013.4,1504.14,612.15,1096.04,15.3,229.8462156,Clear,246,6.937321488394479,1.0,1.0,2,2022
2022-02-16,30.14083333,74.20777778,28.90086878849751,0.0,10.1,21901.629999999997,72.36,353.0412,295.19,D,25.3,10.5,18.1,68.5,0.0,0.0,1011.3,1733.05,719.25,1239.85,14.8,248.352554,Clear,253,2.8614721572769817,1.0,1.0,2,2022
2022-02-17,30.14083333,74.20777778,282.6012885451779,0.0,8.6,36562.96,144.97,446.1352,306.57,D,26.6,12.1,18.4,66.4,0.0,0.0,1011.2,1766.24,803.44,1221.76,14.5,244.0781668,Clear,250,32.86061494711371,1.0,1.0,2,2022
2022-02-18,30.14083333,74.20777778,73.10624796849999,0.0,13.0,18678.899999999998,172.14000000000001,989.654,296.21,D,27.8,10.5,19.1,61.6,0.0,0.0,1012.4,1712.48,646.8,1176.56,17.3,233.3135518,Clear,258,5.623557536038461,1.0,1.0,2,2022
2022-02-19,30.14083333,74.20777778,85.00990240517223,0.0,12.3,16959.28,303.16,1901.3961999999997,300.29,D,25.0,12.2,18.8,64.0,0.0,0.0,1013.8,1600.0,780.8,1203.2,12.8,238.5267127,Clear,175,6.911374179282294,1.0,1.0,2,2022
2022-02-20,30.14083333,74.20777778,69.03252386108475,0.0,21.600000000000005,17321.989999999998,125.61,774.5871000000001,290.98,D,23.8,12.0,17.9,69.4,0.0,0.0,1008.4,1651.72,832.8,1242.26,11.8,250.6066435,Clear,176,3.1959501787539235,1.0,1.0,2,2022
2022-02-21,30.14083333,74.20777778,97.11565621852525,0.0,16.6,15037.4,130.18,925.127,295.9,D,25.8,10.4,18.0,57.4,0.0,0.0,1008.3,1480.92,596.96,1033.2,15.4,232.9926791,Clear,169,5.850340736055737,1.0,1.0,2,2022
2022-02-22,30.14083333,74.20777778,223.26130604704528,0.0,27.7,48718.55,419.05,971.0111000000002,310.62,D,25.9,10.9,19.1,58.6,0.0,0.0,1010.1,1517.74,638.74,1119.26,15.0,228.5723664,Partially cloudy,254,8.059974947546761,1.0,0.0,2,2022
2022-02-23,30.14083333,74.20777778,64.54288317503087,0.1,22.3,4967.400000000001,32.85,725.2404,278.39,D,23.8,15.0,19.2,78.2,0.0,0.0,1013.9,1861.16,1173.0,1501.44,8.8,246.0403902,Partially cloudy,184,2.8942996939475725,1.0,0.0,2,2022
2022-02-24,30.14083333,74.20777778,514.2206622823255,0.0,16.1,8327.0,65.5,872.6696,302.16,D,25.8,13.5,19.6,72.0,0.0,0.0,1015.6,1857.6,972.0,1411.2,12.3,240.8029579,Partially cloudy,329,31.93917157033077,1.0,0.0,2,2022
2022-02-25,30.140833330000003,74.20777778,57.39070707408994,0.0,20.5,3952.68,25.200000000000003,691.719,290.18,D,27.0,13.4,20.1,71.7,2.149,4.17,1016.0,1935.9,960.78,1441.17,13.6,237.1845874,"Rain, Partially cloudy",300,2.799546686540973,1.0,0.0,2,2022
2022-02-26,30.14083333,74.20777778,262.24706686159413,0.0,27.7,1567.2,6.3,394.9344,284.35,N,23.6,15.1,18.4,70.8,6.805,4.17,1017.2,1670.88,1069.08,1302.72,8.5,248.3171659,"Rain, Partially cloudy",77,9.467403135797625,0.0,0.0,2,2022
2022-02-27,30.14083333,74.20777778,527.0531221081519,0.0,13.2,11102.19,88.11,898.2681,308.86,D,24.8,14.0,18.7,70.2,0.925,4.17,1018.4,1740.96,982.8,1312.74,10.8,245.7468291,"Rain, Partially cloudy",88,39.92826682637515,1.0,0.0,2,2022
2022-02-28,30.14083333,74.20777778,39.34061867675904,0.0,14.8,18986.88,226.78,1279.9776000000002,294.59,D,24.8,12.0,18.1,62.7,0.0,0.0,1016.7,1554.96,752.4,1134.87,12.8,241.2448464,Clear,81,2.658149910591827,1.0,1.0,2,2022
2022-03-01,30.14083333,74.20777778,57.06391343659897,0.0,12.3,6305.53,93.86000000000001,1639.4378000000002,295.45,D,25.0,11.2,18.3,68.6,0.0,0.0,1016.9,1715.0,768.32,1255.38,13.8,247.0759943,Clear,147,4.639342555821055,1.0,1.0,3,2022
2022-03-02,30.14083333,74.20777778,34.309763169707715,0.0,14.400000000000002,8750.82,58.24000000000001,753.9168000000001,296.06,D,26.8,12.4,19.4,68.7,0.0,0.0,1016.6,1841.16,851.88,1332.78,14.4,239.6969723,Clear,216,2.3826224423408133,1.0,1.0,3,2022
2022-03-03,30.14083333,74.20777778,199.08971898688438,1.1,16.6,4862.759999999999,116.89999999999999,2900.2889999999998,293.44,D,28.8,15.6,21.8,63.7,0.0,0.0,1015.3,1834.56,993.72,1388.66,13.2,219.4285557,Partially cloudy,157,11.99335656547496,1.0,0.0,3,2022
2022-03-04,30.14083333,74.20777778,166.87335069077227,0.0,16.6,9408.279999999999,89.04,1068.5118,307.44,D,25.0,16.0,20.4,73.3,0.0,0.0,1016.2,1832.5,1172.8,1495.32,9.0,235.9811112,Partially cloudy,164,10.05261148739592,1.0,0.0,3,2022
2022-03-05,30.14083333,74.20777778,387.9263901433094,0.0,20.5,10475.83,96.72,1054.3416,310.42,D,25.6,13.0,19.5,71.6,0.0,0.0,1014.9,1832.96,930.8,1396.2,12.6,241.2411553,Clear,107,18.92323854357607,1.0,1.0,3,2022
2022-03-06,30.140833330000003,74.20777778,44.880021108955866,0.0,10.6,3063.96,145.08,5487.8928000000005,301.12,D,27.1,14.8,20.3,70.0,0.0,0.0,1013.8,1897.0,1036.0,1421.0,12.3,234.7061446,Partially cloudy,176,4.233964255561874,1.0,0.0,3,2022
2022-03-07,30.14083333,74.20777778,358.7496872573828,0.0,11.2,4255.94,33.93,854.4617999999999,296.64,D,29.0,16.0,22.1,63.8,0.0,0.0,1015.0,1850.2,1020.8,1409.98,13.0,217.7273832,Partially cloudy,254,32.031222076552034,1.0,0.0,3,2022
2022-03-08,30.14083333,74.20777778,229.30022057548783,0.2,18.4,12061.35,374.15,3683.8809,295.64,D,29.9,17.0,22.5,62.9,0.0,0.0,1014.3,1880.71,1069.3,1415.25,12.9,214.3718956,Partially cloudy,282,12.461968509537384,1.0,0.0,3,2022
2022-03-09,30.14083333,74.20777778,18.707450814032537,0.4,18.4,10167.69,243.89000000000001,2948.6301000000003,302.33,D,30.6,16.0,23.1,56.2,0.0,0.0,1013.2,1719.72,899.2,1298.22,14.6,202.1573827,Partially cloudy,173,1.0167092833713336,1.0,0.0,3,2022
2022-03-10,30.14083333,74.20777778,411.5253999717853,0.0,21.1,19685.199999999997,236.06,1381.358,311.95,D,29.0,17.0,22.9,57.0,0.0,0.0,1013.1,1653.0,969.0,1305.3,12.0,204.4430255,Partially cloudy,150,19.503573458378447,1.0,0.0,3,2022
2022-03-11,30.140833330000003,74.20777778,606.3819294067123,0.0,22.3,14403.9,217.56,1776.4809999999998,310.35,D,29.0,16.7,22.7,65.2,0.0,0.0,1013.4,1890.8,1088.84,1480.04,12.3,215.4970757,Clear,177,27.19201477160145,1.0,1.0,3,2022
2022-03-12,30.140833330000003,74.20777778,112.12816238892896,0.0,22.3,7933.200000000001,62.88,866.041,302.57,D,30.6,16.0,23.1,58.9,0.0,0.0,1011.7,1802.34,942.4,1360.59,14.6,206.0533652,Clear,181,5.0281687169923295,1.0,1.0,3,2022
2022-03-13,30.14083333,74.20777778,47.95212895734136,0.0,16.6,11896.85,174.3,1692.7518000000002,299.31,D,31.6,17.7,24.5,61.9,0.0,0.0,1011.4,1956.04,1095.63,1516.55,13.9,201.8344115,Clear,220,2.88868246730972,1.0,1.0,3,2022
2022-03-14,30.14083333,74.20777778,198.66304965959097,0.0,14.8,8179.25,81.5,1066.5742,295.71,D,32.6,18.5,25.6,68.1,0.0,0.0,1010.7,2220.06,1259.85,1743.36,14.1,200.3448244,Clear,255,13.423179031053444,1.0,1.0,3,2022
2022-03-15,30.140833329999996,74.20777778,107.68521830446196,0.0,18.4,8928.09,52.92,648.1132,303.77,D,34.0,20.2,26.9,69.5,0.0,0.0,1008.1,2363.0,1403.9,1869.55,13.8,193.4300301,Clear,269,5.8524575165468455,1.0,1.0,3,2022
2022-03-16,30.14083333,74.20777778,223.3816959118581,0.0,24.4,17202.5,321.0,2208.801,317.95,D,34.3,21.0,27.6,65.1,0.0,0.0,1005.8,2232.93,1367.1,1796.76,13.3,187.4117378,Clear,228,9.154987537371234,1.0,1.0,3,2022
2022-03-17,30.14083333,74.20777778,284.80680862567846,0.0,9.4,26888.04,965.96,4496.670900000001,321.36,D,34.5,21.3,27.7,66.2,0.0,0.0,1006.5,2283.9,1410.06,1833.74,13.2,187.4933646,Clear,221,30.298596662306217,1.0,1.0,3,2022
2022-03-18,30.14083333,74.20777778,121.04460966798574,0.0,14.5,8356.5,39.25,524.7882,303.08,D,34.5,22.9,28.2,70.7,0.0,0.0,1007.8,2439.15,1619.03,1993.74,11.6,186.377188,Clear,301,8.347904115033499,1.0,1.0,3,2022
2022-03-19,30.140833329999996,74.20777778,141.27818750085189,0.0,11.2,5654.03,80.58,1576.4766,298.75,D,36.2,21.0,28.5,64.3,0.0,0.0,1005.6,2327.66,1350.3,1832.55,15.2,182.1451855,Clear,216,12.614123884004634,1.0,1.0,3,2022
2022-03-20,30.14083333,74.20777778,99.21567884750084,0.0,13.0,11641.74,509.84999999999997,5450.450999999999,305.33,D,37.1,23.5,29.6,49.7,0.0,0.0,1004.2,1843.87,1167.95,1471.12,13.6,161.9114312,Partially cloudy,241,7.631975295961603,1.0,0.0,3,2022
2022-03-21,30.14083333,74.20777778,194.4246977392091,0.0,18.4,22806.129999999997,328.97,1671.3149,315.28,D,36.1,22.1,28.8,54.0,0.0,0.0,1006.4,1949.4,1193.4,1555.2,14.0,171.1568441,Clear,244,10.566559659739626,1.0,1.0,3,2022
2022-03-22,30.14083333,74.20777778,65.03679462691989,0.0,25.9,16883.5,124.0,837.4216,306.45,D,34.2,22.0,28.3,51.2,0.0,0.0,1007.5,1751.04,1126.4,1448.96,12.2,169.5839735,Clear,169,2.5110731516185285,1.0,1.0,3,2022
2022-03-23,30.140833329999996,74.20777778,193.936145907313,0.0,13.0,9434.61,182.79,2365.6411,308.92,D,35.0,20.3,27.8,50.1,0.0,0.0,1007.2,1753.5,1017.03,1392.78,14.7,170.0774568,Clear,215,14.918165069793307,1.0,1.0,3,2022
2022-03-24,30.140833329999996,74.20777778,99.3263898405864,0.0,19.5,9909.0,493.28999999999996,6705.09,301.61,D,34.8,21.0,28.0,42.0,0.0,0.0,1005.7,1461.6,882.0,1176.0,13.8,154.4729449,Clear,272,5.093661017465969,1.0,1.0,3,2022
2022-03-25,30.140833329999996,74.20777778,173.474637596358,0.0,18.4,12060.14,477.35999999999996,4980.1284,314.54,D,34.5,20.6,27.6,51.5,0.0,0.0,1007.2,1776.75,1060.9,1421.4,13.9,173.1023358,Clear,208,9.427969434584677,1.0,1.0,3,2022
2022-03-26,30.14083333,74.20777778,24.66477902097328,0.0,27.699999999999996,24755.219999999998,140.6,635.607,306.07,D,34.0,20.0,27.0,45.2,0.0,0.0,1009.0,1536.8,904.0,1220.4,14.0,164.7204657,Clear,220,0.8904252354141979,1.0,1.0,3,2022
2022-03-27,30.14083333,74.20777778,156.42390675245156,0.0,16.9,20104.469999999998,768.9300000000001,4758.0579,319.33,D,36.1,21.2,28.0,41.5,0.0,0.0,1008.5,1498.15,879.8,1162.0,14.9,153.4229959,Clear,201,9.255852470559264,1.0,1.0,3,2022
2022-03-28,30.14083333,74.20777778,155.4564014697555,0.0,18.4,20919.0,767.7900000000001,4943.49,319.81,D,38.2,21.0,29.6,34.8,0.0,0.0,1007.6,1329.36,730.8,1030.08,17.2,133.2909777,Clear,264,8.448717471182364,1.0,1.0,3,2022
2022-03-29,30.14083333,74.20777778,156.7989236579962,0.0,18.4,24713.039999999997,223.48,1008.5592,308.83,D,40.0,20.3,30.3,31.9,0.0,0.0,1005.8,1276.0,647.57,966.57,19.7,124.398868,Clear,287,8.521680633586751,1.0,1.0,3,2022
2022-03-30,30.14083333,74.20777778,191.65159664369617,0.0,9.5,37007.68,625.66,1948.8448000000003,303.17,D,39.0,21.2,30.5,34.4,0.0,0.0,1006.0,1341.6,729.28,1049.2,17.8,129.9140193,Clear,310,20.173852278283807,1.0,1.0,3,2022
2022-03-31,30.14083333,74.20777778,68.05997869747502,0.0,13.2,31781.300000000003,304.95,1073.8734,307.63,D,38.6,21.7,30.7,34.4,0.0,0.0,1006.5,1327.84,746.48,1056.08,16.9,129.3841933,Clear,254,5.156058992232956,1.0,1.0,3,2022
2022-04-01,30.14083333,74.20777778,176.63348517436,0.0,14.8,27811.199999999997,570.4,2478.6731999999997,321.28,D,36.0,23.9,29.9,29.0,0.0,0.0,1007.1,1044.0,693.1,867.1,12.1,117.7488076,Clear,214,11.934694944213511,1.0,1.0,4,2022
2022-04-02,30.14083333,74.20777778,156.04352430969027,0.0,11.2,22902.61,258.62,1319.4638,313.52,D,39.0,19.7,29.9,28.1,0.0,0.0,1008.3,1095.9,553.57,840.19,19.3,115.2773937,Clear,243,13.932457527650918,1.0,1.0,4,2022
2022-04-03,30.140833330000003,74.20777778,190.36994024569387,0.0,18.4,26472.42,153.66,668.5983,312.88,D,39.0,21.4,30.3,26.1,0.0,0.0,1007.5,1017.9,558.54,790.83,17.6,108.8854901,Clear,234,10.346192404657277,1.0,1.0,4,2022
2022-04-04,30.71777778,76.19694444000001,101.71557311714352,0.0,18.4,36352.8,283.8,852.6384,302.65,D,38.0,21.4,30.2,24.6,0.0,0.0,1007.4,934.8,526.44,742.92,16.6,104.6982777,Clear,289,5.528020278105626,1.0,1.0,4,2022
2022-04-05,30.717777779999995,76.19694444,60.34508248644555,0.0,19.6,33490.520000000004,376.32,1312.2816,312.53,D,38.4,20.8,30.2,26.7,0.0,0.0,1010.5,1025.28,555.36,806.34,17.6,110.7722959,Clear,251,3.0788307391043643,1.0,1.0,4,2022
2022-04-06,30.717777780000002,76.19694444,341.3924215964656,0.0,18.4,29940.24,373.12,1442.5752000000002,311.36,D,40.0,21.1,30.7,23.9,0.0,0.0,1010.5,956.0,504.29,733.73,18.9,101.8467333,Partially cloudy,289,18.553935956329656,1.0,0.0,4,2022
2022-04-07,30.717777780000002,76.19694444,94.49491637867864,0.2,15.2,29660.4,254.32000000000002,974.0745000000002,311.56,D,40.0,21.3,31.4,25.2,0.0,0.0,1009.6,1008.0,536.76,791.28,18.7,104.4636151,Clear,347,6.216770814386753,1.0,1.0,4,2022
2022-04-08,30.717777779999995,76.19694444,51.97662919998618,0.0,18.4,48518.04,5513.1,14045.621000000001,321.17,D,42.0,21.8,32.1,23.1,0.0,0.0,1006.9,970.2,503.58,741.51,20.2,97.51092338,Clear,313,2.824816804347075,1.0,1.0,4,2022
2022-04-09,30.717777779999995,76.19694444,78.71426887692249,0.0,16.6,49178.0,1641.5,4495.75,312.94,D,41.6,22.2,33.0,23.5,0.0,0.0,1005.0,977.6,521.7,775.5,19.4,97.38030608,Clear,292,4.741823426320631,1.0,1.0,4,2022
2022-04-10,30.717777779999995,76.19694444,152.31002658458965,0.0,18.4,70300.44,1140.36,1926.3699,319.21,D,42.0,25.9,33.4,20.9,0.0,0.0,1004.4,877.8,541.31,698.06,16.1,89.70907233,Clear,325,8.277718836119003,1.0,1.0,4,2022
2022-04-20,30.14083333,74.20777778,23.5385225132006,0.0,19.8,116360.76,772.5600000000001,742.3014000000001,305.45,D,41.0,27.0,33.8,22.6,0.0,0.0,1005.5,926.6,610.2,763.88,14.0,93.90725385,Partially cloudy,286,1.1888142683434646,1.0,0.0,4,2022
2022-04-21,30.14083333,74.20777778,353.64624162884826,0.0,18.4,22822.44,102.12,489.52479999999997,298.33,D,36.0,25.8,31.4,28.7,0.0,0.0,1006.8,1033.2,740.46,901.18,10.2,113.845236,Partially cloudy,320,19.21990443635045,1.0,0.0,4,2022
2022-04-22,30.140833330000003,74.20777778,103.54244518819485,0.0,27.7,56200.27,983.71,2132.8177,317.76,D,38.0,24.6,31.5,29.3,0.285,4.17,1007.9,1113.4,720.78,922.95,13.4,115.1719914,"Rain, Partially cloudy",188,3.737994411126168,1.0,0.0,4,2022
2022-04-23,30.14083333,74.20777778,53.336783930868734,0.0,18.4,87662.5,2265.0,3176.889,319.21,D,40.0,22.8,31.7,25.8,0.0,0.0,1007.9,1032.0,588.24,817.86,17.2,105.6150872,Clear,269,2.898738257112432,1.0,1.0,4,2022
2022-04-24,30.14083333,74.20777778,60.81073782673086,0.0,21.0,314367.89999999997,3961.7999999999997,1440.0077999999999,310.72,D,39.0,23.9,32.4,23.6,0.0,0.0,1006.0,920.4,564.04,764.64,15.1,98.49296572,Clear,282,2.895749420320517,1.0,1.0,4,2022
2022-04-25,30.14083333,74.20777778,122.17497695368662,0.0,46.4,331447.04,3085.12,1039.1132,308.62,D,40.1,24.7,33.7,23.5,0.0,0.0,1004.8,942.35,580.45,791.95,15.4,96.42469155,Partially cloudy,278,2.633081399863936,1.0,0.0,4,2022
2022-04-26,30.14083333,74.20777778,92.95162482585155,0.5,16.6,289993.22000000003,5380.38,2200.7799,310.61,D,39.8,27.4,33.5,22.6,0.0,0.0,1005.2,899.48,619.24,757.1,12.4,94.28362552,Partially cloudy,226,5.59949547143684,1.0,0.0,4,2022
2022-04-27,30.140833329999996,74.20777778,27.72285118226353,0.0,20.5,381707.54000000004,16858.54,5376.703100000001,321.06,D,42.0,24.2,33.9,23.7,0.0,0.0,1004.8,995.4,573.54,803.43,17.8,96.67652177,Clear,348,1.352334204012855,1.0,1.0,4,2022
2022-04-28,30.14083333,74.20777778,502.25287884129256,0.0,18.4,202067.80000000002,2046.33,1216.566,320.39,D,43.0,23.7,34.6,23.3,0.0,0.0,1004.6,1001.9,552.21,806.18,19.3,94.71783399,Clear,387,27.29635211093981,1.0,1.0,4,2022
2022-04-29,30.14083333,74.20777778,31.06283890984057,0.0,16.7,718457.55,14587.65,2365.2783,315.12,D,43.3,27.6,35.8,20.2,0.0,0.0,1003.9,874.66,557.52,723.16,15.7,85.43384736,Clear,413,1.8600502341221896,1.0,1.0,4,2022
2022-04-30,30.14083333,74.20777778,173.393405366472,0.0,14.8,1490400.72,13028.28,1043.3496,317.75,D,43.2,27.5,35.6,17.8,0.0,0.0,1001.2,768.96,489.5,633.68,15.7,79.19942312,Clear,360,11.715770632869727,1.0,1.0,4,2022
2022-05-01,30.14083333,74.20777778,138.32394815443342,0.0,22.3,610365.14,7087.85,1276.429,296.85,D,40.0,28.2,33.9,32.4,0.0,0.0,1000.3,1296.0,913.68,1098.36,11.8,117.1610878,Partially cloudy,226,6.202867630243651,1.0,0.0,5,2022
2022-05-02,30.14083333,74.20777778,81.18830596900717,0.0,22.3,806157.8999999999,7640.75,1114.425,315.52,D,40.0,28.4,34.1,41.7,0.0,0.0,1000.4,1668.0,1184.28,1421.97,11.6,133.7275129,Partially cloudy,289,3.640731209372519,1.0,0.0,5,2022
2022-05-03,30.14083333,74.20777778,219.76504493728163,0.0,20.5,16721.66,323.36,2447.7664,313.3,D,37.7,29.0,33.2,49.2,0.0,0.0,1003.2,1854.84,1426.8,1633.44,8.7,147.2085085,Partially cloudy,286,10.720246094501542,1.0,0.0,5,2022
2022-05-04,30.14083333,74.20777778,369.03296396367625,0.0,27.7,539059.28,19131.92,4487.419599999999,305.03,D,37.2,24.0,31.1,54.8,0.97,4.17,1005.6,2038.56,1315.2,1704.28,13.2,161.9176843,"Rain, Partially cloudy",324,13.322489673778929,1.0,0.0,5,2022
2022-05-05,30.14083333,74.20777778,81.44614543183889,0.0,9.8,764784.2899999999,5205.11,757.1130999999999,302.66,D,37.0,23.5,30.0,53.2,0.0,0.0,1006.2,1968.4,1250.2,1596.0,13.5,164.8809215,Partially cloudy,365,8.310831166514172,1.0,0.0,5,2022
2022-05-06,30.14083333,74.20777778,53.7345741292114,0.0,17.9,509218.37999999995,11740.24,2831.7167999999997,294.11,D,38.0,25.7,32.3,44.5,0.0,0.0,1005.5,1691.0,1143.65,1437.35,12.3,143.9275317,Partially cloudy,364,3.001931515598403,1.0,0.0,5,2022
2022-05-07,30.14083333,74.20777778,223.10292121264342,0.0,11.2,521553.99999999994,29203.4,6680.036,318.04,D,39.3,27.3,33.4,36.2,0.0,0.0,1005.0,1422.66,988.26,1209.08,12.0,126.0750385,Partially cloudy,335,19.919903679700308,1.0,0.0,5,2022
2022-05-08,30.14083333,74.20777778,191.0547640454346,0.0,18.4,456274.24,6612.4800000000005,1752.7608,322.66,D,40.0,27.5,33.6,39.6,0.0,0.0,1003.3,1584.0,1089.0,1330.56,12.5,131.7567549,Clear,312,10.383411089425795,1.0,1.0,5,2022
2022-05-09,30.140833330000003,74.20777778,87.79426709075899,0.0,20.5,273941.45,6044.5,2687.0690000000004,313.57,D,39.3,28.5,33.8,45.3,0.0,0.0,1003.0,1780.29,1291.05,1531.14,10.8,140.0142593,Clear,267,4.282647175158975,1.0,1.0,5,2022
2022-05-10,30.14083333,74.20777778,194.34432196906096,0.5,22.3,218258.59999999998,3000.7999999999997,1703.8251999999998,310.62,D,38.9,29.8,33.8,45.9,0.0,0.0,1003.4,1785.51,1367.82,1551.42,9.1,140.8377977,Clear,244,8.714992016549818,1.0,1.0,5,2022
2022-05-11,30.14083333,74.20777778,143.79540014611834,0.0,14.8,155533.02,2636.46,1998.2387999999996,304.36,D,40.4,29.0,34.6,44.4,0.0,0.0,1001.4,1793.76,1287.6,1536.24,11.4,136.1381403,Clear,200,9.715905415278266,1.0,1.0,5,2022
2022-05-12,30.14083333,74.20777778,134.67883138251406,0.0,16.6,165290.84,2010.58,1436.4151999999997,305.71,D,43.0,30.0,35.9,41.8,0.0,0.0,999.7,1797.4,1254.0,1500.62,13.0,128.5157265,Clear,194,8.113182613404462,1.0,1.0,5,2022
2022-05-13,30.14083333,74.20777778,70.14490285583207,0.0,18.4,164212.12,2079.2999999999997,1494.399,317.42,D,44.0,28.8,35.0,45.9,0.0,0.0,997.4,2019.6,1321.92,1606.5,15.2,136.8188104,Clear,242,3.8122229812952217,1.0,1.0,5,2022
2022-05-14,30.14083333,74.20777778,85.94219694756335,0.0,18.3,132487.0,794.2,807.4000000000001,325.22,D,44.0,29.0,37.2,28.4,0.0,0.0,997.6,1249.6,823.6,1056.48,15.0,102.4472594,Clear,310,4.696294915167396,1.0,1.0,5,2022
2022-05-15,30.140833330000003,74.20777778,188.7729600651981,0.0,20.0,227332.42,1197.56,628.7918000000001,319.32,D,45.3,27.6,37.0,21.3,0.0,0.0,998.7,964.89,587.88,788.1,17.7,87.0363759,Clear,295,9.438648003259903,1.0,1.0,5,2022
2022-05-16,30.14083333,74.20777778,279.0966549069942,0.0,20.6,120490.77,2556.06,2679.9422,302.87,D,41.6,31.3,37.4,18.1,0.0,0.0,998.9,752.96,566.53,676.94,10.3,78.82545717,Partially cloudy,265,13.548381306164767,1.0,0.0,5,2022
2022-05-17,30.14083333,74.20777778,193.9903530541782,0.0,13.0,80163.83,1277.3,1762.9389999999999,292.22,D,42.0,28.4,34.6,31.2,0.0,0.0,1000.1,1310.4,886.08,1079.52,13.6,113.1136269,Partially cloudy,206,14.9223348503214,1.0,0.0,5,2022
2022-05-18,30.140833330000003,74.20777778,74.10297687446018,0.4,27.7,127120.9,6286.299999999999,5837.2543,313.39,D,41.0,31.6,35.8,31.0,0.0,0.0,1001.9,1271.0,979.6,1109.8,9.4,110.2506493,Partially cloudy,296,2.6751977210996456,1.0,0.0,5,2022
2022-05-19,30.14083333,74.20777778,138.60529117779043,0.0,14.8,75237.8,866.8,1347.4406,311.92,D,43.0,28.8,36.2,32.6,0.0,0.0,1001.2,1401.8,938.88,1180.12,14.2,112.5419066,Clear,265,9.365222376877732,1.0,1.0,5,2022
2022-05-20,30.14083333,74.20777778,229.13311052911965,0.0,27.7,101445.39,1957.24,2312.8164,314.73,D,44.1,29.6,37.0,30.6,0.525,8.33,998.2,1349.46,905.76,1132.2,14.5,107.1317563,"Rain, Partially cloudy",288,8.27195344870468,1.0,0.0,5,2022
2022-05-21,30.14083333,74.20777778,144.03414848867476,0.0,26.9,70492.34999999999,200.22,311.09299999999996,300.18,D,42.2,26.7,34.8,30.8,0.979,4.17,996.1,1299.76,822.36,1071.84,15.5,111.8565634,"Rain, Partially cloudy",280,5.354429311846646,1.0,0.0,5,2022
2022-05-22,30.14083333,74.20777778,255.68471021836896,0.5,20.5,76626.12,919.3499999999999,1367.118,299.97,D,39.2,24.6,32.2,44.9,0.0,0.0,995.3,1760.08,1104.54,1445.78,14.6,144.8907924,Partially cloudy,268,12.472424888700925,1.0,0.0,5,2022
2022-05-23,30.14083333,74.20777778,473.9889044971435,0.0,40.7,7483.08,32.56,503.4072,305.56,D,31.0,18.0,25.7,71.2,18.988,12.5,998.7,2207.2,1281.6,1829.84,13.0,201.0407578,"Rain, Partially cloudy",151,11.645919029413845,1.0,0.0,5,2022
2022-05-24,30.14083333,74.20777778,61.497420919688174,0.6,63.0,4803.82,67.75999999999999,1660.7492,301.52,D,32.0,20.0,26.3,75.1,17.357,8.33,1004.5,2403.2,1502.0,1975.13,12.0,198.0195638,"Rain, Partially cloudy",73,0.9761495384077488,1.0,0.0,5,2022
2022-05-25,30.14083333,74.20777778,387.75591724542727,0.0,13.0,12853.88,281.96,2509.8892,309.53,D,33.8,24.6,29.1,66.6,0.0,0.0,1005.2,2251.08,1638.36,1938.06,9.2,180.1694423,Partially cloudy,202,29.82737824964825,1.0,0.0,5,2022
2022-05-26,30.14083333,74.20777778,84.44048847914816,0.0,11.2,13769.439999999999,157.85,1292.984,304.6,D,36.0,25.0,30.6,59.1,0.0,0.0,1003.0,2127.6,1477.5,1808.46,11.0,168.1000756,Clear,222,7.539329328495372,1.0,1.0,5,2022
2022-05-27,30.14083333,74.20777778,313.5568694444169,0.0,28.2,20000.399999999998,127.8,710.0142,297.48,D,38.8,27.0,32.4,50.5,0.0,0.0,999.8,1959.4,1363.5,1636.2,11.8,151.8053656,Partially cloudy,238,11.119037923560883,1.0,0.0,5,2022
2022-05-28,30.14083333,74.20777778,46.6435699286547,0.0,13.0,12690.48,91.2,801.5039999999999,303.09,D,40.0,28.2,34.4,46.6,0.0,0.0,998.0,1864.0,1314.12,1603.04,11.8,139.7157027,Partially cloudy,178,3.587966917588823,1.0,0.0,5,2022
2022-05-29,30.140833329999996,74.20777778,102.2429716432064,0.1,14.8,18511.2,278.1,1765.42,311.77,D,41.0,29.0,34.0,50.4,0.0,0.0,998.2,2066.4,1461.6,1713.6,12.0,145.6216595,Partially cloudy,196,6.908308894811243,1.0,0.0,5,2022
2022-05-30,30.14083333,74.20777778,503.87962080594656,0.0,16.6,4880.12,81.33999999999999,2025.2497999999998,316.46,D,39.8,25.1,31.4,59.4,15.371,4.17,999.6,2364.12,1490.94,1865.16,14.7,164.6365369,"Rain, Partially cloudy",184,30.35419402445461,1.0,0.0,5,2022
2022-05-31,30.14083333,74.20777778,105.67882838869058,0.0,9.4,14684.12,96.36,730.8687,304.79,D,39.2,24.5,32.9,49.2,0.0,0.0,999.8,1928.64,1205.4,1618.68,14.7,148.3241964,Partially cloudy,218,11.242428551988358,1.0,0.0,5,2022
2022-06-01,30.14083333,74.20777778,261.77218803333966,0.0,11.2,27756.030000000002,168.48999999999998,678.8523,299.86,D,41.8,26.8,35.0,38.7,0.0,0.0,1000.2,1617.66,1037.16,1354.5,15.0,126.2813785,Partially cloudy,349,23.372516788691044,1.0,0.0,6,2022
2022-06-02,30.140833330000003,74.20777778,373.8839822656036,0.0,10.800000000000002,66142.75,1107.14,1886.915,300.93,D,41.5,28.7,35.4,32.8,0.0,0.0,999.8,1361.2,941.36,1161.12,12.8,114.6482076,Partially cloudy,229,34.61888724681515,1.0,0.0,6,2022
2022-06-03,30.14083333,74.20777778,39.88782904594844,0.0,15.4,82525.23000000001,1190.7,1664.0890000000002,312.84,D,43.2,27.2,35.6,28.5,0.0,0.0,998.9,1231.2,775.2,1014.6,16.0,105.416296,Partially cloudy,305,2.5901187692174314,1.0,0.0,6,2022
2022-06-04,30.14083333,74.20777778,102.03893911452889,0.0,16.6,83059.24,1231.78,1746.9898,316.34,D,45.0,29.3,36.5,27.0,0.0,0.0,999.3,1215.0,791.1,985.5,15.7,100.6703796,Partially cloudy,255,6.146924043043908,1.0,0.0,6,2022
2022-06-05,30.14083333,74.20777778,543.3682311971243,0.0,17.4,104129.26999999999,1101.6799999999998,1336.2664,310.64,D,44.0,30.5,37.3,20.8,0.0,0.0,999.5,915.2,634.4,775.84,13.5,85.54963944,Partially cloudy,244,31.228059264202543,1.0,0.0,6,2022
2022-06-06,30.14083333,74.20777778,119.90636974455025,0.0,18.0,105329.0,2011.87,2572.67,311.37,D,44.0,29.0,36.8,23.8,0.0,0.0,998.7,1047.2,690.2,875.84,15.0,93.12948216,Clear,195,6.6614649858083474,1.0,1.0,6,2022
2022-06-07,30.14083333,74.20777778,102.1867389147408,0.0,23.2,94648.84,820.82,949.7978,298.53,D,43.2,30.8,37.3,22.2,0.0,0.0,998.3,959.04,683.76,828.06,12.4,88.85522866,Clear,262,4.404600815290552,1.0,1.0,6,2022
2022-06-08,30.140833329999996,74.20777778,160.41870290039404,0.0,29.600000000000005,114588.63,1918.08,1982.0736,311.57,D,44.0,31.9,37.3,21.5,0.0,0.0,998.1,946.0,685.85,801.95,12.1,87.21506412,Clear,341,5.41955077366196,1.0,1.0,6,2022
2022-06-09,30.14083333,74.20777778,100.089458307622,0.0,16.3,92470.72,1206.0,1552.68,311.52,D,44.0,30.2,37.5,24.6,0.0,0.0,997.1,1082.4,742.92,922.5,13.8,94.02599021,Clear,237,6.140457564884785,1.0,1.0,6,2022
2022-06-10,30.14083333,74.20777778,205.0883661282326,0.0,30.4,73650.4,969.65,1544.9456,307.35,D,43.2,32.0,37.8,26.1,0.0,0.0,997.8,1127.52,835.2,986.58,11.2,96.80936651,Clear,293,6.746327833165546,1.0,1.0,6,2022
2022-06-11,30.14083333,74.20777778,35.244439009649035,0.0,27.4,64751.38,273.53999999999996,470.61569999999995,308.17,D,44.0,32.1,37.7,22.1,0.0,0.0,998.0,972.4,709.41,833.17,11.9,88.20220621,Clear,276,1.2862933945127386,1.0,1.0,6,2022
2022-06-12,30.140833330000003,74.20777778,347.3355518465541,0.0,21.1,47980.799999999996,665.28,1539.384,295.73,D,43.0,32.0,37.7,24.7,0.0,0.0,999.3,1062.1,790.4,931.19,11.0,93.98283443,Clear,284,16.46140056144806,1.0,1.0,6,2022
2022-06-13,30.14083333,74.20777778,258.17595417298054,0.0,16.6,94518.95999999999,1603.56,1989.6925999999996,308.86,D,43.0,33.2,37.6,29.2,0.0,0.0,1001.2,1255.6,969.44,1097.92,9.8,103.3459919,Partially cloudy,208,15.552768323673526,1.0,0.0,6,2022
2022-06-14,30.14083333,74.20777778,205.6897905792027,0.0,21.4,108432.45000000001,8473.5,9259.787,313.65,D,39.2,32.0,35.3,38.0,0.0,0.0,1000.8,1489.6,1216.0,1341.4,7.2,124.3072077,Partially cloudy,221,9.611672456972087,1.0,0.0,6,2022
2022-06-15,30.14083333,74.20777778,226.25277129769464,0.0,23.0,19531.5,256.94,1491.8025,305.76,D,42.0,30.0,36.1,39.3,0.0,0.0,999.0,1650.6,1179.0,1418.73,12.0,124.2562085,Partially cloudy,157,9.837077012943244,1.0,0.0,6,2022
2022-06-16,30.14083333,74.20777778,63.155861902000936,0.0,23.2,22664.76,188.27,950.5668,302.21,D,39.6,28.2,34.1,46.1,0.74,4.17,999.8,1825.56,1300.02,1572.01,11.4,140.0862739,"Rain, Partially cloudy",135,2.722235426810385,1.0,0.0,6,2022
2022-06-17,30.14083333,74.20777778,514.3382282736748,1.9,19.3,338.28,1.48,500.65439999999995,303.45,D,36.0,25.0,29.2,70.8,17.506,12.5,1001.1,2548.8,1770.0,2067.36,11.0,180.8373179,"Rain, Partially cloudy",81,26.649649133351023,1.0,0.0,6,2022
2022-06-18,30.14083333,74.20777778,303.3530279049808,0.0,18.0,1200.24,3.16,237.0474,288.83,N,32.0,26.1,28.9,74.1,0.618,8.33,1002.0,2371.2,1934.01,2141.49,5.9,182.6939385,"Rain, Partially cloudy",65,16.852945994721157,0.0,0.0,6,2022
2022-06-19,30.140833330000003,74.20777778,371.3067910099249,0.0,16.6,2971.2599999999998,14.13,518.3198,300.11,D,31.0,25.2,28.3,74.4,0.06,4.17,1001.4,2306.4,1874.88,2105.52,5.8,186.1245568,"Rain, Partially cloudy",130,22.367878976501498,1.0,0.0,6,2022
2022-06-20,30.14083333,74.20777778,242.82550648112408,0.0,14.4,1322.56,13.16,1087.8056,303.81,D,32.3,25.0,29.0,65.6,0.0,0.0,999.7,2118.88,1640.0,1902.4,7.3,180.2384361,Partially cloudy,208,16.862882394522504,1.0,0.0,6,2022
2022-06-21,30.14083333,74.20777778,56.50123705319099,0.4,18.4,670.06,6.38,1068.7457,295.04,D,34.0,26.3,30.2,61.2,0.51,4.17,999.0,2080.8,1609.56,1848.24,7.7,171.571392,"Rain, Partially cloudy",120,3.070719405064728,1.0,0.0,6,2022
2022-06-22,30.14083333,74.20777778,325.8840944949341,0.0,18.4,1658.6000000000001,13.200000000000001,875.7408000000001,296.32,D,38.0,25.0,31.0,59.3,0.0,0.0,1003.5,2253.4,1482.5,1838.3,13.0,166.4015592,Partially cloudy,138,17.711092092115987,1.0,0.0,6,2022
2022-06-23,30.14083333,74.20777778,435.1095050756785,0.0,20.5,15596.009999999998,190.82,1347.2297999999998,299.81,D,38.0,27.2,33.1,48.1,0.0,0.0,1004.4,1827.8,1308.32,1592.11,10.8,146.2034226,Partially cloudy,148,21.224853906130654,1.0,0.0,6,2022
2022-06-24,30.14083333,74.20777778,343.9101555399416,0.0,14.799999999999999,26004.920000000002,385.32000000000005,1734.8019000000002,310.53,D,40.0,27.0,33.3,38.6,0.0,0.0,1001.9,1544.0,1042.2,1285.38,13.0,130.8511933,Clear,210,23.23717267161768,1.0,1.0,6,2022
2022-06-25,30.14083333,74.20777778,99.93174184734427,0.0,14.8,39815.560000000005,256.06,732.2014,312.42,D,40.0,26.8,34.3,34.8,0.0,0.0,999.2,1392.0,932.64,1193.64,13.2,121.0792752,Clear,199,6.752144719415152,1.0,1.0,6,2022
2022-06-26,30.14083333,74.20777778,232.7425071673053,0.0,24.1,31537.94,232.18,828.7097,298.01,D,39.9,29.9,35.0,48.0,0.0,0.0,1000.1,1915.2,1435.2,1680.0,10.0,139.3569846,Partially cloudy,206,9.657365442626777,1.0,0.0,6,2022
2022-06-27,30.140833330000003,74.20777778,280.52331227578304,0.0,18.4,16679.52,527.52,3818.9151,291.36,D,39.9,31.2,35.7,51.1,0.0,0.0,1001.1,2038.89,1594.32,1824.27,8.7,140.127498,Partially cloudy,118,15.245832188901254,1.0,0.0,6,2022
2022-06-28,30.140833330000003,74.20777778,374.5767204444057,0.0,16.6,3972.12,68.64,1893.3772,286.5,D,41.0,31.5,35.9,53.1,0.0,0.0,998.3,2177.1,1672.65,1906.29,9.5,141.1509678,Partially cloudy,160,22.56486267737383,1.0,0.0,6,2022
2022-06-29,30.140833330000003,74.20777778,492.7065262599431,0.0,18.4,13337.220000000001,88.13999999999999,772.8747999999999,306.71,D,40.0,30.3,34.9,53.8,0.0,0.0,995.9,2152.0,1630.14,1877.62,9.7,145.4948418,Partially cloudy,162,26.777528601083866,1.0,0.0,6,2022
2022-07-01,30.14083333,74.20777778,101.79884937383864,0.0,13.0,617.3,2.96,456.80199999999996,289.49,N,31.0,25.6,28.2,88.6,1.701,4.17,999.6,2746.6,2268.16,2498.52,5.4,179.7360956,"Rain, Overcast",64,7.83068072106451,0.0,0.0,7,2022
2022-07-02,30.14083333,74.20777778,302.97670447075114,0.0,15.3,1665.0,12.9,859.14,291.83,D,36.1,27.0,31.0,72.9,0.7,12.5,997.5,2631.69,1968.3,2259.9,9.1,171.1902796,"Rain, Partially cloudy",92,19.802398985016413,1.0,0.0,7,2022
2022-07-03,30.14083333,74.20777778,149.27009141473698,0.0,15.8,610.34,1.44,219.7224,285.89,N,36.5,27.6,33.1,57.4,0.085,4.17,997.8,2095.1,1584.24,1899.94,8.9,155.6429955,"Rain, Partially cloudy",84,9.447474140173226,0.0,0.0,7,2022
2022-07-04,30.140833330000003,74.20777778,371.6196311331167,0.0,11.2,3106.35,118.53,4545.6255,297.57,D,36.0,28.7,33.5,64.1,0.51,4.17,998.3,2307.6,1839.67,2147.35,7.3,157.5162522,"Rain, Partially cloudy",101,33.18032420831399,1.0,0.0,7,2022
2022-07-05,30.140833329999996,74.20777778,374.00062649399473,0.0,13.7,5698.57,106.25,2095.0625,302.75,D,37.2,30.4,33.9,64.5,0.0,0.0,998.6,2399.4,1960.8,2186.55,6.8,155.81761,Partially cloudy,133,27.29931580248137,1.0,0.0,7,2022
2022-07-06,30.14083333,74.20777778,295.4500362947176,0.0,18.4,1223.36,4.16,318.0736,290.09,N,37.8,30.4,34.4,63.0,0.0,0.0,1001.0,2381.4,1915.2,2167.2,7.4,153.082779,Partially cloudy,100,16.057067189930308,0.0,0.0,7,2022
2022-07-07,30.140833330000003,74.20777778,521.6765927442327,0.0,18.4,994.86,5.37,593.5998000000001,292.5,D,38.0,31.4,34.6,59.3,0.0,0.0,1002.8,2253.4,1862.02,2051.78,6.6,150.5335908,Partially cloudy,97,28.351988736099607,1.0,0.0,7,2022
2022-07-08,30.14083333,74.20777778,329.8686602078319,0.0,14.8,330.58,3.12,1031.4096,287.37,D,38.2,31.0,34.9,54.8,0.0,0.0,1000.4,2093.36,1698.8,1912.52,7.2,146.3067604,Partially cloudy,89,22.288422987015668,1.0,0.0,7,2022
2022-07-09,30.14083333,74.20777778,149.177849588944,0.0,22.3,302.42,0.6,181.452,279.98,N,35.0,28.7,32.0,66.5,0.0,0.0,998.8,2327.5,1908.55,2128.0,6.3,165.3693951,Partially cloudy,111,6.6895896676656506,0.0,0.0,7,2022
2022-07-10,30.14083333,74.20777778,294.2967890273078,0.0,18.4,1218.56,2.28,173.64479999999998,287.44,N,34.0,28.3,31.0,73.6,0.0,0.0,1000.4,2502.4,2082.88,2281.6,5.7,171.1335335,Partially cloudy,66,15.99439070800586,0.0,0.0,7,2022
2022-07-11,30.14083333,74.20777778,93.5471863690676,0.0,16.9,4980.45,80.85,1789.6416999999997,303.66,D,36.0,28.7,31.8,67.9,0.851,4.17,1000.9,2444.4,1948.73,2159.22,7.3,166.6953864,"Rain, Partially cloudy",98,5.535336471542462,1.0,0.0,7,2022
2022-07-12,30.14083333,74.20777778,102.1970174797727,0.0,14.7,1530.9,5.3500000000000005,327.61260000000004,290.74,N,33.0,28.0,30.3,80.1,2.149,4.17,1000.5,2643.3,2242.8,2427.03,5.0,173.1444566,"Rain, Partially cloudy",84,6.952178059848484,0.0,0.0,7,2022
2022-07-14,30.14083333,74.20777778,400.2864243492371,0.0,16.6,300.16,1.31,393.2096,278.45,N,38.6,29.4,32.3,67.6,0.03,4.17,997.9,2609.36,1987.44,2183.48,9.2,164.1594144,"Rain, Partially cloudy",88,24.11364002103838,0.0,0.0,7,2022
2022-07-15,30.14083333,74.20777778,294.4837607552626,0.0,20.5,1219.92,2.92,222.6354,289.8,N,37.0,28.6,32.9,63.7,0.0,0.0,999.6,2356.9,1821.82,2095.73,8.4,160.1352766,Partially cloudy,92,14.365061500256711,0.0,0.0,7,2022
2022-07-16,30.14083333,74.20777778,149.1022585225538,0.0,22.3,1654.8,15.75,1042.524,295.98,D,35.4,25.8,29.4,80.4,18.058,8.33,1000.9,2846.16,2074.32,2363.76,9.6,178.2078955,"Rain, Partially cloudy",87,6.686199933746807,1.0,0.0,7,2022
2022-07-17,30.14083333,74.20777778,294.3332410043644,0.0,15.3,1210.52,2.72,205.78840000000002,288.42,N,34.1,25.9,29.9,81.9,10.552,8.33,1002.8,2792.79,2121.21,2448.81,8.2,174.5105399,"Rain, Partially cloudy",96,19.2374667323114,0.0,0.0,7,2022
2022-07-18,30.140833330000003,74.20777778,226.5249569348696,0.0,13.0,1005.51,19.14,2138.3846,295.5,D,37.1,28.9,33.2,68.8,0.0,0.0,1001.3,2552.48,1988.32,2284.16,8.2,159.940112,Partially cloudy,140,17.42499668729766,1.0,0.0,7,2022
2022-07-19,30.14083333,74.20777778,223.23367719294865,0.0,17.1,661.22,4.94,816.6067,288.93,D,37.0,29.0,32.4,73.5,10.0,12.5,999.9,2719.5,2131.5,2381.4,8.0,163.7897424,"Rain, Partially cloudy",124,13.054601005435591,1.0,0.0,7,2022
2022-07-20,30.14083333,74.20777778,400.1146775577214,0.0,22.3,310.96,1.29,401.1384,286.8,N,34.8,25.3,29.7,84.0,60.975,12.5,999.8,2923.2,2125.2,2494.8,9.5,174.353302,"Rain, Overcast",86,17.942362222319343,0.0,0.0,7,2022
2022-07-21,30.14083333,74.20777778,149.25586277209842,0.0,11.2,313.19,1.23,385.2237,287.48,N,32.4,25.9,29.0,84.0,0.7,8.33,1002.5,2721.6,2175.6,2436.0,6.5,178.5392202,"Rain, Overcast",53,13.32641631893736,0.0,0.0,7,2022
2022-07-22,30.14083333,74.20777778,99.27202419218894,0.0,15.4,663.4,9.14,1515.8690000000001,288.12,D,32.8,27.8,29.4,86.7,7.09,12.5,1003.7,2843.76,2410.26,2548.98,5.0,174.0492968,"Rain, Overcast",171,6.446235337155126,1.0,0.0,7,2022
2022-07-24,30.14083333,74.20777778,150.37713272980108,0.0,22.5,599.2,1.38,206.724,270.73,N,34.4,27.0,30.0,82.5,3.285,12.5,1001.9,2838.0,2227.5,2475.0,7.4,173.5723716,"Rain, Partially cloudy",59,6.683428121324492,0.0,0.0,7,2022
2022-07-25,30.14083333,74.20777778,150.31830939656032,0.0,21.5,308.08,1.99,613.0792,290.92,N,34.0,27.0,30.0,80.3,2.197,4.17,1004.1,2730.2,2168.1,2409.0,7.0,174.7693965,"Rain, Partially cloudy",56,6.991549274258619,0.0,0.0,7,2022
2022-07-26,30.14083333,74.20777778,133.24103583052243,0.0,20.5,2411.36,30.87,1519.1568000000002,289.22,D,32.8,27.0,29.4,81.0,0.0,0.0,1005.3,2656.8,2187.0,2381.4,5.8,177.9194465,Partially cloudy,60,6.499562723440119,1.0,0.0,7,2022
2022-07-27,30.14083333,74.20777778,23.44344415840417,0.0,16.6,601.86,3.9,586.8135,287.95,N,33.6,27.0,30.0,80.0,0.0,0.0,1004.7,2688.0,2160.0,2400.0,6.6,174.9093595,Partially cloudy,55,1.4122556721930222,0.0,0.0,7,2022
2022-07-28,30.14083333,74.20777778,295.6644903111403,0.0,11.2,301.06,0.56,168.5936,284.49,N,32.0,26.9,28.6,86.3,17.162,8.33,1006.0,2761.6,2321.47,2468.18,5.1,179.2689579,"Rain, Partially cloudy",52,26.398615206351813,0.0,0.0,7,2022
2022-07-29,30.14083333,74.20777778,400.10268738682174,0.0,11.2,303.17,0.84,254.6628,287.08,N,32.0,26.0,28.0,89.2,2.448,4.17,1005.5,2854.4,2319.2,2497.6,6.0,180.420003,"Rain, Overcast",47,35.723454230966226,0.0,0.0,7,2022
2022-07-30,30.14083333,74.20777778,374.5599852540006,0.0,16.6,606.78,0.96,145.6272,288.79,N,31.6,26.4,28.4,86.9,15.76,8.33,1003.7,2746.04,2294.16,2467.96,5.2,180.010528,"Rain, Overcast",47,22.56385453337353,0.0,0.0,7,2022
2022-08-01,30.140833330000003,74.20777778,562.8826948954313,0.5,13.0,1801.6799999999998,4.74,237.22119999999998,288.72,N,34.0,27.3,29.7,79.6,0.0,0.0,1001.4,2706.4,2173.08,2364.12,6.7,176.8152197,Partially cloudy,48,43.2986688381101,0.0,0.0,8,2022
2022-08-02,30.14083333,74.20777778,67.87877569577675,0.0,29.0,305.43,2.4,733.032,290.73,N,35.0,27.0,31.0,75.9,0.0,0.0,1000.8,2656.5,2049.3,2352.9,8.0,170.7380664,Partially cloudy,216,2.3406474377854054,0.0,0.0,8,2022
2022-08-04,30.14083333,74.20777778,100.23178914835674,0.0,18.4,306.09,3.39,1037.6451,281.66,N,32.7,27.0,29.4,84.6,4.928,8.33,1002.8,2766.42,2284.2,2487.24,5.7,175.7130118,"Rain, Partially cloudy",99,5.447379845019388,0.0,0.0,8,2022
2022-08-06,30.14083333,74.20777778,282.2964956407791,0.0,11.2,618.82,3.26,504.3383,288.73,N,33.0,27.0,30.2,84.5,0.0,0.0,999.7,2788.5,2281.5,2551.9,6.0,171.0495659,Partially cloudy,88,25.20504425364099,0.0,0.0,8,2022
2022-08-09,30.14083333,74.20777778,392.745162267896,0.0,16.6,1335.4,12.04,1004.8885,287.95,D,35.6,28.0,32.0,75.3,0.134,4.17,999.1,2680.68,2108.4,2409.6,7.6,165.5200059,"Rain, Partially cloudy",115,23.659347124572044,1.0,0.0,8,2022
2022-08-10,30.14083333,74.20777778,294.4180806797222,0.0,15.5,660.44,13.6,2245.496,299.03,D,35.7,29.0,32.5,68.9,0.0,0.0,997.9,2459.73,1998.1,2239.25,6.7,163.3756329,Partially cloudy,87,18.99471488256272,1.0,0.0,8,2022
2022-08-11,30.14083333,74.20777778,99.71571670682866,0.0,18.5,615.84,5.4,831.3840000000001,295.53,N,32.0,27.0,29.6,73.9,0.03,4.17,999.8,2364.8,1995.3,2187.44,5.0,178.7626434,"Rain, Partially cloudy",62,5.390038740909657,0.0,0.0,8,2022
2022-08-12,30.14083333,74.20777778,26.35682417696995,0.0,20.5,2645.68,22.72,939.2163999999999,299.45,D,36.0,27.3,31.2,71.1,0.0,0.0,999.8,2559.6,1941.03,2218.32,8.7,170.1524949,Partially cloudy,52,1.2856987403399975,1.0,0.0,8,2022
2022-08-14,30.14083333,74.20777778,349.9819145344027,0.0,11.2,675.9,18.56,3136.1759999999995,291.46,D,32.5,27.0,28.9,86.6,5.747,8.33,1002.1,2814.5,2338.2,2502.74,5.5,177.1768705,"Rain, Partially cloudy",53,31.248385226285954,1.0,0.0,8,2022
2022-08-16,30.14083333,74.20777778,150.4288450562936,0.0,37.1,315.74,2.16,681.9984000000001,289.33,N,32.4,27.7,29.1,78.7,2.448,8.33,1001.6,2549.88,2179.99,2290.17,4.7,180.64848,"Rain, Partially cloudy",47,4.054685850573951,0.0,0.0,8,2022
2022-08-17,30.14083333,74.20777778,129.8875074881701,0.0,22.3,2319.3799999999997,15.959999999999999,755.4551999999998,293.45,D,33.3,26.0,29.2,76.8,0.0,0.0,1002.9,2557.44,1996.8,2242.56,7.3,180.6109801,Partially cloudy,48,5.824551905299107,1.0,0.0,8,2022
2022-08-18,30.14083333,74.20777778,101.81209554585926,0.0,11.9,304.33,1.04,316.5032,273.26,N,34.5,26.9,30.3,76.1,0.0,0.0,1002.1,2625.45,2047.09,2305.83,7.6,174.5452778,Partially cloudy,48,8.555638281164644,0.0,0.0,8,2022
2022-08-20,30.14083333,74.20777778,99.10027009400868,0.0,13.0,610.6,8.46,1291.419,282.58,N,32.0,27.0,29.6,80.8,6.851,4.17,1003.5,2585.6,2181.6,2391.68,5.0,176.8469578,"Rain, Partially cloudy",69,7.623097699539129,0.0,0.0,8,2022
2022-08-21,30.140833330000003,74.20777778,294.6347860672841,0.0,11.199999999999998,1980.42,30.72,1689.9584000000002,299.28,D,35.0,27.9,30.9,76.7,1.344,4.17,1001.5,2684.5,2139.93,2370.03,7.1,171.0740756,"Rain, Partially cloudy",93,26.30667732743608,1.0,0.0,8,2022
2022-08-22,30.140833330000003,74.20777778,542.7925934895869,0.0,22.3,1808.52,3.3600000000000003,168.79520000000002,282.14,N,35.2,28.9,31.5,74.3,0.0,0.0,999.7,2615.36,2147.27,2340.45,6.3,168.3719305,Partially cloudy,93,24.34047504437609,0.0,0.0,8,2022
2022-08-23,30.14083333,74.20777778,262.5060666773452,0.0,27.7,2180.78,8.469999999999999,376.96340000000004,291.93,N,33.6,28.0,30.7,71.4,0.0,0.0,1001.0,2399.04,1999.2,2191.98,5.6,172.797609,Partially cloudy,69,9.476753309651452,0.0,0.0,8,2022
2022-08-24,30.14083333,74.20777778,620.0630252031001,0.0,16.6,330.36,3.37,1113.3132,286.16,D,33.0,27.0,29.1,80.9,5.104,4.17,1005.2,2669.7,2184.3,2354.19,6.0,179.7387595,"Rain, Partially cloudy",51,37.35319428934338,1.0,0.0,8,2022
2022-08-25,30.14083333,74.20777778,215.9912133031223,0.0,11.2,2338.84,19.810000000000002,945.5595999999999,290.49,D,34.0,26.0,30.1,72.3,0.0,0.0,1004.7,2458.2,1879.8,2176.23,8.0,176.0467072,Partially cloudy,77,19.284929759207348,1.0,0.0,8,2022
2022-08-26,30.14083333,74.20777778,132.0103717419697,0.0,14.8,1676.8000000000002,12.6,845.1072,288.02,D,35.0,27.0,30.7,73.0,0.0,0.0,1004.0,2555.0,1971.0,2241.1,8.0,172.7905772,Partially cloudy,105,8.91961971229525,1.0,0.0,8,2022
2022-08-27,30.140833330000003,74.20777778,21.03609258334229,0.0,20.1,921.0,4.17,426.72999999999996,290.21,N,35.0,27.0,30.7,70.2,0.17,4.17,1003.1,2457.0,1895.4,2155.14,8.0,172.7003654,"Rain, Partially cloudy",92,1.0465717703155366,0.0,0.0,8,2022
2022-08-28,30.14083333,74.20777778,309.9092725779845,0.0,17.9,1332.68,9.92,826.2616,296.34,D,34.2,27.0,30.6,65.9,0.0,0.0,1003.7,2253.78,1779.3,2016.54,7.2,172.1347156,Partially cloudy,106,17.313367183127628,1.0,0.0,8,2022
2022-08-29,30.14083333,74.20777778,262.8391958776912,0.0,18.4,7792.720000000001,20.8,239.77600000000004,282.4,N,34.8,26.0,30.3,66.9,0.851,4.17,1007.5,2328.12,1739.4,2027.07,8.8,174.0263623,"Rain, Partially cloudy",130,14.284738906396264,0.0,0.0,8,2022
2022-08-30,30.14083333,74.20777778,261.6386274550589,0.0,16.6,1342.0,36.96,3100.02,290.55,D,35.0,26.7,30.2,77.4,1.514,8.33,1007.9,2709.0,2066.58,2337.48,8.3,174.7600459,"Rain, Partially cloudy",110,15.761363099702342,1.0,0.0,8,2022
2022-08-31,30.14083333,74.20777778,149.21433687730485,0.0,14.8,301.59,0.85,256.3515,287.35,N,37.0,27.0,31.5,66.9,0.0,0.0,1005.3,2475.3,1806.3,2107.35,10.0,167.9506398,Partially cloudy,110,10.082049789007083,0.0,0.0,8,2022
2022-09-01,30.14083333,74.20777778,233.85599860225884,0.0,11.2,316.58,2.57,813.6105999999999,291.38,N,36.5,28.0,32.1,66.3,0.0,0.0,1005.0,2419.95,1856.4,2128.23,8.5,164.8246942,Partially cloudy,112,20.879999875201683,0.0,0.0,9,2022
2022-09-02,30.140833330000003,74.20777778,115.44202915991859,0.0,13.0,2035.7400000000002,37.8,2137.527,299.94,D,35.3,28.0,32.1,62.9,7.656,4.17,1006.4,2220.37,1761.2,2019.09,7.3,163.5177308,"Rain, Partially cloudy",104,8.880156089224506,1.0,0.0,9,2022
2022-09-03,30.140833330000003,74.20777778,33.53179862045515,0.0,22.3,1989.78,13.379999999999999,739.5349,304.14,D,36.0,28.0,32.2,58.2,0.0,0.0,1004.0,2095.2,1629.6,1874.04,8.0,160.146492,Partially cloudy,106,1.5036680995719798,1.0,0.0,9,2022
2022-09-04,30.140833330000003,74.20777778,86.82851419542466,0.1,16.2,3048.2999999999997,40.410000000000004,1520.763,303.37,D,37.0,28.0,32.3,56.6,0.0,0.0,1002.7,2094.2,1584.8,1828.18,9.0,158.431301,Partially cloudy,85,5.359784826878066,1.0,0.0,9,2022
2022-09-05,30.14083333,74.20777778,295.45066639828093,0.0,13.2,1199.6,2.88,215.92799999999997,289.46,N,37.0,27.0,31.9,58.7,0.0,0.0,1004.6,2171.9,1584.9,1872.53,10.0,161.8550382,Partially cloudy,82,22.382626242294013,0.0,0.0,9,2022
2022-09-06,30.14083333,74.20777778,631.5168500849011,0.0,14.8,1701.85,28.95,1970.7423000000003,305.78,D,36.0,28.0,31.7,59.4,0.0,0.0,1005.9,2138.4,1663.2,1882.98,8.0,163.2681078,Partially cloudy,73,42.67005743816899,1.0,0.0,9,2022
2022-09-07,30.140833330000003,74.20777778,141.60504906493054,0.0,11.199999999999998,4012.56,51.480000000000004,1434.4902,301.45,D,36.5,27.6,32.1,59.3,0.0,0.0,1007.4,2164.45,1636.68,1903.53,8.9,161.3906846,Partially cloudy,124,12.643307952225944,1.0,0.0,9,2022
2022-09-08,30.14083333,74.20777778,462.0612954666064,0.0,9.4,4402.06,41.73,1086.9702,308.59,D,36.2,28.3,32.2,61.8,0.0,0.0,1008.3,2237.16,1748.94,1989.96,7.9,162.4859612,Partially cloudy,222,49.1554569645326,1.0,0.0,9,2022
2022-09-09,30.140833330000003,74.20777778,495.1211367863264,0.0,16.6,3095.5499999999997,57.96,2215.038,296.32,D,37.0,27.9,32.2,64.8,0.0,0.0,1007.5,2397.6,1807.92,2086.56,9.1,163.8530092,Partially cloudy,150,29.826574505200387,1.0,0.0,9,2022
2022-09-10,30.14083333,74.20777778,400.7474168465212,0.0,14.8,3297.1,23.2,764.9271999999999,291.97,D,35.3,29.0,31.6,71.9,0.0,0.0,1006.6,2538.07,2085.1,2272.04,6.3,168.0736203,Partially cloudy,96,27.077528165305488,1.0,0.0,9,2022
2022-09-11,30.14083333,74.20777778,170.26287533837208,0.0,13.0,2362.4300000000003,23.03,1110.3421,294.72,D,36.0,28.2,32.2,61.3,0.0,0.0,1004.2,2206.8,1728.66,1973.86,7.8,162.2066354,Partially cloudy,72,13.097144256797852,1.0,0.0,9,2022
2022-09-12,30.14083333,74.20777778,132.3075843658234,0.0,18.4,5144.25,95.55,2184.5915,296.15,D,36.5,28.0,31.8,62.8,0.0,0.0,1003.1,2292.2,1758.4,1997.04,8.5,164.8819215,Partially cloudy,76,7.190629585099098,1.0,0.0,9,2022
2022-09-13,30.140833330000003,74.20777778,158.23112702708747,0.0,18.4,7994.88,118.08,1638.9504,298.28,D,34.0,25.0,30.0,70.4,8.552,4.17,1003.7,2393.6,1760.0,2112.0,9.0,176.4396951,"Rain, Partially cloudy",63,8.599517773211277,1.0,0.0,9,2022
2022-09-14,30.14083333,74.20777778,675.5850035141301,0.0,20.9,334.8,4.71,1576.9080000000001,301.98,D,32.0,26.0,28.5,78.6,9.403,8.33,1004.3,2515.2,2043.6,2240.1,6.0,184.2148186,"Rain, Partially cloudy",64,32.32464131646556,1.0,0.0,9,2022
2022-09-17,30.140833330000003,74.20777778,165.41660038261122,0.0,11.2,3056.04,31.95,1205.4379999999999,297.25,D,33.2,24.0,28.5,82.2,0.0,0.0,1002.5,2729.04,1972.8,2342.7,9.2,182.6655053,Partially cloudy,54,14.769339319876003,1.0,0.0,9,2022
2022-09-18,30.140833329999996,74.20777778,168.4013278395965,0.0,9.4,11349.54,105.06,1031.4729,306.54,D,35.0,25.3,29.5,73.6,0.0,0.0,1005.6,2576.0,1862.08,2171.2,9.7,179.3352654,Partially cloudy,92,17.915034876552816,1.0,0.0,9,2022
2022-09-19,30.14083333,74.20777778,519.7833961229103,0.0,13.0,6526.31,92.72,1676.2312,311.92,D,33.0,26.5,29.3,77.3,5.104,4.17,1005.9,2550.9,2048.45,2264.89,6.5,179.9125876,"Rain, Partially cloudy",140,39.98333816330079,1.0,0.0,9,2022
2022-09-20,30.14083333,74.20777778,409.1559172067464,0.0,11.2,7645.89,88.55,1279.8555000000001,291.22,D,33.5,26.1,28.8,77.1,0.17,4.17,1005.8,2582.85,2012.31,2220.48,7.4,182.8591707,"Rain, Partially cloudy",131,36.53177832203093,1.0,0.0,9,2022
2022-09-21,30.14083333,74.20777778,379.26173184443786,0.0,16.6,11103.84,170.94,1742.9664,287.93,D,32.3,25.3,27.1,87.1,3.448,4.17,1005.7,2813.33,2203.63,2360.41,7.0,188.0755672,"Rain, Partially cloudy",84,22.84709227978541,1.0,0.0,9,2022
2022-09-22,30.14083333,74.20777778,375.2688242546379,0.0,16.6,12778.64,121.98,1079.4587999999999,297.25,D,27.7,24.6,25.4,95.9,49.664,16.67,1005.2,2656.43,2359.14,2435.86,3.1,189.8177151,"Rain, Overcast",51,22.606555677990237,1.0,0.0,9,2022
2022-09-23,30.14083333,74.20777778,399.70130623199714,0.0,13.0,344.2,10.84,3731.1279999999997,294.1,D,27.0,24.0,25.0,98.2,47.403,20.83,1003.8,2651.4,2356.8,2455.0,3.0,189.2770459,"Rain, Overcast",31,30.74625432553824,1.0,0.0,9,2022
2022-09-25,30.14083333,74.20777778,16.007669891542342,0.0,11.2,303.72,0.49,148.8228,290.83,N,30.0,24.7,27.0,84.8,0.0,0.0,1005.1,2544.0,2094.56,2289.6,5.3,190.4311799,Partially cloudy,24,1.4292562403162807,0.0,0.0,9,2022
2022-09-26,30.14083333,74.20777778,99.45263315007,0.0,13.0,1420.68,285.04,25309.414200000003,290.44,D,32.3,24.7,28.1,82.4,0.0,0.0,1008.7,2661.52,2035.28,2315.44,7.6,184.9956228,Partially cloudy,66,7.650202550005384,1.0,0.0,9,2022
2022-09-27,30.14083333,74.20777778,99.49985400127407,0.0,11.2,2668.4,57.2,2384.8825,289.25,D,33.0,24.4,28.6,76.5,0.0,0.0,1007.7,2524.5,1866.6,2187.9,8.6,184.1498141,Partially cloudy,75,8.883915535828043,1.0,0.0,9,2022
2022-09-28,30.14083333,74.20777778,394.05897238757024,0.0,13.0,3339.2000000000003,35.699999999999996,1192.0944,308.16,D,34.0,25.0,29.2,71.1,0.0,0.0,1006.5,2417.4,1777.5,2076.12,9.0,180.8800568,Clear,108,30.31222864519771,1.0,1.0,9,2022
2022-09-29,30.14083333,74.20777778,412.028645910275,0.0,14.8,4730.599999999999,22.959999999999997,554.156,310.39,D,33.3,25.0,28.8,71.6,0.0,0.0,1006.3,2384.28,1790.0,2062.08,8.3,183.1614555,Clear,124,27.839773372315875,1.0,1.0,9,2022
2022-09-30,30.14083333,74.20777778,614.4696411443495,0.0,13.0,5334.24,22.08,460.0781999999999,303.57,D,33.6,25.0,28.9,73.5,0.0,0.0,1006.7,2469.6,1837.5,2124.15,8.6,182.7085525,Partially cloudy,133,47.26689547264227,1.0,0.0,9,2022
2022-10-01,30.14083333,74.20777778,517.6943302315551,0.0,13.0,11744.0,422.72,4848.070000000001,303.76,D,33.2,25.0,29.1,72.0,0.0,0.0,1005.8,2390.4,1800.0,2095.2,8.2,181.5296005,Clear,139,39.8226407870427,1.0,1.0,10,2022
2022-10-02,30.140833330000003,74.20777778,158.0058754283207,0.0,16.6,32204.159999999996,346.56,1211.0105999999998,297.47,D,34.8,24.8,29.5,64.1,0.0,0.0,1006.1,2230.68,1589.68,1890.95,10.0,176.8667132,Clear,141,9.518426230621728,1.0,1.0,10,2022
2022-10-03,30.14083333,74.20777778,492.5898346752443,0.0,24.4,44575.950000000004,527.61,1413.2995,315.58,D,34.1,24.0,29.0,59.4,0.0,0.0,1007.1,2025.54,1425.6,1722.6,10.1,175.9671183,Clear,107,20.18810797849362,1.0,1.0,10,2022
2022-10-04,30.14083333,74.20777778,80.13669050031363,0.0,11.2,95563.44,860.32,1026.5472,298.17,D,33.8,24.0,29.1,63.3,0.0,0.0,1008.6,2139.54,1519.2,1842.03,9.8,178.4285508,Partially cloudy,118,7.155061651813718,1.0,0.0,10,2022
2022-10-05,30.14083333,74.20777777999999,76.63968670906392,0.0,9.4,76538.67,622.88,909.1056000000001,298.22,D,33.5,25.6,28.7,69.7,0.0,0.0,1007.9,2334.95,1784.32,2000.39,7.9,183.3670692,Partially cloudy,150,8.153158160538714,1.0,0.0,10,2022
2022-10-06,30.140833330000003,74.20777778,399.1449272154582,0.0,16.6,26046.54,162.24,694.5744000000001,307.03,D,29.9,24.0,26.0,78.3,0.0,0.0,1009.2,2341.17,1879.2,2035.8,5.9,199.5936169,Partially cloudy,109,24.044875133461336,1.0,0.0,10,2022
2022-10-07,30.14083333,74.20777778,163.19033317498727,0.0,16.9,5173.5,84.3,1938.338,289.18,D,26.2,22.9,23.9,87.3,0.3,8.33,1009.9,2287.26,1999.17,2086.47,3.3,209.4265893,"Rain, Overcast",35,9.65623273224777,1.0,0.0,10,2022
2022-10-08,30.14083333,74.20777778,356.7106878647467,0.0,18.4,8401.5,150.5,2023.0811999999999,292.81,D,24.1,21.0,22.5,96.9,73.499,25.0,1010.5,2335.29,2034.9,2180.25,3.1,209.4053865,"Rain, Overcast",81,19.38645042743189,1.0,0.0,10,2022
2022-10-09,30.14083333,74.20777778,214.65564238525025,0.0,18.4,21149.73,293.58,1564.4086,291.14,D,24.0,21.0,22.0,99.0,29.609,25.0,1010.1,2376.0,2079.0,2178.0,3.0,210.1223836,"Rain, Overcast",100,11.666067520937514,1.0,0.0,10,2022
2022-10-10,30.14083333,74.20777778,181.3260553671328,0.0,14.8,8303.5,58.5,777.2076,299.14,D,24.0,20.4,22.0,97.2,9.603,20.83,1011.7,2332.8,1982.88,2138.4,3.6,212.7676026,"Rain, Overcast",19,12.251760497779244,1.0,0.0,10,2022
2022-10-11,30.71777778,76.19694444,366.4986831487544,3.7,9.4,11719.75,124.60000000000001,1192.066,294.12,D,29.0,21.5,24.8,87.1,6.124,8.33,1009.9,2525.9,1872.65,2160.08,7.5,203.350436,"Rain, Partially cloudy",45,38.98922161156962,1.0,0.0,10,2022
2022-10-12,30.71777778,76.19694444,377.9794300306178,3.7,9.4,22499.84,368.0,2021.47,299.24,D,30.0,21.0,25.3,81.7,0.0,0.0,1011.2,2451.0,1715.7,2067.01,9.0,203.0989564,Partially cloudy,94,40.21057766283168,1.0,0.0,10,2022
2022-10-13,30.14083333,74.20777778,285.7759012041564,0.0,17.6,42422.94,416.67,1062.2178000000001,295.18,D,31.5,20.4,25.4,72.7,0.0,0.0,1012.3,2290.05,1483.08,1846.58,11.1,203.2553138,Clear,97,16.237267113872523,1.0,1.0,10,2022
2022-10-14,30.14083333,74.20777778,134.96897565082418,0.0,13.0,53348.8,440.0,916.9325000000001,300.91,D,30.8,21.0,25.5,71.6,0.0,0.0,1012.1,2205.28,1503.6,1825.8,9.8,202.3658069,Clear,115,10.382228896217244,1.0,1.0,10,2022
2022-10-15,30.71777778,76.19694444,387.6756225609533,3.7,13.0,167731.2,1617.6000000000001,1177.6128,314.57,D,32.0,21.0,25.8,69.8,0.0,0.0,1011.4,2233.6,1465.8,1800.84,11.0,199.952608,Clear,138,29.821201735457944,1.0,1.0,10,2022
2022-10-16,30.71777778,76.19694444,622.4583679094175,3.7,7.6,142072.32,1060.8,870.876,313.44,D,32.0,20.9,26.2,61.0,0.0,0.0,1013.4,1952.0,1274.9,1598.2,11.1,191.6853424,Clear,184,81.90241683018651,1.0,1.0,10,2022
2022-10-17,30.71777778,76.19694444,376.35972947726646,22.4,10.2,80331.23999999999,1078.44,1666.5209000000002,302.22,D,31.6,21.7,26.5,56.0,0.0,0.0,1013.5,1769.6,1215.2,1484.0,9.9,184.5126081,Clear,185,36.89801269384966,1.0,1.0,10,2022
2022-10-18,30.717777780000002,76.19694444,138.3398975229334,22.4,7.6,117040.0,1179.2,1113.875,299.86,D,33.0,20.0,26.0,55.6,0.0,0.0,1012.1,1834.8,1112.0,1445.6,13.0,186.4462377,Clear,200,18.202618095122816,1.0,1.0,10,2022
2022-10-19,30.71777778,76.19694444,475.4372117602322,22.4,9.4,167299.55000000002,1000.7899999999998,688.8805,312.87,D,33.0,19.7,26.5,50.8,0.0,0.0,1011.7,1676.4,1000.76,1346.2,13.3,176.9199717,Clear,74,50.57842678300342,1.0,1.0,10,2022
2022-10-20,30.71777778,76.19694444,69.99233946441034,22.4,7.6,196399.2,1616.6000000000001,912.0912000000002,302.83,D,33.3,19.4,26.2,54.1,0.0,0.0,1013.4,1801.53,1049.54,1417.42,13.9,183.3826262,Clear,101,9.209518350580309,1.0,1.0,10,2022
2022-10-21,30.71777778,76.19694444,223.07394891312128,22.4,7.6000000000000005,194465.48,2915.0,1667.8,307.72,D,32.4,20.0,26.2,55.3,0.0,0.0,1015.7,1791.72,1106.0,1448.86,12.4,185.0580377,Partially cloudy,246,29.351835383305435,1.0,0.0,10,2022
2022-10-22,30.71777778,76.19694444,186.5550410915517,22.4,13.0,178850.0,6091.12,4172.0,304.65,D,31.0,20.0,25.2,56.8,0.0,0.0,1016.9,1760.8,1136.0,1431.36,11.0,192.0750755,Clear,262,14.350387776273209,1.0,1.0,10,2022
2022-10-23,30.71777778,76.19694444,81.24343336910023,22.4,9.4,323768.52,4388.04,1554.4953,302.9,D,31.0,17.4,23.9,55.0,0.0,0.0,1015.8,1705.0,957.0,1314.5,13.6,196.1279055,Clear,274,8.642918443521301,1.0,1.0,10,2022
2022-10-24,30.71777778,76.19694444,273.8438975856056,22.4,11.2,408770.25,8771.0,2389.2204,300.41,D,31.0,17.8,23.6,60.1,0.0,0.0,1011.1,1863.1,1069.78,1418.36,13.2,204.8232335,Clear,307,24.450347998714783,1.0,1.0,10,2022
2022-10-25,30.71777778,76.19694444,329.7043129663675,22.4,16.6,522121.43,1672.92,364.03560000000004,308.75,D,30.0,17.3,23.8,53.7,0.0,0.0,1009.4,1611.0,929.01,1278.06,12.7,194.540259,Clear,289,19.861705600383583,1.0,1.0,10,2022
2022-10-26,30.717777779999995,76.19694444,86.03147090737801,22.4,7.599999999999999,453934.17,9619.52,2556.2016000000003,307.89,D,31.2,17.5,24.1,60.9,0.0,0.0,1013.1,1900.08,1065.75,1467.69,13.7,202.9844364,Clear,285,11.31993038254974,1.0,1.0,10,2022
2022-10-27,30.71777778,76.19694444,77.79931059535616,22.4,9.4,344370.19999999995,9156.7,2972.2826,305.61,D,31.0,17.8,24.3,59.7,0.0,0.0,1013.2,1850.7,1062.66,1450.71,13.2,200.4913201,Clear,376,8.276522403761293,1.0,1.0,10,2022
2022-10-28,30.71777778,76.19694444,55.63702371520275,22.4,5.4,422287.7,3594.1,941.0032999999999,301.88,D,30.0,17.7,24.0,64.5,0.0,0.0,1013.3,1935.0,1141.65,1548.0,12.3,207.1613054,Clear,392,10.303152539852364,1.0,1.0,10,2022
2022-10-29,30.71777778,76.19694444,122.19166015467133,22.4,9.2,652542.2,6349.38,1058.9789999999998,299.87,D,30.5,18.3,23.8,68.2,0.0,0.0,1014.4,2080.1,1248.06,1623.16,12.2,211.1392476,Clear,424,13.281702190725143,1.0,1.0,10,2022
2022-10-30,30.717777780000002,76.19694444,101.23572533027503,22.4,9.4,960207.78,16801.24,2030.0952000000002,303.42,D,30.0,17.8,23.3,62.0,0.0,0.0,1014.6,1860.0,1103.6,1444.6,12.2,208.7270424,Clear,381,10.769758013859049,1.0,1.0,10,2022
2022-10-31,30.71777778,76.19694444,110.0765841457978,22.4,6.4,999795.6000000001,5801.58,641.918,304.33,D,30.0,17.7,23.4,66.0,0.0,0.0,1014.3,1980.0,1168.2,1544.4,12.3,211.9750287,Clear,409,17.199466272780903,1.0,1.0,10,2022
2022-11-01,30.717777780000002,76.19694444,77.92130366213874,22.4,7.6000000000000005,795352.3200000001,10584.0,1521.72,306.48,D,32.0,18.1,24.6,62.6,0.0,0.0,1014.3,2003.2,1133.06,1539.96,13.9,201.9739187,Clear,434,10.252803113439308,1.0,1.0,11,2022
2022-11-02,30.71777778,76.19694444,211.12055058727688,22.4,18.4,513188.85,1972.31,419.6715,305.29,D,30.1,18.5,24.0,64.6,0.0,0.0,1012.6,1944.46,1195.1,1550.4,11.6,207.2487511,Clear,390,11.47394296669983,1.0,1.0,11,2022
2022-11-03,30.717777780000002,76.19694444,204.862534785933,22.4,9.4,898354.8,27316.8,3864.3516,289.6,D,31.0,17.8,23.9,65.1,0.0,0.0,1012.2,2018.1,1158.78,1555.89,13.2,208.2621547,Clear,456,21.79388667935457,1.0,1.0,11,2022
2022-11-04,30.71777778,76.19694444,406.13640049036167,22.399999999999995,7.599999999999999,1180132.13,7142.02,701.2034,311.9,D,31.0,19.1,24.4,66.9,0.0,0.0,1013.4,2073.9,1277.79,1632.36,11.9,206.6826077,Clear,451,53.43900006452127,1.0,1.0,11,2022
2022-11-05,30.71777778,76.19694444,96.62109657001074,22.4,13.0,1654392.18,23564.100000000002,1685.698,302.86,D,29.7,19.0,24.0,78.3,0.0,0.0,1015.4,2325.51,1487.7,1879.2,10.7,212.5179883,Clear,376,7.4323920438469795,1.0,1.0,11,2022
2022-11-06,29.9675,75.39583333,86.12598422136973,0.0,13.0,581253.12,7004.48,1415.4336,301.99,D,30.8,19.8,24.8,72.3,0.0,0.0,1015.7,2226.84,1431.54,1793.04,11.0,206.8510819,Clear,368,6.625075709336132,1.0,1.0,11,2022
2022-11-07,29.9675,75.39583333,286.01826205952204,0.0,9.4,319719.68,1532.72,540.7024,304.33,D,32.0,19.8,25.0,64.1,0.0,0.0,1014.6,2051.2,1269.18,1602.5,12.2,201.074338,Clear,368,30.4274746871832,1.0,1.0,11,2022
2022-11-08,30.21305556,74.64611111,356.4389037330795,0.0,13.0,56927.38,916.9,1744.018,290.94,D,28.0,19.5,23.7,69.5,0.0,0.0,1015.7,1946.0,1355.25,1647.15,8.5,212.5129529,Partially cloudy,403,27.418377210236883,1.0,0.0,11,2022
2022-11-09,30.71777778,76.19694444,228.22711609320498,22.4,7.6,633764.74,13675.34,2355.9659,289.68,D,29.3,19.0,23.4,60.6,0.0,0.0,1015.8,1775.58,1151.4,1418.04,10.3,206.5453885,Partially cloudy,292,30.02988369647434,1.0,0.0,11,2022
2022-11-10,30.14083333,74.20777778,215.9767420515413,0.0,13.0,1115233.28,24086.24,2373.6832,297.26,D,28.6,18.8,23.5,64.6,0.0,0.0,1016.8,1847.56,1214.48,1518.1,9.8,210.1788042,Partially cloudy,315,16.613595542426253,1.0,0.0,11,2022
2022-11-11,30.14083333,74.20777778000001,89.80074918381787,0.0,20.5,1225116.3599999999,21458.34,1933.8695999999998,300.94,D,27.7,17.0,21.8,61.9,0.0,0.0,1017.2,1714.63,1052.3,1349.42,10.7,217.3425732,Clear,340,4.38052435043014,1.0,1.0,11,2022
2022-11-12,30.14083333,74.20777778,222.1938548080272,0.0,16.6,731584.5599999999,5643.4800000000005,889.8568,301.01,D,27.2,15.7,21.0,53.4,0.0,0.0,1016.6,1452.48,838.38,1121.4,11.5,208.4363652,Clear,289,13.38517197638718,1.0,1.0,11,2022
2022-11-13,30.717777779999995,76.19694444,20.57129649522509,0.0,16.6,565782.36,6349.200000000001,1219.927,297.91,D,27.1,14.7,20.5,56.7,0.0,0.0,1015.2,1536.57,833.49,1162.35,12.4,217.198813,Clear,249,1.2392347286280174,1.0,1.0,11,2022
2022-11-14,30.140833329999996,74.20777778,134.1219682902658,0.0,11.2,5676.64,109.14,2143.7664,291.23,D,29.7,15.9,22.6,55.4,0.0,0.0,1015.8,1645.38,880.86,1252.04,13.8,203.5345673,Partially cloudy,319,11.975175740202303,1.0,0.0,11,2022
2022-11-15,30.14083333,74.20777778,34.28358279484259,0.0,9.4,130013.2,2071.0,1864.6630000000002,298.2,D,28.5,17.9,22.0,56.5,0.0,0.0,1015.6,1610.25,1011.35,1243.0,10.6,208.5465553,Partially cloudy,200,3.647189659025807,1.0,0.0,11,2022
2022-11-16,30.14083333,74.20777778,306.2280301113938,0.0,16.6,581278.3200000001,8590.32,1637.9664,302.06,D,26.5,15.7,20.6,52.9,0.0,0.0,1014.8,1401.85,830.53,1089.74,10.8,209.5684391,Clear,211,18.44747169345745,1.0,1.0,11,2022
2022-11-17,30.14083333,74.20777778,630.0814984529119,0.0,18.4,340521.48,1693.3799999999999,560.8194,304.3,D,24.8,14.0,18.7,57.4,0.0,0.0,1014.7,1423.52,803.6,1073.38,10.8,228.8310086,Clear,203,34.243559698527825,1.0,1.0,11,2022
2022-11-18,29.9675,75.39583333,242.05114911842253,0.0,14.8,188930.76,1024.2,597.672,301.68,D,25.2,12.4,18.6,54.3,0.0,0.0,1016.0,1368.36,673.32,1009.98,12.8,223.346624,Clear,268,16.354807372866386,1.0,1.0,11,2022
2022-11-19,30.140833330000003,74.20777778,85.16966806550815,0.0,9.4,232807.68,4186.56,2158.3212000000003,296.51,D,25.8,12.5,18.7,54.7,0.0,0.0,1016.6,1411.26,683.75,1022.89,13.3,223.6070191,Partially cloudy,263,9.060602985692356,1.0,0.0,11,2022
2022-11-20,30.14083333,74.20777778,523.4361655150606,0.0,11.2,167186.72,1497.92,1017.9514,306.8,D,25.8,12.4,18.7,55.7,0.0,0.0,1015.1,1437.06,690.68,1041.59,13.4,225.6090911,Clear,278,46.73537192098755,1.0,1.0,11,2022
2022-11-21,30.140833329999996,74.20777778,95.63698377093108,0.0,14.8,196533.52,1617.68,932.1881,302.29,D,26.0,12.3,18.6,58.5,0.0,0.0,1014.1,1521.0,719.55,1088.1,13.7,231.3947691,Clear,246,6.461958362900749,1.0,1.0,11,2022
2022-11-22,30.71777778,76.19694444,410.4248611983353,22.4,14.8,92713.38,832.96,1028.6448,307.95,D,25.7,13.0,18.6,54.4,0.0,0.0,1014.1,1398.08,707.2,1011.84,12.7,223.5545003,Clear,203,27.73140954042806,1.0,1.0,11,2022
2022-11-23,30.14083333,74.20777778,340.2164545324713,0.0,18.4,40272.57,837.72,2464.5436,299.52,D,26.1,11.7,18.5,49.6,0.0,0.0,1014.4,1294.56,580.32,917.6,14.4,213.1995939,Clear,221,18.490024702851706,1.0,1.0,11,2022
2022-11-24,30.140833330000003,74.20777778,306.7527252943609,0.0,11.2,47674.630000000005,661.71,1680.7917,303.48,D,26.3,11.0,18.3,51.3,0.0,0.0,1014.3,1349.19,564.3,938.79,15.3,218.3485089,Clear,215,27.38863618699651,1.0,1.0,11,2022
2022-11-25,30.14083333,74.20777778,58.543242140004025,0.0,11.2,31978.38,715.4,2382.063,294.42,D,26.5,10.9,18.3,54.6,0.0,0.0,1016.6,1446.9,595.14,999.18,15.6,225.6706354,Clear,306,5.227075191071789,1.0,1.0,11,2022
2022-11-26,30.71777778,76.19694444,167.74959948917396,23.9,13.0,37075.36,253.11999999999998,748.1277999999999,301.78,D,27.5,10.5,18.2,56.4,0.0,0.0,1013.6,1551.0,592.2,1026.48,17.0,229.8850067,Clear,296,12.903815345321076,1.0,1.0,11,2022
2022-11-27,30.21305556,74.64611111,571.9837778342923,0.0,7.6,41161.58,607.5600000000001,1680.2022000000002,309.19,D,26.4,11.1,17.6,61.6,0.0,0.0,1011.7,1626.24,683.76,1084.16,15.3,242.7786729,Clear,288,75.26102339924898,1.0,1.0,11,2022
2022-11-28,30.21305556,74.64611111,53.4060102373371,0.0,6.9,24444.72,270.0,1273.1625,300.05,D,25.5,10.7,17.8,61.5,0.0,0.0,1013.1,1568.25,658.05,1094.7,14.8,241.3432113,Clear,308,7.740001483672043,1.0,1.0,11,2022
2022-11-29,30.14083333,74.20777778,78.38023889821234,0.0,5.4,20740.61,294.02000000000004,1638.8482000000001,295.1,D,25.0,10.2,17.5,65.3,0.0,0.0,1015.3,1632.5,666.06,1142.75,14.8,248.7721932,Clear,360,14.514859055224507,1.0,1.0,11,2022
2022-11-30,30.71777778,76.19694444,69.71597299283083,22.4,11.2,19218.66,203.55,1123.803,294.85,D,25.2,11.6,17.5,65.9,0.0,0.0,1016.5,1660.68,764.44,1153.25,13.6,249.5357034,Clear,389,6.224640445788467,1.0,1.0,11,2022
2022-12-01,30.14083333,74.20777778,501.5007678978513,0.0,13.0,16315.53,86.24,586.0272000000001,303.88,D,24.7,10.9,17.4,69.0,0.0,0.0,1015.4,1704.3,752.1,1200.6,13.8,253.7168653,Clear,358,38.57698214598856,1.0,1.0,12,2022
2022-12-02,30.71777778,76.19694444,329.340457941214,22.4,6.9,13221.779999999999,86.58000000000001,752.6244,305.89,D,25.8,10.9,17.8,65.4,0.0,0.0,1014.3,1687.32,712.86,1164.12,14.9,246.8892259,Partially cloudy,386,47.73050115090058,1.0,0.0,12,2022
2022-12-03,30.21305556,74.64611111,28.00368964498937,0.0,5.4,18994.68,237.12,1386.2784000000001,297.0,D,25.1,11.1,17.7,70.0,0.0,0.0,1015.1,1757.0,777.0,1239.0,14.0,252.5602734,Clear,411,5.185868452775809,1.0,1.0,12,2022
2022-12-04,30.21305556,74.64611111,56.513042701498975,0.0,9.4,9492.57,49.88,563.0075999999999,295.54,D,24.4,11.9,17.5,74.1,14.935,4.17,1015.7,1808.04,881.79,1296.75,12.5,257.0477002,Rain,408,6.012025819308401,1.0,0.0,12,2022
2022-12-05,30.71777778,76.19694444,114.38089672463082,22.4,10.4,12410.039999999999,68.02,584.5782,295.64,D,24.4,10.8,16.7,69.3,0.0,0.0,1017.3,1690.92,748.44,1157.31,13.6,258.974942,Clear,324,10.998163146599117,1.0,1.0,12,2022
2022-12-06,30.14083333,74.20777778,85.41186736671827,0.0,15.0,17688.84,399.36,2612.5056,299.75,D,23.0,10.5,16.0,70.7,0.0,0.0,1016.2,1626.1,742.35,1131.2,12.5,265.4396603,Clear,316,5.69412449111455,1.0,1.0,12,2022
2022-12-07,30.14083333,74.20777778,173.8062315354643,0.0,18.4,20182.84,299.86,1799.0566000000001,306.06,D,23.7,10.9,16.2,67.3,0.0,0.0,1015.3,1595.01,733.57,1090.26,12.8,260.2540866,Clear,224,9.445990844318713,1.0,1.0,12,2022
2022-12-08,30.14083333,74.20777778,135.96619583437234,0.0,16.6,13163.960000000001,218.88,1995.3792,304.11,D,24.0,10.9,17.1,62.6,0.0,0.0,1016.0,1502.4,682.34,1070.46,13.1,247.5849965,Clear,209,8.19073468881761,1.0,1.0,12,2022
2022-12-09,30.71777778,76.19694444,35.971146139139265,22.399999999999995,14.800000000000002,17945.800000000003,300.51,1919.862,297.96,D,25.6,10.8,17.6,62.2,0.0,0.0,1014.9,1592.32,671.76,1094.72,14.8,243.7169315,Clear,260,2.4304828472391398,1.0,1.0,12,2022
2022-12-10,30.140833330000003,74.20777778,45.83111031245528,0.0,11.199999999999998,16611.84,259.68,1872.2928,297.44,D,26.1,10.9,17.6,69.3,0.0,0.0,1015.2,1808.73,755.37,1219.68,15.2,252.6096798,Clear,343,4.092063420754936,1.0,1.0,12,2022
2022-12-11,30.140833329999996,74.20777778,37.261040723427406,0.0,11.2,17676.359999999997,312.12,1892.0251999999998,296.73,D,26.5,11.2,18.0,67.0,0.0,0.0,1015.6,1775.5,750.4,1206.0,15.3,247.4504336,Clear,198,3.326878636020304,1.0,1.0,12,2022
2022-12-12,30.14083333,74.20777778,171.42228409434423,0.0,13.0,25455.260000000002,327.08,1520.4358,304.79,D,25.7,10.8,17.6,61.0,0.0,0.0,1014.8,1567.7,658.8,1073.6,14.9,241.8113091,Clear,182,13.186329545718788,1.0,1.0,12,2022
2022-12-13,30.140833329999996,74.20777778,31.302335981727484,0.0,18.4,36000.719999999994,330.48,1020.0204,302.75,D,25.5,10.5,17.7,55.3,0.0,0.0,1016.1,1410.15,580.65,978.81,15.0,230.5867741,Clear,153,1.7012139120504068,1.0,1.0,12,2022
2022-12-14,30.14083333,74.20777778,229.16457483519687,0.0,16.6,15925.49,177.38,1176.5362,295.77,D,23.5,11.0,16.6,57.3,0.0,0.0,1016.0,1346.55,630.3,951.18,12.5,241.2815635,Clear,161,13.805094869590173,1.0,1.0,12,2022
2022-12-15,30.14083333,74.20777778,58.42069811558725,0.0,13.0,19503.6,101.39999999999999,549.3514,294.67,D,22.6,8.9,15.0,56.4,0.0,0.0,1014.9,1274.64,501.96,846.0,13.7,249.2475288,Clear,162,4.493899855045173,1.0,1.0,12,2022
2022-12-16,30.140833330000003,74.20777778,99.17971574890244,0.0,11.2,26316.42,334.62,1447.4031,291.87,D,22.6,10.0,15.1,58.5,0.0,0.0,1014.0,1322.1,585.0,883.35,12.6,253.1583108,Clear,206,8.855331763294862,1.0,1.0,12,2022
2022-12-17,30.140833329999996,74.20777778,45.338482978458345,0.0,11.2,26634.059999999998,112.97,482.11019999999996,294.94,D,23.0,8.9,15.2,61.7,0.0,0.0,1015.7,1419.1,549.13,937.84,14.1,258.6760088,Clear,314,4.048078837362352,1.0,1.0,12,2022
2023-01-09,30.14083333,74.20777778,143.0006308036391,0.0,7.6,1647.0500000000002,12.85,846.5836999999999,299.03,D,17.7,6.5,11.0,91.8,0.0,0.0,1020.2,1624.86,596.7,1009.8,11.2,312.25065,Partially cloudy,412,18.81587247416304,1.0,0.0,1,2023
2023-01-10,30.140833329999996,74.20777778,81.39188718180237,0.0,11.8,9149.76,307.26000000000005,3856.4544,291.13,D,17.0,7.0,11.1,88.6,0.0,0.0,1019.3,1506.2,620.2,983.46,10.0,312.6699848,Partially cloudy,236,6.897617557779862,1.0,0.0,1,2023
2023-01-11,30.140833330000003,74.20777778,297.382300373464,0.0,18.4,890.46,1.35,133.569,277.07,N,19.0,6.7,11.9,87.6,0.0,0.0,1014.8,1664.4,586.92,1042.44,12.3,305.6016262,Partially cloudy,288,16.162081542036088,0.0,0.0,1,2023
2023-01-12,30.140833329999996,74.20777778,59.47507339348178,0.0,14.8,8804.16,37.26,449.99039999999997,287.95,D,20.7,10.0,14.4,87.0,84.214,4.17,1012.2,1800.9,870.0,1252.8,10.7,283.6894741,"Rain, Partially cloudy",400,4.0185860401001205,1.0,0.0,1,2023
2023-01-13,30.14083333,74.20777778,528.8434416750648,0.0,13.0,10203.0,55.5,629.1850000000001,294.65,D,21.0,12.0,15.1,90.5,0.0,0.0,1013.3,1900.5,1086.0,1366.55,9.0,275.9769901,Partially cloudy,388,40.68026474423576,1.0,0.0,1,2023
2023-01-14,30.21305556,74.64611111,262.43975431165035,0.4,18.4,6169.379999999999,356.58,4988.3844,295.11,D,17.7,10.0,13.0,82.0,0.0,0.0,1016.5,1451.4,820.0,1066.0,7.7,295.989083,Partially cloudy,337,14.263030125633172,1.0,0.0,1,2023
2023-01-15,30.21305556,74.64611111,114.38431980495487,0.1,21.1,14796.0,308.7,2255.568,289.65,D,16.4,5.0,10.5,59.6,0.0,0.0,1015.5,977.44,298.0,625.8,11.4,286.6558388,Clear,233,5.4210578106613685,1.0,1.0,1,2023
2023-01-16,30.21305556,74.64611111,67.96355702454818,0.0,13.0,9438.05,40.599999999999994,455.62999999999994,289.53,D,17.6,4.8,10.6,61.2,0.0,0.0,1016.8,1077.12,293.76,648.72,12.8,289.6966391,Clear,285,5.227965924965245,1.0,1.0,1,2023
2023-01-17,30.21305556,74.64611111,127.67024955209918,0.0,14.8,10574.1,146.01,1606.5810000000001,290.37,D,18.7,4.9,11.3,55.1,0.0,0.0,1017.4,1030.37,269.99,622.63,13.8,269.5655967,Clear,289,8.626368212979674,1.0,1.0,1,2023
2023-01-18,30.21305556,74.64611111,193.58307586016235,0.0,11.2,6981.66,61.95,980.7569999999998,302.5,D,18.4,5.6,11.0,60.1,0.0,0.0,1019.3,1105.84,336.56,661.1,12.8,284.311154,Clear,302,17.28420320180021,1.0,1.0,1,2023
2023-01-19,30.21305556,74.64611111,192.50861833520943,0.0,7.6,17386.72,236.08,1517.9944,301.24,D,21.1,7.1,14.3,54.4,0.0,0.0,1019.0,1147.84,386.24,777.92,14.0,248.8103131,Partially cloudy,337,25.330081359895978,1.0,0.0,1,2023
2023-01-20,30.21305556,74.64611111,121.93050943714778,0.0,13.0,10874.49,89.76,896.3216,293.23,D,22.6,11.0,16.2,62.1,0.0,0.0,1017.3,1403.46,683.1,1006.02,11.6,252.7058082,Partially cloudy,196,9.379269956703675,1.0,0.0,1,2023
2023-01-21,30.213055559999997,74.64611111,105.39634132388328,0.2,7.6,6515.599999999999,65.6,1068.5584,293.79,D,22.4,9.3,15.1,80.0,0.0,0.0,1016.8,1792.0,744.0,1208.0,13.1,278.0599047,Clear,305,13.867939647879378,1.0,1.0,1,2023
2023-01-22,30.213055559999997,74.64611111,69.55894722477747,0.0,9.4,6607.0,86.0,1420.505,291.83,D,23.0,10.0,15.6,72.4,0.0,0.0,1016.0,1665.2,724.0,1129.44,13.0,269.9598824,Partially cloudy,411,7.399888002635901,1.0,0.0,1,2023
2023-01-23,30.21305556,74.64611111,38.18034255625968,0.0,11.2,8948.94,148.72,1968.7667999999999,295.83,D,24.8,10.0,16.6,68.2,0.0,0.0,1015.3,1691.36,682.0,1132.12,14.8,258.495807,Partially cloudy,335,3.4089591568089004,1.0,0.0,1,2023
2023-01-24,30.21305556,74.64611111,465.4805652942441,0.0,16.6,3697.32,51.81,1583.1252,293.82,D,20.6,13.8,17.1,81.5,0.0,0.0,1014.1,1678.9,1124.7,1393.65,6.8,262.2844056,Partially cloudy,242,28.04099790929181,1.0,0.0,1,2023
2023-01-25,30.21305556,74.64611111,100.34442793889998,0.0,11.2,330.25,3.91,1291.2775000000001,290.75,D,18.6,12.4,15.5,91.8,0.0,0.0,1015.9,1707.48,1138.32,1422.9,6.2,271.6018359,Partially cloudy,181,8.95932392311607,1.0,0.0,1,2023
2023-01-26,30.21305556,74.64611111,160.70156217580796,0.0,14.8,7539.4,213.39999999999998,3324.1899999999996,293.39,D,16.2,12.0,14.2,94.1,0.0,0.0,1018.5,1524.42,1129.2,1336.22,4.2,281.1009463,Partially cloudy,174,10.858213660527564,1.0,0.0,1,2023
2023-01-27,30.21305556,74.64611111,53.60353549881874,0.0,16.6,5285.44,32.16,663.9833999999998,292.49,D,19.8,7.0,12.9,65.8,0.0,0.0,1018.3,1302.84,460.6,848.82,12.8,281.8837623,Clear,143,3.2291286445071523,1.0,1.0,1,2023
2023-01-28,30.21305556,74.64611111,49.49099925368438,0.0,13.0,9489.380000000001,125.86,1420.1348,292.61,D,22.6,5.0,13.5,68.6,0.0,0.0,1015.2,1550.36,343.0,926.1,17.6,281.5910803,Clear,157,3.806999942591106,1.0,1.0,1,2023
2023-01-29,30.213055560000004,74.64611111,550.5020868470652,0.0,14.800000000000002,17796.870000000003,124.02,785.7485999999999,301.15,D,17.0,9.4,13.0,91.8,6.597,8.33,1014.9,1560.6,862.92,1193.4,7.6,293.7385589,"Rain, Partially cloudy",255,37.19608694912603,1.0,0.0,1,2023
2023-01-30,30.21305556,74.64611111,247.672881070552,0.0,27.7,4109.04,51.0,1455.285,293.39,D,18.6,12.0,14.5,93.5,14.299,12.5,1018.2,1739.1,1122.0,1355.75,6.6,278.9609873,"Rain, Partially cloudy",110,8.94125924442426,1.0,0.0,1,2023
2023-01-31,30.21305556,74.64611111,583.4137992790223,0.0,19.7,3100.2300000000005,35.28,1350.3224,296.91,D,19.4,12.0,14.7,92.9,0.0,0.0,1018.9,1802.26,1114.8,1365.63,7.4,277.7021881,Partially cloudy,127,29.614913668985903,1.0,0.0,1,2023
2023-02-01,30.140833329999996,74.20777778,39.72224320101631,0.0,18.4,8904.87,70.74000000000001,864.1022000000002,293.89,D,20.0,10.0,14.2,82.0,0.0,0.0,1017.8,1640.0,820.0,1164.4,10.0,285.8419662,Partially cloudy,101,2.158817565272626,1.0,0.0,2,2023
2023-02-02,30.14083333,74.20777778,99.09562799120772,1.0,18.4,9921.0,131.1,1445.1589999999999,293.3,D,23.6,9.0,15.8,68.0,0.0,0.0,1016.5,1604.8,612.0,1074.4,14.6,263.9508846,Clear,141,5.385631956043898,1.0,1.0,2,2023
2023-02-03,30.14083333,74.20777778,554.6440526363576,0.0,14.8,11112.75,45.21,461.3475,308.62,D,23.3,9.0,16.2,68.8,0.0,0.0,1016.4,1603.04,619.2,1114.56,14.3,262.0141609,Clear,187,37.475949502456594,1.0,1.0,2,2023
2023-02-04,30.14083333,74.20777778,254.49375602184992,0.0,18.4,23338.7,200.2,953.5526,301.6,D,24.7,11.5,17.2,65.8,0.0,0.0,1014.0,1625.26,756.7,1131.76,13.2,251.4439373,Clear,225,13.831182392491844,1.0,1.0,2,2023
2023-02-05,30.14083333,74.20777778,26.32003018445123,0.0,14.8,9595.52,60.61,691.5391999999999,295.04,D,25.0,12.0,17.5,67.1,0.0,0.0,1012.7,1677.5,805.2,1174.25,13.0,250.975239,Clear,186,1.7783804178683262,1.0,1.0,2,2023
2023-02-06,30.14083333,74.20777778,47.85402893035157,0.4,9.6,7787.339999999999,108.55999999999999,1598.0975999999996,293.12,D,27.8,11.3,19.7,65.2,0.0,0.0,1011.8,1812.56,736.76,1284.44,16.5,234.1914202,Clear,268,4.984794680244955,1.0,1.0,2,2023
2023-02-07,30.14083333,74.20777778,38.72350141961908,0.0,17.3,16347.0,114.5,748.6926,292.07,D,24.8,13.0,18.4,70.0,0.0,0.0,1011.7,1736.0,910.0,1288.0,11.8,247.66106,Clear,279,2.238352683214976,1.0,1.0,2,2023
2023-02-08,30.140833329999996,74.20777778,377.1669254943256,0.0,17.3,11391.019999999999,66.98,660.0091,307.63,D,24.0,11.0,16.9,60.1,0.0,0.0,1014.1,1442.4,661.1,1015.69,13.0,244.7258742,Clear,139,21.80155638695524,1.0,1.0,2,2023
2023-02-09,30.14083333,74.20777778,499.9834500158796,0.1,11.2,86840.29999999999,657.92,865.024,305.87,D,28.2,11.0,19.3,60.8,0.0,0.0,1012.6,1714.56,668.8,1173.44,17.2,230.890356,Clear,216,44.64137946570354,1.0,1.0,2,2023
2023-02-10,30.140833329999996,74.20777778,53.33697162930631,0.8,9.6,11385.92,263.16,2591.9712,297.05,D,28.8,14.0,21.2,61.0,0.0,0.0,1011.3,1756.8,854.0,1293.2,14.8,219.7355569,Clear,159,5.555934544719408,1.0,1.0,2,2023
2023-02-11,30.140833329999996,74.20777778,49.30420919953736,0.0,17.3,8816.039999999999,49.14,594.2664,297.21,D,26.8,15.6,20.1,74.9,0.0,0.0,1013.6,2007.32,1168.44,1505.49,11.2,238.7240459,Clear,278,2.849954288990599,1.0,1.0,2,2023
2023-02-12,30.14083333,74.20777778,36.0012743840144,0.0,23.8,18920.579999999998,181.82999999999998,1058.8886,291.88,D,23.0,12.0,17.3,49.7,0.0,0.0,1017.9,1143.1,596.4,859.81,11.0,219.7449213,Clear,154,1.5126585875636305,1.0,1.0,2,2023
2023-02-13,30.14083333,74.20777778,278.8333974401094,0.0,29.7,20325.2,423.34000000000003,2312.408,288.48,D,22.1,9.0,15.5,41.8,0.0,0.0,1016.1,923.78,376.2,647.9,13.1,204.93188,Clear,124,9.388329880138365,1.0,1.0,2,2023
2023-02-14,30.14083333,74.20777778,195.4321510773746,0.0,18.4,84115.12,612.4399999999999,817.6928,307.88,D,25.2,10.5,17.2,43.2,0.0,0.0,1015.9,1088.64,453.6,743.04,14.7,201.7087182,Clear,118,10.621312558552969,1.0,1.0,2,2023
2023-02-15,30.14083333,74.20777778,172.8696601385887,0.0,16.6,29285.07,267.09,1033.3926999999999,310.23,D,27.0,11.0,18.6,52.7,0.0,0.0,1013.4,1422.9,579.7,980.22,16.0,219.9127753,Clear,161,10.413834948107752,1.0,1.0,2,2023
2023-02-16,30.14083333,74.20777778,41.96541505551836,0.1,7.6,8500.699999999999,65.78,827.1834999999999,299.43,D,27.4,12.8,19.8,67.8,0.0,0.0,1014.9,1857.72,867.84,1342.44,14.6,236.2177565,Clear,217,5.521765138883995,1.0,1.0,2,2023
2023-02-17,30.140833329999996,74.20777778,75.67980835258778,0.0,10.1,5797.509999999999,95.88,1923.4091999999998,284.52,D,28.3,15.3,21.1,72.5,0.0,0.0,1016.0,2051.75,1109.25,1529.75,13.0,230.8377941,Partially cloudy,342,7.493050331939385,1.0,0.0,2,2023
2023-02-18,30.14083333,74.20777778,70.827062509764,0.0,11.2,16646.5,209.50000000000003,1394.9767000000002,293.27,D,28.8,14.3,21.0,70.9,0.0,0.0,1015.4,2041.92,1013.87,1488.9,14.5,230.6368543,Partially cloudy,326,6.323844866943215,1.0,0.0,2,2023
2023-02-19,30.140833330000003,74.20777778,200.9694021075095,0.0,9.0,7118.16,82.74,1335.5023999999999,313.51,D,29.9,14.4,21.7,69.3,0.0,0.0,1014.3,2072.07,997.92,1503.81,15.5,225.0218904,Partially cloudy,257,22.32993356750105,1.0,0.0,2,2023
2023-02-20,30.14083333,74.20777778,175.33752011579398,0.4,13.0,10518.300000000001,105.71000000000001,1157.0130000000001,308.82,D,32.0,15.7,23.3,63.3,0.0,0.0,1011.3,2025.6,993.81,1474.89,16.3,210.1043156,Partially cloudy,337,13.487501547368767,1.0,0.0,2,2023
2023-02-21,30.140833329999996,74.20777778,113.55711087072864,0.3,13.0,11301.599999999999,123.08,1203.288,300.67,D,30.5,17.0,22.8,67.4,0.0,0.0,1010.7,2055.7,1145.8,1536.72,13.5,216.7201137,Clear,197,8.735162374671434,1.0,1.0,2,2023
2023-02-22,30.14083333,74.20777778,154.1779009386115,0.0,10.1,3301.8,48.4,1598.0712,295.2,D,27.2,16.0,21.3,71.5,0.0,0.0,1012.8,1944.8,1144.0,1522.95,11.2,228.9883193,Partially cloudy,198,15.265138706793216,1.0,0.0,2,2023
2023-02-23,30.14083333,74.20777778,28.23700606037205,0.1,16.6,22094.59,332.32,1635.6591999999998,300.18,D,28.5,15.0,21.0,60.9,0.0,0.0,1013.0,1735.65,913.5,1278.9,13.5,220.784776,Clear,196,1.7010244614681955,1.0,1.0,2,2023
2023-02-24,30.140833329999996,74.20777778,521.9425262750332,0.0,13.7,18539.82,181.98000000000002,1157.0221,308.53,D,29.3,13.3,20.7,58.3,0.0,0.0,1014.8,1708.19,775.39,1206.81,16.0,218.7060521,Partially cloudy,157,38.09799461861556,1.0,0.0,2,2023
2023-02-25,30.71777778,76.19694444,423.5625259905793,0.0,9.400000000000002,75242.7,765.18,1211.4764999999995,314.81,D,29.7,14.3,21.7,61.2,0.0,0.0,1016.6,1817.64,875.16,1328.04,15.4,217.0525426,Clear,212,45.05984319048716,1.0,1.0,2,2023
2023-02-26,30.14083333,74.20777778,221.27208842054424,0.0,9.4,22163.7,350.34999999999997,1837.8822,307.4,D,31.2,15.4,23.3,56.3,0.0,0.0,1017.9,1756.56,867.02,1311.79,15.8,201.2507591,Clear,236,23.53958387452598,1.0,1.0,2,2023
2023-02-27,30.14083333,74.20777778,522.2179598731486,0.10000000000000002,11.199999999999998,18014.699999999997,194.51,1247.4329999999998,308.57,D,31.5,16.7,23.5,57.0,0.0,0.0,1017.6,1795.5,951.9,1339.5,14.8,201.2277849,Clear,220,46.62660356010256,1.0,1.0,2,2023
2023-02-28,30.14083333,74.20777778,207.6197661592456,0.0,18.4,2346.6800000000003,30.240000000000002,1448.2368000000001,298.45,D,30.0,16.0,22.8,55.1,0.0,0.0,1017.7,1653.0,881.6,1256.28,14.0,201.9877264,Partially cloudy,206,11.28368294343726,1.0,0.0,2,2023
2023-03-01,30.14083333,74.20777778,91.27589150020113,0.1,14.8,2604.64,34.72,1413.0171999999998,290.24,D,29.0,19.0,23.3,46.8,0.06,8.33,1019.0,1357.2,889.2,1090.44,10.0,183.5880148,"Rain, Partially cloudy",170,6.167289966229806,1.0,0.0,3,2023
2023-03-02,30.140833330000003,74.20777778,496.6154018930531,0.0,13.0,12359.52,51.12,487.5143999999999,312.06,D,30.5,16.7,23.5,56.6,0.0,0.0,1019.1,1726.3,945.22,1330.1,13.8,200.641879,Clear,175,38.201184761004086,1.0,1.0,3,2023
2023-03-03,30.140833329999996,74.20777778,284.6440836809082,0.0,14.2,22653.52,101.32,496.3785999999999,307.33,D,31.0,17.0,23.6,59.3,0.0,0.0,1019.5,1838.3,1008.1,1399.48,14.0,203.8239809,Clear,137,20.04535800569776,1.0,1.0,3,2023
2023-03-04,30.14083333,74.20777778,308.0172504155332,0.0,17.4,6780.8,425.0,7204.6,285.86,D,26.0,18.6,22.3,57.3,0.0,0.0,1019.8,1489.8,1065.78,1277.79,7.4,208.1603219,Partially cloudy,126,17.70214082847892,1.0,0.0,3,2023
2023-03-05,30.14083333,74.20777778,39.09400611328672,0.0,15.1,19417.49,176.41000000000003,984.0389000000001,296.4,D,30.2,17.6,23.5,55.0,0.0,0.0,1018.5,1661.0,968.0,1292.5,12.6,198.1834559,Partially cloudy,128,2.589007027369981,1.0,0.0,3,2023
2023-03-06,30.14083333,74.20777778,405.65719048107854,0.1,18.4,15750.17,236.88,1688.9544,293.96,D,29.6,17.0,23.1,57.2,0.0,0.0,1016.2,1693.12,972.4,1321.32,12.6,203.6618434,Clear,129,22.04658643918905,1.0,1.0,3,2023
2023-03-07,30.140833329999996,74.20777778,93.38441154056424,0.0,14.2,18378.9,248.94000000000003,1569.0135,300.01,D,30.4,17.4,23.5,50.3,0.0,0.0,1015.8,1529.12,875.22,1182.05,13.0,189.8995827,Partially cloudy,159,6.576367009898891,1.0,0.0,3,2023
2023-03-08,30.14083333,74.20777778,34.21255108834454,0.9,13.0,14894.0,154.0,1184.75,298.23,D,29.2,17.2,23.4,51.6,0.0,0.0,1016.9,1506.72,887.52,1207.44,12.0,192.836761,Partially cloudy,154,2.631734699103426,1.0,0.0,3,2023
2023-03-09,30.140833330000003,74.20777778,91.7473037609866,1.0,13.0,12462.84,551.16,5300.168900000001,298.35,D,29.2,18.7,23.9,51.0,0.0,0.0,1017.0,1489.2,953.7,1218.9,10.5,189.3160308,Partially cloudy,104,7.057484904691277,1.0,0.0,3,2023
2023-03-10,30.14083333,74.20777778,119.26899901729692,0.8,14.8,9585.08,58.28999999999999,664.3451999999999,303.9,D,29.9,17.3,23.7,60.7,0.0,0.0,1015.9,1814.93,1050.11,1438.59,12.6,204.9832195,Clear,190,8.058716149817359,1.0,1.0,3,2023
2023-03-11,30.140833330000003,74.20777778,113.56172957269526,0.0,13.0,12055.32,213.84,1989.1278000000004,295.26,D,31.6,18.0,24.5,53.1,0.0,0.0,1015.6,1677.96,955.8,1300.95,13.6,190.0789007,Clear,217,8.735517659438097,1.0,1.0,3,2023
2023-03-12,30.14083333,74.20777778,523.9982205938591,0.1,11.2,10129.41,372.07,4481.3907,315.22,D,33.1,17.3,25.3,46.2,0.0,0.0,1014.9,1529.22,799.26,1168.86,15.8,173.6656988,Clear,183,46.78555541016599,1.0,1.0,3,2023
2023-03-13,30.14083333,74.20777778,387.82525450446735,0.4000000000000001,13.0,14099.08,181.22,1519.9496,313.8,D,33.0,18.9,25.7,50.6,0.0,0.0,1013.5,1669.8,956.34,1300.42,14.1,180.2056324,Partially cloudy,232,29.83271188495903,1.0,0.0,3,2023
2023-03-14,30.14083333,74.20777778,150.84487600395323,0.0,14.8,12524.869999999999,162.42999999999998,1486.0588999999998,312.12,D,32.7,20.0,25.8,54.9,0.0,0.0,1010.7,1795.23,1098.0,1416.42,12.7,186.4621152,Clear,228,10.19222135161846,1.0,1.0,3,2023
2023-03-15,30.14083333,74.20777778,108.08016000399112,0.6,8.8,6452.209999999999,101.27,1810.0147000000002,299.26,D,33.5,19.5,26.2,49.9,0.0,0.0,1009.6,1671.65,973.05,1307.38,14.0,176.7512107,Partially cloudy,197,12.281836364089902,1.0,0.0,3,2023
2023-03-16,30.140833330000003,74.20777778,179.95793123025362,0.6,14.800000000000002,3920.2799999999997,43.44,1182.6178,296.54,D,32.4,21.7,26.3,44.6,0.0,0.0,1010.4,1445.04,967.82,1172.98,10.7,166.2823482,Partially cloudy,229,12.15931967771984,1.0,0.0,3,2023
2023-03-17,30.14083333,74.20777778,218.5754068824781,0.3,11.2,328.63,2.66,874.1558,297.98,D,29.0,19.7,24.2,49.3,0.0,0.0,1012.0,1429.7,971.21,1193.06,9.3,184.6943609,Partially cloudy,158,19.51566132879269,1.0,0.0,3,2023
2023-03-18,30.14083333,74.20777778,521.6939126852093,0.0,19.0,2338.0699999999997,15.680000000000001,748.1824,308.17,D,25.0,18.0,20.7,80.7,4.298,20.83,1011.4,2017.5,1452.6,1670.49,7.0,235.1276002,"Rain, Overcast",138,27.45757435185312,1.0,0.0,3,2023
2023-03-21,30.140833330000003,74.20777778,228.95218257356427,1.8999999999999997,7.599999999999999,976.17,5.85,634.5105,290.7,D,24.0,16.0,19.9,81.5,0.0,0.0,1009.3,1956.0,1304.0,1621.85,8.0,240.8904172,Partially cloudy,98,30.12528718073214,1.0,0.0,3,2023
2023-03-22,30.140833330000003,74.20777778,391.55917039907007,0.9,14.800000000000002,7841.039999999999,137.04,1865.5140999999996,288.82,D,28.0,16.2,21.2,74.5,0.0,0.0,1010.8,2086.0,1206.9,1579.4,11.8,230.9629188,Partially cloudy,122,26.456700702639864,1.0,0.0,3,2023
2023-03-23,30.14083333,74.20777778,30.2896716654358,0.1,12.7,5015.7,61.2,1364.2704,301.95,D,29.6,17.0,23.4,61.3,0.0,0.0,1009.4,1814.48,1042.1,1434.42,12.6,207.367509,Partially cloudy,177,2.385013516963449,1.0,0.0,3,2023
2023-03-24,30.14083333,74.20777778,94.95335871463044,0.3,18.4,4306.639999999999,39.26,1000.4655999999998,296.91,D,28.0,19.0,22.2,71.5,10.597,8.33,1009.1,2002.0,1358.5,1587.3,9.0,223.0667994,"Rain, Partially cloudy",185,5.160508625795133,1.0,0.0,3,2023
2023-03-25,30.14083333,74.20777778,101.64997761220538,0.3,16.6,1676.5,15.549999999999999,1042.783,300.34,D,28.7,17.0,22.8,70.7,0.0,0.0,1011.8,2029.09,1201.9,1611.96,11.7,218.7984547,Partially cloudy,163,6.123492627241287,1.0,0.0,3,2023
2023-03-26,30.14083333,74.20777778,71.96474562103307,1.8,14.8,3680.27,37.839999999999996,1150.9207999999999,293.96,D,30.1,18.2,24.2,51.4,0.0,0.0,1011.6,1547.14,935.48,1243.88,11.9,188.6101755,Clear,154,4.862482812231964,1.0,1.0,3,2023
2023-03-27,30.140833330000003,74.20777778,223.0702684223467,0.0,17.2,7353.570000000001,198.87,3316.109900000001,298.01,D,27.9,18.0,23.0,58.9,0.0,0.0,1010.8,1643.31,1060.2,1354.7,9.9,206.606122,Clear,186,12.969201652462017,1.0,1.0,3,2023
2023-03-28,30.14083333,74.20777778,123.44376880938378,0.1,18.5,9975.42,274.92,3260.9304,301.03,D,30.1,17.6,24.1,52.6,0.0,0.0,1010.4,1583.26,925.76,1267.66,12.5,191.1966261,Partially cloudy,178,6.672636151858583,1.0,0.0,3,2023
2023-03-29,30.14083333,74.20777778,74.1005143830363,0.0,20.5,4351.75,62.529999999999994,1610.1474999999996,304.52,D,32.5,18.5,24.9,53.3,7.716,4.17,1010.8,1732.25,986.05,1327.17,14.0,188.4506942,"Rain, Partially cloudy",193,3.614659238196893,1.0,0.0,3,2023
2023-03-30,30.14083333,74.20777778,21.50075135894204,0.0,26.8,4722.62,43.26,1042.3497,303.98,D,31.9,18.0,23.5,63.6,15.403,8.33,1009.3,2028.84,1144.8,1494.6,13.9,209.2378127,"Rain, Partially cloudy",182,0.8022668417515686,1.0,0.0,3,2023
2023-03-31,30.14083333,74.20777778,52.993947732122884,0.0,10.7,4312.099999999999,28.47,726.423,297.17,D,26.6,17.2,20.7,81.2,0.712,8.33,1008.9,2159.92,1396.64,1680.84,9.4,235.0588638,"Rain, Partially cloudy",97,4.952705395525503,1.0,0.0,3,2023
2023-04-01,30.14083333,74.20777778,101.95671664112936,0.0,13.0,3994.7700000000004,20.02,473.2266,284.97,N,28.0,17.0,21.0,79.7,3.149,4.17,1009.7,2231.6,1354.9,1673.7,11.0,233.0554434,"Rain, Partially cloudy",279,7.842824357009951,0.0,0.0,4,2023
2023-04-02,30.71777778,76.19694444,99.12835626999198,0.0,18.4,5125.8,142.79999999999998,3253.1744000000003,296.46,D,29.2,17.2,23.3,68.0,0.0,0.0,1008.6,1985.6,1169.6,1584.4,12.0,214.0677318,Partially cloudy,136,5.387410666847391,1.0,0.0,4,2023
2023-04-03,30.140833330000003,74.20777778,256.0810180059805,0.3,14.800000000000002,1016.76,11.61,1311.6204,312.24,D,31.1,18.8,24.7,59.8,0.0,0.0,1007.2,1859.78,1124.24,1477.06,12.3,198.4406166,Clear,138,17.302771486890574,1.0,1.0,4,2023
2023-04-04,30.213055560000004,74.64611111,31.00258421308753,0.0,18.8,5928.240000000001,119.68,2454.9888,308.66,D,30.0,18.3,24.5,57.9,13.61,8.33,1009.7,1737.0,1059.57,1418.55,11.7,197.165255,"Rain, Partially cloudy",113,1.6490736283557197,1.0,0.0,4,2023
2023-04-05,30.14083333,74.20777778,126.20922317383034,0.8,14.8,5412.48,18.08,382.2563999999999,306.27,D,32.0,18.0,25.0,47.2,0.0,0.0,1010.3,1510.4,849.6,1180.0,14.0,176.9783219,Clear,106,8.527650214447995,1.0,1.0,4,2023
2023-04-06,30.14083333,74.20777778,107.90567178684712,0.0,14.8,8647.86,45.24,578.7414,301.34,D,32.0,18.8,25.8,37.6,0.0,0.0,1012.5,1203.2,706.88,970.08,13.2,151.781165,Partially cloudy,126,7.290923769381562,1.0,0.0,4,2023
2023-04-07,30.14083333,74.20777778,356.6909259387861,0.0,16.6,8556.08,110.5,1398.59,299.7,D,32.9,18.2,26.1,34.6,0.0,0.0,1014.2,1138.34,629.72,903.06,14.7,142.794483,Clear,112,21.487405177035303,1.0,1.0,4,2023
2023-04-08,30.14083333,74.20777778,106.56391054287192,0.0,14.8,10512.41,65.41,715.5221,309.44,D,33.1,19.0,26.4,30.3,0.0,0.0,1014.6,1002.93,575.7,799.92,14.1,129.5241404,Clear,161,7.2002642258697245,1.0,1.0,4,2023
2023-04-09,30.14083333,74.20777778,149.10519768666543,0.0,14.8,9721.09,66.41,767.6309,308.07,D,35.0,18.2,27.3,31.5,0.0,0.0,1014.6,1102.5,573.3,859.95,16.8,130.7837309,Clear,233,10.074675519369286,1.0,1.0,4,2023
2023-04-10,30.71777778,76.19694444,160.57685699106872,0.0,14.799999999999999,6357.209999999999,315.02,5547.502199999999,307.11,D,34.1,18.2,27.1,31.0,0.0,0.0,1012.7,1057.1,564.2,840.1,15.9,129.8544565,Partially cloudy,176,10.84978763453167,1.0,0.0,4,2023
2023-04-11,30.140833330000003,74.20777778,72.43346522061597,0.1,16.6,3051.4500000000003,22.589999999999996,851.0155,312.82,D,36.2,19.2,28.5,31.0,0.0,0.0,1011.9,1122.2,595.2,883.5,17.0,126.3999587,Clear,309,4.36346176027807,1.0,1.0,4,2023
2023-04-12,30.21305556,74.64611111,269.47566852138795,0.0,18.4,5946.84,59.94,1100.1654,296.3,D,36.0,23.5,29.6,32.1,0.0,0.0,1011.4,1155.6,754.35,950.16,12.5,126.616525,Partially cloudy,224,14.645416767466738,1.0,0.0,4,2023
2023-04-13,30.71777778,76.19694444,91.77653439786366,0.4,14.8,11499.82,93.16000000000001,926.7502000000002,308.38,D,38.0,21.3,30.4,29.3,0.0,0.0,1009.5,1113.4,624.09,890.72,16.7,117.4871211,Partially cloudy,248,6.201117189044841,1.0,0.0,4,2023
2023-04-14,30.14083333,74.20777778,161.03549179548983,0.1,16.6,12618.85,120.25,1108.4125000000001,314.89,D,38.3,22.6,30.9,26.3,0.0,0.0,1008.8,1007.29,594.38,812.67,15.7,108.376645,Partially cloudy,272,9.700933240692155,1.0,0.0,4,2023
2023-04-15,30.140833329999996,74.20777778,76.08148115284465,0.4,10.6,9909.0,618.3,8404.3,325.52,D,40.1,22.9,32.3,24.7,0.0,0.0,1008.1,990.47,565.63,797.81,17.2,101.657793,Clear,279,7.177498221966476,1.0,1.0,4,2023
2023-04-16,30.14083333,74.20777778,90.9415569071343,0.6,14.800000000000002,18335.879999999997,191.32999999999998,1248.9155999999998,310.74,D,40.0,24.9,32.9,26.4,0.0,0.0,1007.0,1056.0,657.36,868.56,15.1,105.1631895,Partially cloudy,222,6.144699791022586,1.0,0.0,4,2023
2023-04-17,30.213055560000004,74.64611111,89.86881433249084,0.0,13.2,12363.92,72.89,658.2952,308.84,D,40.0,23.9,32.3,30.0,0.0,0.0,1007.2,1200.0,717.0,969.0,16.1,115.2277547,Partially cloudy,223,6.808243510037185,1.0,0.0,4,2023
2023-04-18,30.14083333,74.20777778,91.0752168912637,0.0,14.900000000000002,8917.220000000001,257.14,3391.9733000000006,303.42,D,39.0,24.5,32.9,31.6,0.0,0.0,1008.3,1232.4,774.2,1039.64,14.5,117.6530812,Partially cloudy,230,6.112430663843201,1.0,0.0,4,2023
2023-04-19,30.213055559999997,74.64611111,92.37064355368084,6.6,18.4,15601.820000000002,249.32,1838.3014,311.44,D,37.3,25.0,31.4,35.1,0.0,0.0,1006.0,1309.23,877.5,1102.14,12.3,129.0993566,Partially cloudy,241,5.020143671395698,1.0,0.0,4,2023
2023-04-20,30.14083333,74.20777778,91.87947550947912,0.0,27.699999999999996,4458.22,78.25999999999999,2064.4988,307.39,D,34.8,25.0,29.2,40.0,1.023,4.17,1003.2,1392.0,1000.0,1168.0,9.8,146.1693568,"Rain, Partially cloudy",151,3.3169485743494267,1.0,0.0,4,2023
2023-04-21,30.14083333,74.20777778,32.72048356767722,0.4,17.3,19030.02,148.76999999999998,871.3746,306.15,D,35.5,23.0,29.2,35.1,0.0,0.0,1004.2,1246.05,807.3,1024.92,12.5,135.1241858,Partially cloudy,122,1.8913574316576427,1.0,0.0,4,2023
2023-04-22,30.14083333,74.20777778,116.97557473106802,0.0,18.4,37419.8,226.6,700.7708,313.2,D,35.5,22.7,29.5,29.1,0.0,0.0,1005.4,1033.05,660.57,858.45,12.8,118.8809113,Partially cloudy,143,6.357368191905871,1.0,0.0,4,2023
2023-04-23,30.21305556,74.64611111,35.57430122910403,0.0,18.4,14146.859999999999,192.36,1542.6814,295.97,D,31.0,24.0,27.1,28.2,0.0,0.0,1007.5,874.2,676.8,764.22,7.0,121.4786515,Partially cloudy,118,1.9333859363643493,1.0,0.0,4,2023
2023-04-24,30.14083333,74.20777778,228.86907750359995,0.0,16.6,40268.409999999996,484.33000000000004,1377.2473,309.42,D,33.2,22.0,26.9,35.0,0.0,0.0,1010.5,1162.0,770.0,941.5,11.2,141.5080003,Partially cloudy,176,13.787293825518068,1.0,0.0,4,2023
2023-04-25,30.21305556,74.64611111,75.6326569189928,0.0,16.6,37001.8,159.5,487.75100000000003,304.47,D,34.0,21.7,27.6,36.3,0.0,0.0,1011.8,1234.2,787.71,1001.88,12.3,142.7530304,Partially cloudy,198,4.556184151746553,1.0,0.0,4,2023
2023-04-26,30.14083333,74.20777778,90.76578444377922,0.0,9.4,21652.8,293.15,1502.3712,306.28,D,35.9,22.6,29.1,35.5,0.0,0.0,1008.5,1274.45,802.3,1033.05,13.3,136.3684162,Partially cloudy,234,9.655934515295662,1.0,0.0,4,2023
2023-04-27,30.14083333,74.20777778,119.0771423778465,0.0,14.800000000000002,76412.74,1119.11,1659.5366,310.14,D,37.8,23.0,29.9,33.6,0.0,0.0,1007.9,1270.08,772.8,1004.64,14.8,129.5937268,Partially cloudy,207,8.045752863368007,1.0,0.0,4,2023
2023-04-28,30.14083333,74.20777778,234.46842386069724,0.0,19.8,27762.670000000002,376.82,1518.5846000000001,299.35,D,34.0,24.0,28.3,40.3,0.0,0.0,1009.0,1370.2,967.2,1140.49,10.0,149.8160345,Partially cloudy,128,11.841839588924104,1.0,0.0,4,2023
2023-04-29,30.21305556,74.64611111,47.15812759048232,0.0,15.2,9910.5,84.3,928.2835000000001,288.09,D,32.7,23.8,27.9,43.4,0.0,0.0,1008.3,1419.18,1032.92,1210.86,8.9,157.6973364,Partially cloudy,209,3.1025083941106795,1.0,0.0,4,2023
2023-04-30,30.14083333,74.20777778,63.92671722510829,0.0,14.800000000000002,56364.88,731.77,1444.1416,294.18,D,30.2,22.3,26.0,55.6,0.255,4.17,1007.3,1679.12,1239.88,1445.6,7.9,186.4462377,"Rain, Overcast",130,4.31937278548029,1.0,0.0,4,2023
2023-05-01,30.14083333,74.20777778,268.20107034335166,0.0,14.8,5138.0,215.74,5655.47,304.84,D,24.9,20.0,21.7,89.7,11.969,8.33,1007.9,2233.53,1794.0,1946.49,4.9,223.436826,"Rain, Partially cloudy",84,18.121693942118355,1.0,0.0,5,2023
2023-05-02,30.14083333,74.20777778,328.08044734274654,0.0,15.5,20294.780000000002,167.62,1011.2399000000001,293.87,D,27.8,21.0,23.4,82.1,0.1,4.17,1009.3,2282.38,1724.1,1921.14,6.8,215.7190219,"Rain, Partially cloudy",70,21.16648047372558,1.0,0.0,5,2023
2023-05-03,30.14083333,74.20777778,34.722426718880335,0.0,18.4,41570.4,812.4,2345.2634000000003,290.95,D,29.8,19.7,22.8,85.4,27.311,12.5,1010.4,2544.92,1682.38,1947.12,10.1,218.4231331,"Rain, Partially cloudy",104,1.887088408634801,1.0,0.0,5,2023
2023-05-04,30.14083333,74.20777778,189.66527233770188,0.0,9.4,220746.8,3227.0400000000004,1615.707,295.68,D,31.0,18.6,24.6,71.2,0.0,0.0,1010.2,2207.2,1324.32,1751.52,12.4,207.7299331,Partially cloudy,217,20.17715663167041,1.0,0.0,5,2023
2023-05-05,30.14083333,74.20777778,117.47167996533696,0.8000000000000002,11.199999999999998,565826.9600000001,7132.960000000001,1507.9496000000001,307.47,D,33.1,21.7,27.9,56.9,0.0,0.0,1008.2,1883.39,1234.73,1587.51,11.4,178.7856093,Partially cloudy,165,10.488542854047944,1.0,0.0,5,2023
2023-05-06,30.14083333,74.20777778,222.001475610815,3.0,27.7,196900.08,4522.34,2779.5612,315.01,D,35.0,23.0,28.6,49.4,0.0,0.0,1006.5,1729.0,1136.2,1412.84,12.0,165.5929378,Partially cloudy,236,8.014493704361552,1.0,0.0,5,2023
2023-05-07,30.14083333,74.20777778,182.8734079873366,2.7999999999999994,15.300000000000002,571493.6499999999,6290.31,1318.8315,314.23,D,37.0,22.9,29.4,46.3,3.492,4.17,1005.4,1713.1,1060.27,1361.22,14.1,157.3706046,"Rain, Partially cloudy",192,11.952510325969712,1.0,0.0,5,2023
2023-05-08,30.21305556,74.64611111,101.78381755002084,0.2,20.5,736212.4,5649.8,880.8800000000001,307.42,D,35.6,23.1,29.2,53.0,0.0,0.0,1004.7,1886.8,1224.3,1547.6,12.5,168.1168573,Partially cloudy,126,4.965064270732724,1.0,0.0,5,2023
2023-05-09,30.14083333,74.20777778,252.41377624167887,0.0,14.8,917658.75,18698.25,2397.9195,308.3,D,37.0,22.5,30.3,35.8,0.0,0.0,1007.0,1324.6,805.5,1084.74,14.5,133.6649723,Clear,208,17.054984881194517,1.0,1.0,5,2023
2023-05-10,30.14083333,74.20777778,94.710526665799,0.0,14.8,509429.75999999995,15043.84,3536.9376,319.97,D,36.1,24.0,30.5,24.8,0.0,0.0,1006.7,895.28,595.2,756.4,12.1,104.7964729,Clear,184,6.399359909851283,1.0,1.0,5,2023
2023-05-11,30.14083333,74.20777778,135.33619974606137,0.0,12.6,310530.9,7634.759999999999,2966.369,320.96,D,39.4,22.1,31.1,29.0,0.0,0.0,1007.2,1142.6,640.9,901.9,17.3,115.2321369,Clear,221,10.740968233814394,1.0,1.0,5,2023
2023-05-12,30.14083333,74.20777778,72.53095811710514,0.0,13.0,442319.7,9040.58,2417.9685,316.96,D,41.0,22.9,32.8,27.9,0.0,0.0,1005.8,1143.9,638.91,915.12,18.1,109.1121639,Clear,247,5.57930447054655,1.0,1.0,5,2023
2023-05-13,30.14083333,74.20777778,141.7220656171174,0.0,14.8,1102734.47,11873.449999999999,1237.3135,307.65,D,40.1,25.1,33.5,31.6,0.0,0.0,1005.1,1267.16,793.16,1058.6,15.0,116.3274112,Clear,287,9.575815244399823,1.0,1.0,5,2023
2023-05-14,30.14083333,74.20777778,201.02397045291173,0.0,14.8,725935.68,17978.16,3028.2288000000003,306.92,D,40.0,28.5,33.6,30.8,0.0,0.0,1002.3,1232.0,877.8,1034.88,11.5,114.3437479,Partially cloudy,254,13.58270070627782,1.0,0.0,5,2023
2023-05-15,30.140833329999996,74.20777778,184.41421452921853,0.0,21.3,395663.74000000005,17447.54,5532.9164,319.06,D,41.0,27.0,33.9,27.6,0.0,0.0,1002.0,1131.6,745.2,935.64,14.0,106.3870406,Partially cloudy,148,8.657944344094766,1.0,0.0,5,2023
2023-05-16,30.14083333,74.20777778,102.95732014608824,0.0,22.9,367202.06000000006,15708.720000000001,5010.1008,312.19,D,39.0,28.0,33.4,30.4,0.0,0.0,1004.1,1185.6,851.2,1015.36,11.0,113.8625147,Partially cloudy,270,4.495952844807347,1.0,0.0,5,2023
2023-05-17,30.71777778,76.19694444,215.2087095376185,1.1,14.8,162588.23,2420.04,1788.8172000000002,307.79,D,40.2,27.3,33.3,33.3,0.0,0.0,1005.3,1338.66,909.09,1108.89,12.9,120.4452828,Partially cloudy,363,14.54112902281206,1.0,0.0,5,2023
2023-05-18,30.71777778,76.19694444,292.47984664174254,0.0,33.5,68765.2,330.05,540.0584,306.49,D,36.0,24.0,29.8,50.9,8.536,8.33,1009.6,1832.4,1221.6,1516.82,12.0,162.7756027,"Rain, Partially cloudy",251,8.730741690798284,1.0,0.0,5,2023
2023-05-19,30.71777778,76.19694444,56.30541177676853,0.5,19.6,256883.36,2311.27,993.6367999999999,306.91,D,38.0,25.1,32.1,39.2,0.0,0.0,1006.8,1489.6,983.92,1258.32,12.9,135.4654946,Clear,198,2.872725090651455,1.0,1.0,5,2023
2023-05-20,30.71777778,76.19694444,264.5881992933472,0.0,14.8,159314.15999999997,3568.3199999999997,2551.7267999999995,299.44,D,40.0,25.1,33.5,32.9,0.0,0.0,1004.5,1316.0,825.79,1102.15,14.9,119.1301533,Clear,187,17.87758103333427,1.0,1.0,5,2023
2023-05-21,30.140833329999996,74.20777778,173.56378951467752,2.4,14.799999999999999,102539.06,299.0,342.94,317.62,D,42.2,26.1,35.7,27.5,0.0,0.0,1004.4,1160.5,717.75,981.75,16.1,103.0605754,Clear,233,11.727283075316048,1.0,1.0,5,2023
2023-05-22,30.14083333,74.20777778,89.20841761586934,2.4,25.2,53762.94,994.84,2255.2506,315.96,D,44.0,28.9,37.4,24.6,0.0,0.0,1004.2,1082.4,710.94,920.04,15.1,94.1562128,Clear,182,3.540016572058307,1.0,1.0,5,2023
2023-05-23,30.140833330000003,74.20777778,48.89485000471535,0.4,28.4,24369.12,503.28000000000003,2365.8354,309.66,D,44.0,31.8,36.9,25.0,0.0,0.0,1004.8,1100.0,795.0,922.5,12.2,95.70616465,Partially cloudy,216,1.7216496480533576,1.0,0.0,5,2023
2023-05-24,30.14083333,74.20777778,121.91375303417796,4.7,18.4,18902.24,173.6,1046.374,297.44,D,33.0,26.0,30.0,46.3,0.0,0.0,1006.1,1527.9,1203.8,1389.0,7.0,155.0850622,Partially cloudy,148,6.6257474475096725,1.0,0.0,5,2023
2023-05-25,30.14083333,74.20777778,92.73833583370164,0.0,30.6,2718.56,53.52,2273.3958000000002,291.91,D,35.3,22.0,28.9,52.1,4.987,4.17,1005.3,1839.13,1146.2,1505.69,13.3,168.2429288,"Rain, Partially cloudy",80,3.0306645697288115,1.0,0.0,5,2023
2023-05-26,30.71777778,76.19694444,145.52211217703825,0.0,14.8,4442.49,58.24000000000001,1530.9504000000002,301.69,D,33.3,22.8,28.2,52.6,0.0,0.0,1006.4,1751.58,1199.28,1483.32,10.5,172.0131095,Partially cloudy,85,9.83257514709718,1.0,0.0,5,2023
2023-05-27,30.71777778,76.19694444,154.48298211358735,0.0,20.5,11627.32,77.18,776.2946000000001,310.97,D,33.5,20.0,27.4,65.0,18.179,8.33,1006.2,2177.5,1300.0,1781.0,13.5,188.4313318,"Rain, Partially cloudy",48,7.535755225053042,1.0,0.0,5,2023
2023-05-28,30.71777778,76.19694444,211.48313705348613,0.0,12.6,11133.539999999999,112.2,1147.0919999999999,310.04,D,34.0,25.0,30.1,59.1,0.0,0.0,1006.8,2009.4,1477.5,1778.91,9.0,170.4422303,Partially cloudy,115,16.784375956625883,1.0,0.0,5,2023
2023-05-29,30.71777778,76.19694444,150.86248282633804,0.0,15.7,2353.89,38.15,1832.6715,296.99,D,34.0,22.8,27.2,68.5,6.924,12.5,1008.9,2329.0,1561.8,1863.2,11.2,191.3411449,"Rain, Partially cloudy",98,9.6090753392572,1.0,0.0,5,2023
2023-05-30,30.71777778,76.19694444,262.7027099576359,7.2,59.4,5522.08,555.68,11986.364899999999,292.13,D,34.7,22.0,27.1,68.7,31.162,8.33,1008.6,2383.89,1511.4,1861.77,12.7,191.987313,"Rain, Partially cloudy",102,4.422604544741345,1.0,0.0,5,2023
2023-05-31,30.71777778,76.19694444,502.1581232598055,0.0,26.9,677.22,4.66,788.9613,306.03,D,30.5,22.0,25.2,81.3,3.354,12.5,1007.8,2479.65,1788.6,2048.76,8.5,203.907049,"Rain, Partially cloudy",81,18.66758822527158,1.0,0.0,5,2023
2023-06-01,30.71777778,76.19694444,26.4009757447074,0.7,18.4,3302.7999999999997,11.200000000000001,369.91360000000003,304.98,D,31.3,21.8,26.0,73.3,0.2,4.17,1007.5,2294.29,1597.94,1905.8,9.5,199.7057528,"Rain, Partially cloudy",82,1.4348356382993153,1.0,0.0,6,2023
2023-06-02,30.71777778,76.19694444,269.31532210544543,0.2,11.2,2753.37,13.59,461.95430000000005,292.95,N,33.4,22.5,28.5,53.9,0.0,0.0,1006.3,1800.26,1212.75,1536.15,10.9,172.3869116,Partially cloudy,84,24.04601090227192,0.0,0.0,6,2023
2023-06-03,30.71777778,76.19694444,68.91979319292837,0.0,12.9,10357.41,35.339999999999996,380.8854,305.96,D,35.5,24.4,30.4,49.0,0.0,0.0,1006.1,1739.5,1195.6,1489.6,11.1,157.6774736,Clear,100,5.342619627358788,1.0,1.0,6,2023
2023-06-04,30.71777778,76.19694444,261.8412688826488,0.0,13.2,6678.8,262.6,4384.6322,292.49,D,33.0,25.0,29.4,60.3,2.582,4.17,1005.7,1989.9,1507.5,1772.82,8.0,174.7795689,"Rain, Partially cloudy",152,19.836459763837038,1.0,0.0,6,2023
2023-06-05,30.71777778,76.19694444,436.929033381501,0.1,18.4,6962.76,64.26,1014.5736,304.49,D,37.2,25.9,31.7,52.6,0.0,0.0,1004.2,1956.72,1362.34,1667.42,11.3,157.0277986,Partially cloudy,148,23.74614311855984,1.0,0.0,6,2023
2023-06-06,30.71777778,76.19694444,69.48783372377487,1.8,14.8,9416.4,187.32000000000002,2249.847,307.07,D,38.0,24.0,31.5,48.1,0.34,4.17,1004.0,1827.8,1154.4,1515.15,14.0,152.1390388,"Rain, Partially cloudy",124,4.695123900255059,1.0,0.0,6,2023
2023-06-07,30.717777780000002,76.19694444,522.7189910165765,0.5,13.7,3840.32,83.27000000000001,2642.8384,310.76,D,38.0,25.9,32.4,39.3,0.0,0.0,1003.8,1493.4,1017.87,1273.32,12.1,134.7560664,Clear,187,38.15467087712238,1.0,1.0,6,2023
2023-06-08,30.71777778,76.19694444,113.80216088776376,0.0,18.4,9144.9,159.84,2005.1039999999998,310.67,D,39.0,26.0,33.8,35.1,0.0,0.0,1003.1,1368.9,912.6,1186.38,13.0,122.900401,Clear,139,6.184900048248031,1.0,1.0,6,2023
2023-06-09,30.71777778,76.19694444,23.677522932919874,0.1,19.7,13356.0,74.4,621.054,303.16,D,40.1,28.8,33.8,40.9,0.0,0.0,1000.3,1640.09,1177.92,1382.42,11.3,133.3531413,Partially cloudy,144,1.2019047174071005,1.0,0.0,6,2023
2023-06-10,30.71777778,76.19694444,117.56422323135595,0.0,16.6,5954.22,104.22,1915.2740999999999,293.87,D,41.0,28.4,34.4,39.5,0.0,0.0,998.8,1619.5,1121.8,1358.8,12.6,129.284459,Partially cloudy,136,7.08218212237084,1.0,0.0,6,2023
2023-06-11,30.71777778,76.19694444,99.14447766516926,4.8,20.5,12707.199999999999,114.38,1006.5439999999998,304.25,D,38.0,27.0,32.8,48.5,0.574,8.33,999.7,1843.0,1309.5,1590.8,11.0,147.8150723,"Rain, Partially cloudy",117,4.836315983666793,1.0,0.0,6,2023
2023-06-12,30.71777778,76.19694444,11.496463279968738,0.4,22.2,12859.580000000002,340.48,3032.1536000000006,308.23,D,40.0,29.0,34.9,45.1,0.0,0.0,998.6,1804.0,1307.9,1573.99,11.0,136.1123161,Partially cloudy,176,0.5178587063048982,1.0,0.0,6,2023
2023-06-13,30.71777778,76.19694444,84.05462734899324,0.1,32.7,21236.039999999997,469.98,2514.6168,310.29,D,41.2,31.2,36.5,39.7,0.0,0.0,998.5,1635.64,1238.64,1449.05,10.0,123.7823708,Clear,201,2.5704779005808325,1.0,1.0,6,2023
2023-06-14,30.71777778,76.19694444,257.6487846754744,0.0,26.0,13042.36,201.4,1819.066,300.07,D,40.1,30.0,35.4,40.4,0.0,0.0,999.5,1620.04,1212.0,1430.16,10.1,127.8838419,Partially cloudy,214,9.9095686413644,1.0,0.0,6,2023
2023-06-15,30.71777778,76.19694444,117.04566468358536,0.0,21.8,5022.0,73.05,1630.476,293.76,D,37.0,29.0,33.6,44.6,0.0,0.0,1001.0,1650.2,1293.4,1498.56,8.0,139.6902845,Partially cloudy,163,5.369067187320429,1.0,0.0,6,2023
2023-06-16,30.71777778,76.19694444,168.80894251608828,0.0,22.9,13077.09,147.03,1264.1187,302.01,D,38.1,28.0,32.0,56.2,8.195,4.17,1000.9,2141.22,1573.6,1798.4,10.1,159.3768505,"Rain, Partially cloudy",121,7.371569542187261,1.0,0.0,6,2023
2023-06-17,30.71777778,76.19694444,256.50953970228124,0.0,13.0,12913.919999999998,150.1,1342.368,308.93,D,37.6,28.8,32.5,62.0,0.299,4.17,1001.0,2331.2,1785.6,2015.0,8.8,161.2087887,"Rain, Partially cloudy",138,19.731503054021637,1.0,0.0,6,2023
2023-06-18,30.717777779999995,76.19694444,331.08269434354656,0.0,15.699999999999998,4117.92,127.56,3647.7908000000007,303.69,D,35.5,29.0,31.5,66.2,0.597,4.17,1000.9,2350.1,1919.8,2085.3,6.5,167.7410967,"Rain, Partially cloudy",78,21.08806970341061,1.0,0.0,6,2023
2023-06-19,30.71777778,76.19694444,625.776977778589,0.2,16.6,36829.4,714.76,2299.256,293.23,D,33.2,26.0,28.6,81.0,8.701,12.5,999.9,2689.2,2106.0,2316.6,7.2,182.6730987,"Rain, Partially cloudy",62,37.697408299915,1.0,0.0,6,2023
2023-06-20,30.717777779999995,76.19694444,143.12368165482854,0.0,14.8,33051.0,595.0,1966.5345000000002,295.02,D,36.9,27.0,31.6,67.8,0.598,8.33,999.7,2501.82,1830.6,2142.48,9.9,167.6748521,"Rain, Partially cloudy",112,9.670519030731658,1.0,0.0,6,2023
2023-06-21,30.71777778,76.19694444,239.7520199126012,0.0,14.800000000000002,17586.46,113.42,710.0948000000001,294.93,D,36.3,26.0,31.0,71.7,0.075,4.17,1000.9,2602.71,1864.2,2222.7,10.3,171.2184925,"Rain, Partially cloudy",79,16.19946080490549,1.0,0.0,6,2023
2023-06-22,30.71777778,76.19694444,187.8657448905429,2.3,14.2,29639.5,1216.3500000000001,4989.897,298.91,D,36.5,29.0,32.4,68.1,0.851,4.17,1000.9,2485.65,1974.9,2206.44,7.5,163.7582985,"Rain, Partially cloudy",105,13.229982034545277,1.0,0.0,6,2023
2023-06-23,30.71777778,76.19694444,262.3171450942204,0.7,14.8,342.48,9.16,3137.1168000000002,293.45,N,36.8,27.0,32.8,69.8,6.464,4.17,1000.6,2568.64,1884.6,2289.44,9.8,161.9643535,"Rain, Partially cloudy",114,17.72413142528516,0.0,0.0,6,2023
2023-06-24,30.71777778,76.19694444,252.2799924309516,1.6999999999999997,14.8,14201.46,64.26,517.3389,298.78,D,36.4,30.0,32.2,69.2,0.0,0.0,1000.0,2518.88,2076.0,2228.24,6.4,164.9001082,Partially cloudy,143,17.045945434523755,1.0,0.0,6,2023
2023-06-25,30.717777779999995,76.19694444,339.51151578676473,1.2,20.7,2034.96,28.68,1621.1848000000002,270.2,D,30.0,24.8,26.4,93.6,47.208,16.67,1002.1,2808.0,2321.28,2471.04,5.2,185.9890485,"Rain, Partially cloudy",67,16.401522501776075,1.0,0.0,6,2023
2023-06-26,30.71777778,76.19694444,374.3653299629796,1.1,13.0,298.55,1.45,432.8975,280.68,N,31.4,26.0,28.8,86.1,1.194,8.33,1002.2,2703.54,2238.6,2479.68,5.4,178.2007195,"Rain, Partially cloudy",84,28.797333074075357,0.0,0.0,6,2023
2023-06-27,30.71777778,76.19694444,262.1257795235924,0.0,14.8,9741.68,969.76,11233.1648,293.59,D,33.4,26.0,29.5,86.9,4.338,8.33,1001.1,2902.46,2259.4,2563.55,7.4,173.2722991,"Rain, Partially cloudy",69,17.71120131916165,1.0,0.0,6,2023
2023-06-28,30.717777779999995,76.19694444,226.3825553398752,0.0,18.4,4077.7200000000003,93.48,2647.1199,296.25,D,34.9,27.0,29.6,85.0,2.091,4.17,1002.1,2966.5,2295.0,2516.0,7.9,174.2208778,"Rain, Partially cloudy",79,12.30339974673235,1.0,0.0,6,2023
2023-06-29,30.71777778,76.19694444,151.3435382733467,0.0,15.3,9428.44,236.04,2838.6339000000003,296.34,D,32.9,24.7,28.8,87.6,21.0,8.33,1001.5,2882.04,2163.72,2522.88,8.2,176.9217829,"Rain, Partially cloudy",106,9.89173452766972,1.0,0.0,6,2023
2023-06-30,30.71777778,76.19694444,301.60682660153026,0.0,14.8,6966.33,128.94,2036.8221999999998,291.36,D,32.0,25.0,28.2,90.7,23.415,8.33,999.9,2902.4,2267.5,2557.74,7.0,177.5982658,"Rain, Partially cloudy",58,20.37883963523853,1.0,0.0,6,2023
2023-07-01,30.71777778,76.19694444,259.3156648930352,0.8,11.2,4634.139999999999,40.18,949.9987,295.39,D,33.7,26.1,29.5,83.4,0.0,0.0,1000.6,2810.58,2176.74,2460.3,7.6,175.9445202,Partially cloudy,45,23.15318436544957,1.0,0.0,7,2023
2023-07-02,30.71777778,76.19694444000001,581.182043145892,1.9,9.4,20862.0,146.4,820.8,306.79,D,35.3,27.0,30.8,75.7,0.0,0.0,1001.2,2672.21,2043.9,2331.56,8.3,171.8765481,Partially cloudy,43,61.82787693041404,1.0,0.0,7,2023
2023-07-03,30.71777778,76.19694444,56.55274418438015,0.0,10.6,30522.31,250.25,922.3775,301.02,D,37.5,29.0,32.8,69.9,0.0,0.0,1000.6,2621.25,2027.1,2292.72,8.5,161.9687529,Partially cloudy,99,5.335164545696241,1.0,0.0,7,2023
2023-07-04,30.717777779999995,76.19694444,363.59872699730863,0.0,26.3,991.83,5.4,595.0980000000001,298.37,D,35.0,26.0,31.2,78.9,2.261,8.33,999.3,2761.5,2051.4,2461.68,9.0,168.6324106,"Rain, Partially cloudy",118,13.825046653890062,1.0,0.0,7,2023
2023-07-05,30.71777778,76.19694444,262.405826991857,1.2,27.7,1704.4,47.35,3228.1336,288.37,D,33.8,26.0,29.9,86.0,7.091,8.33,999.4,2906.8,2236.0,2571.4,7.8,171.6424895,"Rain, Partially cloudy",79,9.473134548442491,1.0,0.0,7,2023
2023-07-07,30.71777778,76.19694444,549.3890667555653,0.6,16.6,346.09,7.01,2426.0908999999997,299.31,D,33.3,27.0,29.7,84.6,0.0,0.0,1002.0,2817.18,2284.2,2512.62,6.3,173.9238546,Partially cloudy,60,33.09572691298586,1.0,0.0,7,2023
2023-07-10,30.717777779999995,76.19694444,263.05183081337094,0.0,13.0,1901.04,12.72,671.7008,292.59,N,31.0,25.9,27.4,96.7,6.954,8.33,1001.4,2997.7,2504.53,2649.58,5.1,175.132894,"Rain, Partially cloudy",45,20.23475621641315,0.0,0.0,7,2023
2023-07-11,30.717777779999995,76.19694444,263.09258593103687,0.0,9.4,1819.8600000000001,19.38,979.6913,287.81,N,32.0,26.0,28.4,89.8,0.448,4.17,1001.6,2873.6,2334.8,2550.32,6.0,177.2880448,"Rain, Partially cloudy",48,27.9885729713869,0.0,0.0,7,2023
2023-07-12,30.71777778,76.19694444,298.0059337027778,22.6,11.2,2714.08,17.04,722.6238,294.53,D,32.0,27.0,29.3,88.1,0.896,8.33,1001.0,2819.2,2378.7,2581.33,5.0,173.3946108,"Rain, Partially cloudy",62,26.60767265203373,1.0,0.0,7,2023
2023-07-13,30.717777779999995,76.19694444,262.2116825448715,22.600000000000005,16.6,4008.24,19.799999999999997,551.1329999999999,293.7,D,32.7,27.0,29.7,88.1,1.701,4.17,1001.1,2880.87,2378.7,2616.57,5.7,170.9703967,"Rain, Partially cloudy",72,15.79588449065491,1.0,0.0,7,2023
2023-07-14,30.71777778,76.19694444,354.98790187053874,22.4,14.8,1335.76,9.8,818.153,295.38,D,32.6,27.0,29.5,88.9,1.494,4.17,1002.2,2898.14,2400.3,2622.55,5.6,171.4000171,"Rain, Partially cloudy",79,23.985669045306672,1.0,0.0,7,2023
2023-07-15,30.717777780000002,76.19694444,401.09725913364514,22.4,13.0,3747.92,25.74,797.2847999999999,297.76,D,33.8,26.0,29.5,87.0,13.747,4.17,1001.8,2940.6,2262.0,2566.5,7.8,173.1846492,"Rain, Partially cloudy",107,30.853635317972703,1.0,0.0,7,2023
2023-07-16,30.71777778,76.19694444,262.452883212734,22.4,13.0,1212.08,20.92,1584.7946,287.22,N,33.1,26.7,29.0,89.1,7.851,12.5,1001.8,2949.21,2378.97,2583.9,6.4,174.2619282,"Rain, Partially cloudy",75,20.18868332405646,0.0,0.0,7,2023
2023-07-17,30.717777780000002,76.19694444,308.62372694449823,22.6,11.2,3697.98,47.3,1445.574,288.86,D,33.0,28.0,30.5,86.2,0.0,0.0,1000.9,2844.6,2413.6,2629.1,5.0,167.9377749,Partially cloudy,91,27.55568990575877,1.0,0.0,7,2023
2023-07-18,30.717777779999995,76.19694444,286.30734458917607,22.399999999999995,13.0,1987.38,22.799999999999997,1258.674,287.63,D,32.0,28.0,29.4,92.2,0.644,12.5,1000.7,2950.4,2581.6,2710.68,4.0,168.3767386,"Rain, Overcast",108,22.023641891475084,1.0,0.0,7,2023
2023-07-23,30.71777778,76.19694444,149.1008301147048,22.6,20.5,616.96,4.32,666.3168000000001,291.39,N,35.3,29.0,32.1,72.4,0.17,4.17,1004.4,2555.72,2099.6,2324.04,6.3,165.4604695,"Rain, Partially cloudy",79,7.273211225107551,0.0,0.0,7,2023
2023-07-24,30.71777778,76.19694444,204.99423633723725,22.4,18.4,4360.2,23.66,610.428,297.17,D,37.0,29.0,32.5,70.6,0.0,0.0,1001.9,2612.2,2047.4,2294.5,8.0,163.4825531,Partially cloudy,80,11.140991105284634,1.0,0.0,7,2023
2023-07-25,30.71777778,76.19694444,262.30115367998576,22.6,14.8,678.28,8.66,1468.4762,286.35,N,34.9,29.0,31.3,80.9,0.0,0.0,1002.3,2823.41,2346.1,2532.17,5.9,167.0937062,Partially cloudy,99,17.72305092432336,0.0,0.0,7,2023
2023-07-28,30.717777779999995,76.19694444,331.60701902610793,22.600000000000005,14.800000000000002,1018.5899999999999,9.149999999999999,1035.5665,292.17,D,33.0,25.0,28.7,87.6,10.585,12.5,1001.2,2890.8,2190.0,2514.12,8.0,177.5395134,"Rain, Overcast",80,22.40587966392621,1.0,0.0,7,2023
2023-07-29,30.71777778,76.19694444,341.1753136297951,22.4,11.2,1320.12,10.36,854.7776999999999,299.33,D,31.0,25.9,27.9,92.3,5.701,4.17,1000.5,2861.3,2390.57,2575.17,5.1,177.6987469,"Rain, Partially cloudy",55,30.46208157408885,1.0,0.0,7,2023
2023-07-30,30.71777778,76.19694444,344.81820397225687,22.6,13.0,3007.7999999999997,11.700000000000001,434.46,300.1,D,33.9,26.0,29.7,82.9,0.0,0.0,999.6,2810.31,2155.4,2462.13,7.9,175.0821963,Partially cloudy,60,26.524477228635146,1.0,0.0,7,2023
2023-07-31,30.71777778,76.19694444,262.6564529579503,22.4,14.8,1335.8,7.76,647.8629999999999,291.52,N,34.3,28.0,31.1,78.3,0.0,0.0,999.1,2685.69,2192.4,2435.13,6.3,169.4308693,Partially cloudy,94,17.747057632293938,0.0,0.0,7,2023
2023-08-01,30.717777779999995,76.19694444,158.05959561509093,22.399999999999995,16.6,3968.16,23.16,638.2124,294.8,D,35.4,28.0,31.4,74.7,0.0,0.0,998.3,2644.38,2091.6,2345.58,7.4,168.834985,Partially cloudy,88,9.52166238645126,1.0,0.0,8,2023
2023-08-02,30.71777778,76.19694444,179.22286679491117,22.6,18.4,3024.18,62.1,2318.538,274.58,D,34.9,28.0,30.7,78.9,4.253,4.17,999.0,2753.61,2209.2,2422.23,6.9,171.414529,"Rain, Partially cloudy",94,9.740373195375607,1.0,0.0,8,2023
2023-08-03,30.71777778,76.19694444,285.8793221028824,22.4,18.4,1653.0500000000002,18.5,1223.257,296.6,D,35.0,27.2,30.6,81.3,7.492,8.33,999.0,2845.5,2211.36,2487.78,7.8,170.8158504,"Rain, Partially cloudy",85,15.53691967950448,1.0,0.0,8,2023
2023-08-04,30.717777779999995,76.19694444,615.9442392769976,22.399999999999995,16.6,990.48,19.02,2093.2144000000003,304.24,D,33.1,27.0,29.3,86.7,47.116,12.5,1001.3,2869.77,2340.9,2540.31,6.1,174.654573,"Rain, Partially cloudy",96,37.10507465524081,1.0,0.0,8,2023
2023-08-06,30.71777778,76.19694444,262.0217134106169,22.6,22.3,316.07,2.49,787.0143,289.04,N,34.5,29.0,31.4,73.4,0.0,0.0,1000.2,2532.3,2128.6,2304.76,5.5,169.0242665,Partially cloudy,83,11.749852619310174,0.0,0.0,8,2023
2023-08-07,30.71777778,76.19694444,149.16611389377985,22.4,17.8,301.22,1.49,448.81780000000003,288.28,N,33.2,28.0,30.3,70.7,0.0,0.0,997.9,2347.24,1979.6,2142.21,5.2,174.8727894,Partially cloudy,104,8.38011875807752,0.0,0.0,8,2023
2023-08-08,30.71777778,76.19694444,308.4491662505831,22.4,19.8,1330.08,14.4,1197.072,287.12,D,36.3,27.0,31.0,67.9,0.0,0.0,998.7,2464.77,1833.3,2104.9,9.3,170.7322827,Partially cloudy,124,15.57824071972642,1.0,0.0,8,2023
2023-08-09,30.717777779999995,76.19694444,190.06978150538416,22.600000000000005,22.100000000000005,2010.3000000000002,42.839999999999996,2392.257,299.1,D,34.4,28.1,31.4,66.1,0.0,0.0,1002.5,2273.84,1857.41,2075.54,6.3,168.2037123,Partially cloudy,127,8.600442602053581,1.0,0.0,8,2023
2023-08-11,30.71777778,76.19694444,230.58173351874402,22.4,15.2,1677.6,22.9,1536.6816,292.01,D,34.8,28.0,31.3,66.4,0.0,0.0,1004.5,2310.72,1859.2,2078.32,6.8,168.7982309,Partially cloudy,124,15.169850889391055,1.0,0.0,8,2023
2023-08-12,30.717777779999995,76.19694444,374.0477967295554,22.399999999999995,18.4,1016.97,14.580000000000002,1647.4914,291.77,D,35.0,28.0,31.6,61.4,0.0,0.0,1002.3,2149.0,1719.2,1940.24,7.0,165.0461156,Partially cloudy,128,20.328684604867146,1.0,0.0,8,2023
2023-08-13,30.71777778,76.19694444,262.34517865692635,22.6,16.4,637.32,7.12,1134.4296000000002,295.07,N,34.2,28.0,30.9,65.7,0.0,0.0,1000.3,2246.94,1839.6,2030.13,6.2,170.5503486,Partially cloudy,119,15.996657235178438,0.0,0.0,8,2023
2023-08-14,30.717777779999995,76.19694444,308.1662909293073,22.399999999999995,13.0,1016.64,19.71,2226.4416,298.25,D,34.2,28.0,30.7,70.0,0.0,0.0,1003.9,2394.0,1960.0,2149.0,6.2,172.675615,Partially cloudy,112,23.705099302254407,1.0,0.0,8,2023
2023-08-15,30.71777778,76.19694444,262.3171536361116,0.7,13.0,1277.36,14.76,1178.3645999999999,294.15,N,33.2,27.0,30.1,80.5,1.664,8.33,1004.6,2672.6,2173.5,2423.05,6.2,174.0971267,"Rain, Partially cloudy",94,20.1782425873932,0.0,0.0,8,2023
2023-08-16,30.71777778,76.19694444,370.8238458062695,26.0,16.6,1335.76,12.28,1025.1958,299.43,D,35.1,28.2,31.9,72.2,3.585,4.17,1004.1,2534.22,2036.04,2303.18,6.9,166.5057207,"Rain, Partially cloudy",63,22.338785891943942,1.0,0.0,8,2023
2023-08-17,30.71777778,76.19694444,150.6259419743492,15.8,15.2,1338.56,14.24,1191.3183999999999,296.12,D,35.9,29.0,32.2,63.8,0.0,0.0,1003.7,2290.42,1850.2,2054.36,6.9,163.4561659,Partially cloudy,68,9.909601445680869,1.0,0.0,8,2023
2023-08-18,30.717777779999995,76.19694444,669.0370026317427,11.4,16.6,899.19,1.7999999999999998,179.838,287.73,N,36.2,29.0,32.6,64.0,0.0,0.0,1003.5,2316.8,1856.0,2086.4,7.2,161.6531903,Partially cloudy,140,40.30343389347847,0.0,0.0,8,2023
2023-08-19,30.717777779999995,76.19694444,313.41506497290584,22.399999999999995,13.0,912.1800000000001,2.79,282.7758,290.54,N,34.0,25.0,30.6,82.1,17.975,16.67,1003.7,2791.4,2052.5,2512.26,9.0,170.3509663,"Rain, Partially cloudy",111,24.10885115176199,0.0,0.0,8,2023
2023-08-20,30.717777779999995,76.19694444,616.4061731098483,22.399999999999995,14.800000000000002,1006.6800000000001,14.309999999999999,1600.6211999999998,307.76,D,35.6,29.0,31.9,75.2,0.0,0.0,1004.3,2677.12,2180.8,2398.88,6.6,166.0721616,Partially cloudy,90,41.64906575066542,1.0,0.0,8,2023
2023-08-21,30.71777778,76.19694444,395.7427816847064,15.4,10.1,1656.6499999999999,30.2,2001.2332,302.37,D,36.9,29.0,32.6,74.0,0.0,0.0,1003.0,2730.6,2146.0,2412.4,7.9,162.6752166,Partially cloudy,77,39.18245363214915,1.0,0.0,8,2023
2023-08-22,30.71777778,76.19694444,262.05422302280215,6.0,18.4,664.66,9.74,1618.4470999999999,286.98,D,35.3,28.0,31.1,80.9,0.0,0.0,1001.1,2855.77,2265.2,2515.99,7.3,168.2114393,Partially cloudy,86,14.24207733819577,1.0,0.0,8,2023
2023-08-24,30.71777778,76.19694444,262.23061570833664,22.6,14.8,330.83,3.71,1227.3792999999998,295.14,N,32.1,26.0,29.1,75.8,0.0,0.0,999.9,2433.18,1970.8,2205.78,6.1,181.3790321,Partially cloudy,87,17.718284845157882,0.0,0.0,8,2023
2023-08-25,30.71777778,76.19694444,262.3877931447616,3.2,14.8,2353.33,25.55,1227.0935000000002,302.63,D,34.4,26.7,30.4,68.1,0.0,0.0,1000.0,2342.64,1818.27,2070.24,7.7,173.8699804,Partially cloudy,115,17.72890494221362,1.0,0.0,8,2023
2023-08-26,30.717777779999995,76.19694444,589.5690512004169,11.4,17.8,887.58,0.96,94.6752,282.48,N,34.5,27.0,30.8,63.6,0.0,0.0,1001.8,2194.2,1717.2,1958.88,7.5,170.1042833,Partially cloudy,158,33.121856809012186,0.0,0.0,8,2023
2023-08-27,30.71777778,76.19694444,571.2085067122579,22.4,17.8,297.59,0.32,95.22879999999999,282.55,N,35.0,27.0,30.9,58.5,0.0,0.0,1001.6,2047.5,1579.5,1807.65,8.0,166.2285022,Partially cloudy,186,32.090365545632466,0.0,0.0,8,2023
2023-08-28,30.71777778,76.19694444,295.4932984527561,2.3,24.0,607.6,1.38,209.62199999999999,289.39,N,34.9,27.0,30.7,62.5,0.0,0.0,1001.8,2181.25,1687.5,1918.75,7.9,169.9854563,Partially cloudy,150,12.312220768864838,0.0,0.0,8,2023
2023-08-29,30.71777778,76.19694444,295.40820815459153,0.7,17.3,1210.64,2.96,223.9684,290.75,N,35.0,27.0,31.5,61.5,0.0,0.0,1003.8,2152.5,1660.5,1937.25,8.0,165.5745938,Partially cloudy,150,17.0756189684735,0.0,0.0,8,2023
2023-08-30,30.717777780000002,76.19694444,278.82428251557786,22.4,16.6,3729.66,46.53,1434.2238000000002,304.92,D,35.6,28.0,31.6,62.8,0.0,0.0,1005.7,2235.68,1758.4,1984.48,7.6,165.8301381,Partially cloudy,148,16.79664352503481,1.0,0.0,8,2023
2023-08-31,30.71777778,76.19694444,591.1508109022441,2.5,15.2,1340.32,14.52,1216.3403999999998,299.13,D,35.7,27.4,31.9,61.7,0.0,0.0,1006.4,2202.69,1690.58,1968.23,8.3,163.8220967,Partially cloudy,137,38.8915007172529,1.0,0.0,8,2023
2023-09-01,30.717777779999995,76.19694444,400.5639101994594,26.2,18.4,993.03,12.03,1327.3500999999999,297.78,D,36.2,28.0,32.4,60.6,0.0,0.0,1006.2,2193.72,1696.8,1963.44,8.2,160.8822871,Clear,140,21.76977772823149,1.0,1.0,9,2023
2023-09-02,30.717777779999995,76.19694444,164.24225226747535,2.9,19.4,1999.02,13.74,762.9593000000001,302.25,D,38.3,28.7,33.3,46.1,0.0,0.0,1004.0,1765.63,1323.07,1535.13,9.6,142.8285427,Clear,131,8.466095477704915,1.0,1.0,9,2023
2023-09-03,30.71777778,76.19694444,221.02027765459337,1.4,16.6,2319.73,9.030000000000001,427.49309999999997,303.54,D,36.0,28.0,31.9,54.4,0.0,0.0,1003.7,1958.4,1523.2,1735.36,8.0,158.1052741,Clear,137,13.314474557505624,1.0,1.0,9,2023
2023-09-04,30.71777778,76.19694444,132.38405828416757,0.7,16.6,3419.6,88.10000000000001,3012.6675999999998,299.51,D,36.1,27.4,31.6,58.2,0.0,0.0,1003.4,2101.02,1594.68,1839.12,8.7,162.8145959,Clear,143,7.974943270130575,1.0,1.0,9,2023
2023-09-05,30.717777780000002,76.19694444,488.2331200202867,22.6,12.2,7449.86,228.14,3511.5930999999996,309.78,D,36.9,27.0,32.0,61.0,0.0,0.0,1004.1,2250.9,1647.0,1952.0,9.9,162.9500005,Partially cloudy,103,40.01910819838416,1.0,0.0,9,2023
2023-09-06,30.71777778,76.19694444,178.95822506491066,22.4,9.4,1659.3000000000002,7.7,511.06440000000003,302.62,D,36.2,27.0,31.6,59.1,0.0,0.0,1005.1,2139.42,1595.7,1867.56,9.2,163.504011,Partially cloudy,112,19.03810904945858,1.0,0.0,9,2023
2023-09-07,30.71777778,76.19694444,76.94173509870673,22.4,14.8,4290.389999999999,39.0,990.0899999999999,298.79,D,36.9,28.0,30.8,65.3,0.149,4.17,1004.6,2409.57,1828.4,2011.24,8.9,170.8914249,"Rain, Partially cloudy",99,5.198765885047751,1.0,0.0,9,2023
2023-09-08,30.717777779999995,76.19694444,126.72262159258294,22.600000000000005,18.4,1972.2599999999998,27.0,1479.195,296.64,D,35.6,26.0,30.4,66.4,0.0,0.0,1004.6,2363.84,1726.4,2018.56,9.6,173.3377713,Partially cloudy,76,6.887098999596899,1.0,0.0,9,2023
2023-09-09,30.71777778,76.19694444,502.62612552509484,22.4,23.0,1682.9499999999998,21.0,1413.6779999999999,309.81,D,31.0,25.0,27.2,87.2,25.701,12.5,1004.2,2703.2,2180.0,2371.84,6.0,187.3489626,"Rain, Partially cloudy",36,21.853309805438904,1.0,0.0,9,2023
2023-09-10,30.71777778,76.19694444,187.13329391125924,22.6,14.8,2679.84,46.56,1949.5836000000002,298.19,D,28.1,24.0,25.6,96.6,24.673,16.67,1002.1,2714.46,2318.4,2472.96,4.1,187.4468,"Rain, Overcast",34,12.64414148049049,1.0,0.0,9,2023
2023-09-11,30.71777778,76.19694444,31.23628537480961,22.4,11.2,3026.43,22.86,854.1257999999999,295.96,D,32.0,25.0,27.7,85.8,0.149,4.17,1002.5,2745.6,2145.0,2376.66,7.0,185.2750354,"Rain, Partially cloudy",42,2.788954051322287,1.0,0.0,9,2023
2023-09-12,30.717777780000002,76.19694444,106.9290664875254,22.4,9.4,3645.29,42.57,1282.4793,295.19,D,33.1,25.9,29.1,79.4,0.0,0.0,1002.9,2628.14,2056.46,2310.54,7.2,180.392293,Partially cloudy,83,11.375432605055892,1.0,0.0,9,2023
2023-09-13,30.717777779999995,76.19694444,108.40192413063728,22.399999999999995,11.199999999999998,4044.84,45.72,1284.2367,290.81,D,34.6,27.0,30.8,76.3,0.0,0.0,1003.2,2639.98,2060.1,2350.04,7.6,171.7324906,Partially cloudy,84,9.678743225949756,1.0,0.0,9,2023
2023-09-14,30.71777778,76.19694444,405.2184178223589,22.4,11.2,1700.05,28.849999999999998,1961.8576999999998,291.26,D,36.4,28.0,31.9,73.7,0.0,0.0,1004.2,2682.68,2063.6,2351.03,8.4,166.355625,Partially cloudy,104,36.180215876996336,1.0,0.0,9,2023
2023-09-15,30.717777779999995,76.19694444,103.24334268131834,22.399999999999995,18.4,2024.6999999999998,20.64,1160.828,282.11,D,32.6,24.7,29.4,82.1,4.403,8.33,1005.4,2676.46,2027.87,2413.74,7.9,177.3317851,"Rain, Partially cloudy",76,5.611051232680346,1.0,0.0,9,2023
2023-09-16,30.71777778,76.19694444,117.73754551027484,12.2,18.4,2701.68,28.08,1185.3620999999998,293.33,D,33.2,25.0,28.1,91.0,10.149,8.33,1004.6,3021.2,2275.0,2557.1,8.2,177.9054763,"Rain, Partially cloudy",70,6.398779647297546,1.0,0.0,9,2023
2023-09-17,30.717777779999995,76.19694444,262.60612375423784,1.0,18.4,1855.1999999999998,6.300000000000001,324.66,288.33,N,32.0,25.5,28.3,87.8,0.299,4.17,1002.7,2809.6,2238.9,2484.74,6.5,179.8486619,"Rain, Partially cloudy",42,14.272071943165102,0.0,0.0,9,2023
2023-09-28,30.14083333,74.20777778,444.3006320281647,0.0,14.5,15175.599999999999,106.04,831.209,307.06,D,34.0,23.6,28.7,62.1,0.0,0.0,1007.6,2111.4,1465.56,1782.27,10.4,179.6435413,Clear,130,30.64142289849412,1.0,1.0,9,2023
2023-09-29,30.140833330000003,74.20777778,81.88130577405435,0.0,11.199999999999998,16180.32,121.92,856.2085999999999,304.24,D,33.4,23.6,28.9,62.3,0.0,0.0,1007.3,2080.82,1470.28,1800.47,9.8,178.774331,Clear,141,7.310830872683425,1.0,1.0,9,2023
2023-10-01,30.140833330000003,74.20777778,529.1119923165575,0.0,14.800000000000002,1801.2599999999998,4.800000000000001,240.168,289.1,N,34.8,24.0,28.9,59.8,0.0,0.0,1006.6,2081.04,1435.2,1728.22,10.8,176.8058852,Clear,140,35.750810291659285,0.0,1.0,10,2023
2023-10-02,30.14083333,74.20777778,107.87407382660147,0.0,14.8,70982.25,898.6999999999999,1380.0269999999996,303.71,D,34.1,22.0,27.7,52.7,0.0,0.0,1007.6,1797.07,1159.4,1459.79,12.1,174.3999331,Clear,135,7.288788772067666,1.0,1.0,10,2023
2023-10-03,30.140833329999996,74.20777778,199.05418221275127,0.0,16.6,35823.6,135.0,414.625,304.72,D,33.9,20.5,27.2,48.9,0.0,0.0,1008.2,1657.71,1002.45,1330.08,13.4,170.6834005,Clear,157,11.99121579594887,1.0,1.0,10,2023
2023-10-04,30.140833330000003,74.20777778,170.53083179040328,0.0,16.6,30058.2,480.59999999999997,1783.4532,302.74,D,34.0,20.9,27.7,54.2,0.0,0.0,1008.4,1842.8,1132.78,1501.34,13.1,176.4437362,Clear,178,10.27294167412068,1.0,1.0,10,2023
2023-10-05,30.14083333,74.20777778,75.60240784488717,0.0,14.8,47977.6,482.85,1101.8304,303.85,D,34.4,21.0,27.6,53.7,0.0,0.0,1007.8,1847.28,1127.7,1482.12,13.4,176.2395967,Clear,171,5.108270800330214,1.0,1.0,10,2023
2023-10-06,30.14083333,74.20777778,197.98876131909915,0.0,13.0,49525.5,462.0,1016.9236000000001,301.51,D,35.0,20.9,28.0,52.3,0.0,0.0,1006.7,1830.5,1093.07,1464.4,14.1,172.4867762,Clear,192,15.22990471685378,1.0,1.0,10,2023
2023-10-07,30.14083333,74.20777778,164.3435591957338,0.0,14.8,90961.88,2677.32,3390.7059000000004,313.69,D,34.7,22.9,29.0,58.0,0.0,0.0,1008.0,2012.6,1328.2,1682.0,11.8,174.6647117,Clear,215,11.104294540252283,1.0,1.0,10,2023
2023-10-08,30.14083333,74.20777778,179.8927722916813,0.0,14.8,82627.29,882.0899999999999,1234.3088999999998,303.67,D,35.9,25.5,30.2,60.1,0.0,0.0,1008.5,2157.59,1532.55,1815.02,10.4,170.7672898,Clear,178,12.154917046735225,1.0,1.0,10,2023
2023-10-09,30.14083333,74.20777778,277.7922885043925,0.0,14.799999999999999,23621.7,115.02000000000001,538.974,304.85,D,35.7,26.0,30.4,58.8,0.0,0.0,1009.1,2099.16,1528.8,1787.52,9.7,168.7864504,Clear,170,18.769749223269763,1.0,1.0,10,2023
2023-10-10,30.140833329999996,74.20777778,86.21762826735453,0.0,13.0,11347.16,111.86,1098.0046,300.59,D,35.0,24.8,29.8,52.7,0.0,0.0,1010.1,1844.5,1306.96,1570.46,10.2,165.1291814,Clear,205,6.632125251334964,1.0,1.0,10,2023
2023-10-11,30.14083333,74.20777778,220.5500936213864,0.0,16.6,35948.79,716.9,2250.9990000000003,301.43,D,34.5,22.5,27.9,55.8,0.0,0.0,1011.3,1925.1,1255.5,1556.82,12.0,177.5115949,Clear,176,13.286150218155806,1.0,1.0,10,2023
2023-10-12,30.14083333,74.20777778,90.51891427657834,0.0,11.2,69874.25,586.3,974.831,311.11,D,33.8,19.9,27.0,53.5,0.0,0.0,1012.6,1808.3,1064.65,1444.5,13.9,178.7451991,Clear,210,8.082045917551639,1.0,1.0,10,2023
2023-10-13,30.14083333,74.20777778,84.79071924221925,0.0,14.799999999999999,93018.59999999999,758.8800000000001,906.848,306.4,D,35.2,22.0,28.1,55.4,0.0,0.0,1012.9,1950.08,1218.8,1556.74,13.2,176.0891941,Clear,283,5.729102651501301,1.0,1.0,10,2023
2023-10-14,30.14083333,74.20777778,98.24108760392528,0.0,13.0,54357.48,1109.7,2298.449,304.58,D,35.7,22.8,28.8,55.1,0.0,0.0,1012.1,1967.07,1256.28,1586.88,12.9,172.486236,Clear,340,7.557006738763483,1.0,1.0,10,2023
2023-10-15,30.14083333,74.20777778,52.67112937399836,0.0,16.6,37882.12,213.57,633.6036,295.57,D,33.4,23.1,27.6,58.1,0.0,0.0,1010.5,1940.54,1342.11,1603.56,10.3,181.5617445,Clear,414,3.1729596008432748,1.0,1.0,10,2023
2023-10-16,30.14083333,74.20777778,60.13487292581632,0.0,37.1,1313.92,5.64,463.1568,290.39,D,28.8,21.3,25.4,59.5,1.0,4.17,1011.9,1713.6,1267.35,1511.3,7.5,194.3533962,"Rain, Partially cloudy",403,1.6208860626904666,1.0,0.0,10,2023
2023-10-17,30.14083333,74.20777778,303.5351246343918,0.0,14.8,4206.72,11.62,249.3984,284.79,N,25.3,18.9,21.9,77.2,3.851,4.17,1015.7,1953.16,1459.08,1690.68,6.4,226.7065471,"Rain, Partially cloudy",65,20.50913004286431,0.0,0.0,10,2023
2023-10-18,30.14083333,74.20777778,390.8552940250028,0.0,14.8,59588.03999999999,588.12,1157.5148,306.09,D,31.0,18.7,24.3,60.3,0.0,0.0,1015.5,1869.3,1127.61,1465.29,12.3,201.1963724,Clear,106,26.409141488175862,1.0,1.0,10,2023
2023-10-19,30.14083333,74.20777778,120.00342515800004,0.0,11.2,32677.92,162.35999999999999,541.3312,302.11,D,29.2,17.6,23.7,58.8,0.0,0.0,1015.4,1716.96,1034.88,1393.56,11.6,202.6312311,Clear,99,10.71459153196429,1.0,1.0,10,2023
2023-10-20,30.14083333,74.20777778,333.3778682511468,0.0,11.2,39977.189999999995,222.64000000000001,607.9176,304.35,D,30.8,18.4,24.0,59.2,0.0,0.0,1015.8,1823.36,1089.28,1420.8,12.4,201.5107959,Clear,159,29.7658810938524,1.0,1.0,10,2023
2023-10-21,30.14083333,74.20777778,168.41190468191934,0.0,7.6,71255.3,724.5500000000001,1116.8854000000001,297.64,D,30.5,17.8,23.8,59.7,0.0,0.0,1016.3,1820.85,1062.66,1420.86,12.7,203.2268168,Clear,159,22.15946114235781,1.0,1.0,10,2023
2023-10-22,30.14083333,74.20777778,107.45099375949604,0.0,11.2,31501.05,247.95,865.4498999999998,300.33,D,30.6,18.1,24.2,59.8,0.0,0.0,1016.7,1829.88,1082.38,1447.16,12.5,201.1560624,Clear,219,9.593838728526434,1.0,1.0,10,2023
2023-10-23,30.140833329999996,74.20777778,177.18205948594513,0.0,11.4,193288.98,1635.74,946.3803000000001,306.15,D,30.3,18.9,24.6,58.3,0.0,0.0,1015.0,1766.49,1101.87,1434.18,11.4,197.1521281,Clear,193,15.542285919819747,1.0,1.0,10,2023
2023-10-24,30.14083333,74.20777778,78.84387269603194,0.0,11.2,182014.04,2326.2999999999997,1446.692,304.64,D,30.6,18.6,24.5,56.3,0.0,0.0,1014.4,1722.78,1047.18,1379.35,12.0,194.9829389,Clear,157,7.039631490717138,1.0,1.0,10,2023
2023-10-25,30.14083333,74.20777778,219.05214779726103,0.0,13.0,88862.67000000001,1519.02,1981.5354000000002,301.09,D,30.0,18.0,24.1,57.9,0.0,0.0,1015.1,1737.0,1042.2,1395.39,12.0,199.2869604,Clear,171,16.850165215173924,1.0,1.0,10,2023
2023-10-26,30.14083333,74.20777778,77.39366367492521,0.0,10.6,193800.86000000002,2652.65,1512.511,300.94,D,31.0,18.1,24.2,54.5,0.0,0.0,1014.8,1689.5,986.45,1318.9,12.9,193.8209129,Clear,193,7.301289025936341,1.0,1.0,10,2023
2023-10-27,30.140833330000003,74.20777778,117.71052524014438,0.0,11.2,208683.41999999998,2973.08,1524.2394,299.87,D,30.8,17.1,23.7,52.1,0.0,0.0,1014.1,1604.68,890.91,1234.77,13.7,192.2790119,Clear,165,10.50986832501289,1.0,1.0,10,2023
2023-10-28,30.140833329999996,74.20777778,375.739216372057,0.0,7.6,237712.02000000002,1763.5800000000002,822.3371000000001,298.67,D,31.5,17.2,24.1,52.2,0.0,0.0,1014.3,1644.3,897.84,1258.02,14.3,190.5052772,Partially cloudy,217,49.439370575270665,1.0,0.0,10,2023
2023-10-29,30.14083333,74.20777778,206.1551764125886,0.0,9.4,479702.42,3911.36,907.3648,301.56,D,32.3,18.0,24.6,52.2,0.0,0.0,1014.2,1686.06,939.6,1284.12,14.3,188.0888448,Partially cloudy,330,21.931401746020057,1.0,0.0,10,2023
2023-10-30,30.14083333,74.20777778,84.56185913477987,0.0,9.4,243199.49999999997,3190.1,1455.8654999999999,306.68,D,32.3,18.7,25.1,58.3,0.0,0.0,1014.9,1883.09,1090.21,1463.33,13.6,194.5164791,Clear,355,8.995942461146793,1.0,1.0,10,2023
2023-10-31,30.14083333,74.20777777999999,35.24587473139142,0.0,9.4,328305.96,3731.18,1365.9192,298.21,D,31.6,19.6,24.9,67.1,0.0,0.0,1016.4,2120.36,1315.16,1670.79,12.0,203.8643794,Clear,356,3.749561141637385,1.0,1.0,10,2023
2023-11-01,30.14083333,74.20777778,175.0738943815388,0.0,7.6000000000000005,490340.82,11162.039999999999,2564.1367999999998,294.95,D,31.0,18.0,24.2,64.4,0.0,0.0,1016.9,1996.4,1159.2,1558.48,13.0,205.912837,Clear,376,23.036038734413,1.0,1.0,11,2023
2023-11-02,30.14083333,74.20777778,193.33408474901964,0.0,7.6,643315.76,54253.92,9389.4738,300.02,D,29.6,18.5,23.5,71.8,0.0,0.0,1015.2,2125.28,1328.3,1687.3,11.1,214.8358902,Clear,372,25.438695361713112,1.0,1.0,11,2023
2023-11-03,30.14083333,74.20777778,76.59015805641114,0.0,7.6,720516.7799999999,9974.07,1643.6465999999998,302.81,D,29.2,18.6,22.8,72.2,0.0,0.0,1012.8,2108.24,1342.92,1646.16,10.6,219.4810223,Clear,459,10.077652375843572,1.0,1.0,11,2023
2023-11-04,30.140833330000003,74.20777778,94.01335581766138,0.0,7.6,453478.50000000006,5534.999999999999,1377.231,303.84,D,28.5,18.4,22.7,75.8,0.0,0.0,1013.1,2160.3,1394.72,1720.66,10.1,221.1188459,Clear,383,12.370178397060709,1.0,1.0,11,2023
2023-11-05,30.14083333,74.20777778,191.32445332284,0.0,9.4,709388.6,8774.0,1359.109,301.08,D,31.0,18.0,23.3,70.7,0.0,0.0,1014.7,2191.7,1272.6,1647.31,13.0,215.6247722,Clear,426,20.35366524711064,1.0,1.0,11,2023
2023-11-06,30.14083333,74.20777778,63.3351437405143,0.0,7.6,547531.6,5781.4400000000005,1200.254,297.14,D,30.3,16.0,22.6,64.8,0.0,0.0,1016.2,1963.44,1036.8,1464.48,14.3,215.7259559,Clear,399,8.333571544804514,1.0,1.0,11,2023
2023-11-07,30.140833329999996,74.20777778,113.85463726380128,0.0,7.6000000000000005,812436.7999999999,20854.239999999998,3169.6279999999997,304.99,D,30.9,16.7,23.3,63.5,0.0,0.0,1015.3,1962.15,1060.45,1479.55,14.2,210.3053957,Clear,403,14.98087332418438,1.0,1.0,11,2023
2023-11-08,30.14083333,74.20777778,311.2523832249387,0.0,7.599999999999999,876740.76,9999.359999999999,1292.8896,306.33,D,30.0,17.4,23.5,66.0,0.0,0.0,1014.3,1980.0,1148.4,1551.0,12.6,211.3756527,Clear,421,40.95426095064983,1.0,1.0,11,2023
2023-11-09,30.140833330000003,74.20777778,179.42139496324864,0.0,11.2,374232.42,26446.23,8076.2534000000005,308.59,D,31.7,17.6,23.8,62.7,0.0,0.0,1014.2,1987.59,1103.52,1492.26,14.1,206.6076194,Clear,424,16.019767407432916,1.0,1.0,11,2023
2023-11-10,30.14083333,74.20777778,323.0508228416516,0.0,13.0,13212.0,61.2,505.35900000000004,293.7,D,22.0,18.0,20.3,84.4,7.701,20.83,1016.7,1856.8,1519.2,1713.32,4.0,237.1508401,"Rain, Partially cloudy",270,24.850063295511664,1.0,0.0,11,2023
2023-11-11,30.14083333,74.20777778,148.05404203188854,0.0,13.0,42569.100000000006,496.44,1331.1290000000001,295.98,D,25.5,15.7,19.8,76.0,0.0,0.0,1018.2,1938.0,1193.2,1504.8,9.8,241.2048046,Clear,120,11.388772463991426,1.0,1.0,11,2023
2023-11-12,30.14083333,74.20777778,555.0696741660954,0.0,13.0,464092.2,21186.36,4987.9995,283.26,D,26.1,14.0,19.8,72.6,0.0,0.0,1018.5,1894.86,1016.4,1437.48,12.1,239.7687758,Clear,133,42.6976672435458,1.0,1.0,11,2023
2023-11-13,30.14083333,74.20777778,229.3801978313272,0.0,7.6,656689.7000000001,9321.880000000001,1636.631,303.65,D,26.7,14.3,19.6,74.3,0.0,0.0,1018.4,1983.81,1062.49,1456.28,12.4,242.0081743,Clear,300,30.181604977806213,1.0,1.0,11,2023
2023-11-14,30.14083333,74.20777778,84.3102756156813,0.0,7.6,595882.98,5274.72,989.7944,289.78,D,25.4,14.4,19.9,66.1,0.0,0.0,1017.9,1678.94,951.84,1315.39,11.0,233.8850031,Partially cloudy,308,11.093457317852806,1.0,0.0,11,2023
2023-11-15,30.14083333,74.20777778,68.17789927691099,0.0,9.4,430033.32,1932.53,494.0244,301.42,D,26.4,13.2,19.1,70.1,0.0,0.0,1017.7,1850.64,925.32,1338.91,13.2,242.9098046,Partially cloudy,347,7.25296800818202,1.0,0.0,11,2023
2023-11-16,30.140833329999996,74.20777778,40.61525090803798,0.0,9.4,374161.49000000005,3373.34,1011.6094,295.97,D,26.3,13.7,19.1,76.1,0.0,0.0,1018.5,2001.43,1042.57,1453.51,12.6,246.2685077,Clear,403,4.320771373195529,1.0,1.0,11,2023
2023-11-17,30.14083333,74.20777778,85.81164084230531,0.0,5.4,332713.68,4279.08,1384.6663999999998,294.43,D,27.4,14.0,20.1,73.1,0.0,0.0,1018.2,2002.94,1023.4,1469.31,13.4,237.9550687,Clear,383,15.891044600426907,1.0,1.0,11,2023
2023-11-18,30.14083333,74.20777778,117.4574118057462,0.0,9.4,334292.44,3319.16,1150.6196,300.44,D,27.2,15.0,20.6,68.8,0.0,0.0,1016.5,1871.36,1032.0,1417.28,12.2,231.8095557,Partially cloudy,255,12.495469341036827,1.0,0.0,11,2023
2023-11-19,30.140833330000003,74.20777778,243.78883535465036,0.0,11.2,374730.36,2113.12,626.7732,305.11,D,26.0,14.4,19.9,68.0,0.0,0.0,1017.3,1768.0,979.2,1353.2,11.6,235.7402724,Clear,241,21.76686029952236,1.0,1.0,11,2023
2023-11-20,30.14083333,74.20777778,277.72715918475785,0.0,9.4,111327.95000000001,700.96,687.128,304.14,D,25.8,14.0,19.5,70.4,0.0,0.0,1017.6,1816.32,985.6,1372.8,11.8,240.4037971,Clear,284,29.5454424664636,1.0,1.0,11,2023
2023-11-21,30.14083333,74.20777778,192.1246289212879,0.0,13.7,203522.0,3170.2000000000003,1762.736,300.18,D,25.5,13.6,18.8,70.8,0.0,0.0,1016.7,1805.4,962.88,1331.04,11.9,245.525956,Clear,346,14.023695541699848,1.0,1.0,11,2023
2023-11-22,30.14083333,74.20777778,128.09455173579516,0.0,11.2,174927.72,1068.0,655.16,295.28,D,25.0,13.0,17.8,67.7,0.0,0.0,1014.8,1692.5,880.1,1205.06,12.0,249.5857381,Clear,358,11.437013547838855,1.0,1.0,11,2023
2023-11-23,30.140833330000003,74.20777778,295.3707907360434,0.0,9.4,5349.06,12.959999999999999,213.9624,282.8,N,26.0,11.5,18.6,65.7,0.0,0.0,1014.3,1708.2,755.55,1222.02,14.5,241.9376771,Clear,378,31.422424546387592,0.0,1.0,11,2023
2023-11-24,30.14083333,74.20777778,505.43453639497443,0.0,7.6,188870.80000000002,2072.3,1393.3676,304.77,D,26.1,12.0,18.3,70.0,0.0,0.0,1016.3,1827.0,840.0,1281.0,14.1,248.3567822,Clear,414,66.50454426249664,1.0,1.0,11,2023
2023-11-25,30.14083333,74.20777778,66.79347150279517,0.0,8.2,15175.86,87.39999999999999,626.8290000000001,285.78,D,25.0,12.6,18.1,69.7,0.0,0.0,1017.7,1742.5,878.22,1261.57,12.4,249.4868364,Partially cloudy,324,8.145545305218924,1.0,0.0,11,2023
2023-11-26,30.14083333,74.20777778,37.28451865373134,0.0,11.2,11195.58,234.63000000000002,2412.1386,294.26,D,25.6,13.2,19.4,67.1,0.0,0.0,1018.2,1717.76,885.72,1301.74,12.4,238.1827063,Partially cloudy,300,3.328974879797441,1.0,0.0,11,2023
2023-11-27,30.14083333,74.20777778,340.1121873957458,0.0,18.4,1193.68,1.48,110.4154,268.14,N,23.2,15.5,18.5,75.0,6.254,8.33,1015.8,1740.0,1162.5,1387.5,7.7,250.1984073,"Rain, Partially cloudy",402,18.48435801063836,0.0,0.0,11,2023
2023-11-28,30.14083333,74.20777778,523.1106864298464,0.0,9.4,19080.600000000002,430.65,2716.3836,298.78,D,20.0,15.6,17.7,86.9,0.23,4.17,1015.6,1738.0,1355.64,1538.13,4.4,256.2761043,"Rain, Partially cloudy",241,55.65007302445174,1.0,0.0,11,2023
2023-11-29,30.140833329999996,74.20777778,496.1792545912492,0.0,9.4,17436.899999999998,171.35999999999999,1148.7839999999999,297.51,D,24.7,14.1,18.5,81.0,0.0,0.0,1015.7,2000.7,1142.1,1498.5,10.6,251.4548334,Partially cloudy,197,52.78502708417545,1.0,0.0,11,2023
2023-11-30,30.14083333,74.20777778,31.366690211482574,0.0,13.0,15567.810000000001,115.15,811.5135000000001,294.08,D,24.3,15.0,19.1,82.5,0.0,0.0,1016.6,2004.75,1237.5,1575.75,9.3,246.7359048,Partially cloudy,372,2.4128223239601976,1.0,0.0,11,2023
2023-12-01,30.14083333,74.20777778,104.79523094204542,0.1,7.6,7291.02,55.88,841.7814,292.15,D,24.5,14.8,19.6,80.7,0.0,0.0,1017.1,1977.15,1194.36,1581.72,9.7,243.1977401,Partially cloudy,271,13.788846176584924,1.0,0.0,12,2023
2023-12-02,30.14083333,74.20777778,38.38257543668439,0.0,8.0,15316.16,56.58,409.54079999999993,294.17,D,23.7,14.0,17.9,83.5,0.0,0.0,1017.8,1978.95,1169.0,1494.65,9.7,255.8090477,Clear,273,4.797821929585549,1.0,1.0,12,2023
2023-12-03,30.14083333,74.20777778,92.8015284541057,0.1,9.4,20933.64,241.92,1275.9551999999999,293.6,D,25.1,12.4,18.4,75.1,0.0,0.0,1018.0,1885.01,931.24,1381.84,12.7,250.9709429,Partially cloudy,257,9.872503027032522,1.0,0.0,12,2023
2023-12-04,30.14083333,74.20777778,551.3095393491977,0.0,11.2,15407.699999999999,151.34,1101.9855,305.88,D,24.2,16.0,19.7,67.4,0.015,4.17,1017.0,1631.08,1078.4,1327.78,8.2,236.499443,"Rain, Partially cloudy",284,49.22406601332123,1.0,0.0,12,2023
2023-12-05,30.14083333,74.20777778,329.4871565980436,0.0,13.0,22517.36,115.24,578.0576,299.93,D,24.1,13.6,17.9,69.4,0.0,0.0,1016.2,1672.54,943.84,1242.26,10.5,250.6066435,Clear,235,25.3451658921572,1.0,1.0,12,2023
2023-12-06,30.14083333,74.20777778,74.66373601352342,0.0,7.6,16770.5,390.5,2619.5521,301.44,D,24.6,11.2,16.9,72.6,0.0,0.0,1016.8,1785.96,813.12,1226.94,13.4,260.4609322,Clear,239,9.82417579125308,1.0,1.0,12,2023
2023-12-07,30.14083333,74.20777778,123.76884898379797,0.0,7.8,12400.16,128.44,1102.9615999999999,295.8,D,23.6,11.6,16.7,75.4,0.0,0.0,1016.2,1779.44,874.64,1259.18,12.0,263.739521,Clear,302,15.86780115176897,1.0,1.0,12,2023
2023-12-08,30.14083333,74.20777778,40.659939418040565,0.3,11.2,12031.66,68.08,598.3312000000001,294.62,D,25.0,11.7,17.4,69.7,0.0,0.0,1015.7,1742.5,815.49,1212.78,13.3,254.4001157,Clear,308,3.630351733753622,1.0,1.0,12,2023
2023-12-09,30.14083333,74.20777778,521.6027997583235,0.0,13.0,17948.32,305.76,2029.5408000000002,308.55,D,24.4,10.8,16.9,69.4,0.0,0.0,1016.5,1693.36,749.52,1172.86,13.6,257.6521101,Clear,275,40.123292289101805,1.0,1.0,12,2023
2023-12-10,30.14083333,74.20777778,497.67792469052273,0.1,18.4,40572.09,262.08000000000004,776.7648,304.63,D,22.5,10.0,15.6,68.6,0.0,0.0,1015.0,1543.5,686.0,1070.16,12.5,266.1046663,Clear,210,27.047713298397976,1.0,1.0,12,2023
2023-12-11,30.140833330000003,74.20777778,57.23549130906952,0.1,9.4,27840.96,343.56,1355.5896,298.98,D,23.3,9.1,15.5,65.0,0.0,0.0,1015.7,1514.5,591.5,1007.5,14.2,262.02826,Clear,280,6.088882054156332,1.0,1.0,12,2023
2023-12-12,30.14083333,74.20777778,32.784151573309586,0.0,9.4,18490.64,126.0,742.9275,295.07,D,23.7,9.0,15.9,72.2,0.0,0.0,1014.6,1711.14,649.8,1147.98,14.7,267.5431106,Clear,323,3.487675699288254,1.0,1.0,12,2023
2023-12-13,30.14083333,74.20777778,35.691975590554684,0.4,9.4,19258.190000000002,91.45,505.93550000000005,294.03,D,23.7,9.4,16.3,69.6,0.0,0.0,1016.4,1649.52,654.24,1134.48,14.3,262.1545756,Clear,369,3.797018679846243,1.0,1.0,12,2023
2024-01-05,32.443262,75.731494,208.664551168456,0.0,11.2,13780.51,105.36999999999999,863.8027,289.06,D,14.0,10.0,12.0,92.9,0.0,0.0,1018.2,1300.6,929.0,1114.8,4.0,302.174724,Partially cloudy,246,18.63076349718357,1.0,0.0,1,2024
2024-01-06,32.443262,75.731494,247.2392778684843,0.0,11.2,27547.899999999998,224.68,920.503,295.62,D,15.0,8.8,12.1,84.9,0.0,0.0,1019.7,1273.5,747.12,1027.29,6.2,304.1238211,Clear,220,22.074935523971813,1.0,1.0,1,2024
2024-01-07,32.443262,75.731494,268.2011822752576,0.0,7.6,20231.260000000002,2890.79,15717.367400000001,293.57,D,17.3,8.4,11.6,81.2,0.0,0.0,1020.4,1404.76,682.08,941.92,8.9,307.8596363,Partially cloudy,308,35.289629246744425,1.0,0.0,1,2024
2024-01-08,32.443262,75.731494,67.72747994878159,0.0,7.6,9475.460000000001,98.6,1110.916,290.44,D,15.0,7.5,10.9,88.1,0.0,0.0,1020.3,1321.5,660.75,960.29,7.5,314.646701,Clear,314,8.911510519576526,1.0,1.0,1,2024
2024-01-09,32.443262,75.731494,453.0574333536017,0.0,13.0,9739.07,244.76,2834.4051999999997,286.58,D,13.0,9.5,10.9,90.8,0.0,0.0,1020.3,1180.4,862.6,989.72,3.5,313.7108866,Partially cloudy,254,34.8505717964309,1.0,0.0,1,2024
2024-01-10,32.443262,75.731494,261.93823385964794,0.0,14.8,34189.0,914.0,3124.8746,289.75,D,13.4,8.0,9.7,87.4,0.0,0.0,1018.9,1171.16,699.2,847.78,5.4,325.9666362,Clear,168,17.698529314841075,1.0,1.0,1,2024
2024-01-11,32.443262,75.731494,180.2760375790217,0.0,11.2,63927.39000000001,470.92,808.2012,304.35,D,16.7,7.0,10.6,83.4,0.0,0.0,1019.2,1392.78,583.8,884.04,9.7,317.3857825,Clear,314,16.096074783841225,1.0,1.0,1,2024
2024-01-12,32.443262,75.731494,62.15291208298045,0.0,9.4,37908.6,205.85,590.0556,290.09,D,17.6,5.5,10.2,83.5,0.0,0.0,1018.2,1469.6,459.25,851.7,12.1,321.0354199,Partially cloudy,264,6.612011923721324,1.0,0.0,1,2024
2024-01-13,32.443262,75.731494,73.26023180093348,0.0,7.6000000000000005,49416.72,375.44000000000005,803.0217000000001,286.38,D,17.0,5.6,10.9,86.7,0.0,0.0,1017.3,1473.9,485.52,945.03,11.4,314.869288,Partially cloudy,348,9.639504184333353,1.0,0.0,1,2024
2024-01-14,32.443262,75.731494,305.1694589876612,0.0,9.4,43451.76,637.5600000000001,1589.9394,291.57,D,17.3,6.2,10.8,85.6,0.0,0.0,1017.4,1480.88,530.72,924.48,11.1,315.8306955,Partially cloudy,345,32.46483606251714,1.0,0.0,1,2024
2024-01-15,32.443262,75.731494,283.3371494210196,0.0,9.4,42133.52,547.37,1429.8855999999998,289.97,D,17.6,5.0,10.4,80.7,0.0,0.0,1016.9,1420.32,403.5,839.28,12.6,318.213764,Partially cloudy,222,30.14224993840634,1.0,0.0,1,2024
2024-01-16,32.443262,75.731494,529.454343321282,0.0,14.8,44192.2,322.4,843.0512,300.39,D,18.0,5.5,10.2,88.4,0.0,0.0,1015.0,1591.2,486.2,901.68,12.5,321.1104884,Partially cloudy,331,35.773942116302834,1.0,0.0,1,2024
2024-01-17,32.443262,75.731494,29.61842777005617,0.0,10.1,30190.16,225.68,822.7648,290.19,D,18.0,6.0,10.8,82.6,0.0,0.0,1015.0,1486.8,495.6,892.08,12.0,315.3830886,Partially cloudy,360,2.93251760099566,1.0,0.0,1,2024
2024-01-18,32.443262,75.731494,355.7436121739404,0.0,9.4,10130.800000000001,64.48,679.744,294.19,D,18.0,7.0,10.6,86.7,0.0,0.0,1017.1,1560.6,606.9,919.02,11.0,317.6307626,Partially cloudy,313,37.84506512488728,1.0,0.0,1,2024
2024-01-19,32.443262,75.731494,298.9398837449341,0.0,11.2,15068.22,166.52,1185.8034,293.7,D,15.0,7.0,10.0,89.6,0.0,0.0,1018.8,1344.0,627.2,896.0,8.0,322.6856529,Partially cloudy,295,26.69106104865483,1.0,0.0,1,2024
2024-01-20,32.443262,75.731494,254.5778595129057,0.0,8.2,18259.02,288.36,1805.6142000000002,287.62,D,17.0,7.5,11.5,82.3,0.0,0.0,1019.2,1399.1,617.25,946.45,9.5,309.0839997,Partially cloudy,276,31.046080428403137,1.0,0.0,1,2024
2024-01-21,32.443262,75.731494,183.451983895507,0.0,14.2,20650.329999999998,214.72,1191.6255999999998,298.77,D,14.1,6.0,9.3,90.1,0.0,0.0,1018.5,1270.41,540.6,837.93,8.1,329.2277525,Partially cloudy,271,12.91915379545824,1.0,0.0,1,2024
2024-01-22,32.443262,75.731494,233.87294825372587,0.0,9.4,28116.480000000003,479.64,1911.2512000000002,302.65,D,17.0,7.0,10.5,82.7,0.0,0.0,1019.5,1405.9,578.9,868.35,10.0,318.1043058,Partially cloudy,240,24.880100878055934,1.0,0.0,1,2024
2024-01-23,32.443262,75.731494,255.1177040409672,0.0,11.2,28292.04,257.88,1034.0067,300.63,D,17.6,8.0,11.9,84.9,0.0,0.0,1018.4,1494.24,679.2,1010.31,9.6,305.9018742,Partially cloudy,378,22.778366432229216,1.0,0.0,1,2024
2024-01-24,32.443262,75.731494,67.72061402207336,0.0,11.2,19977.4,297.95,1709.93,290.79,D,16.0,8.6,11.5,85.8,0.0,0.0,1018.5,1372.8,737.88,986.7,7.4,309.4716859,Partially cloudy,383,6.04648339482798,1.0,0.0,1,2024
2024-01-25,32.443262,75.731494,251.0179666301757,0.0,9.4,5619.69,150.96,2935.4616,287.24,D,18.4,7.0,10.9,87.1,0.0,0.0,1020.6,1602.64,609.7,949.39,11.4,314.8239949,Partially cloudy,242,26.70403900321018,1.0,0.0,1,2024
2024-01-26,32.443262,75.731494,49.71538459365998,0.0,9.4,23898.24,186.48,859.6727999999999,286.15,D,21.0,6.5,12.4,76.3,0.0,0.0,1021.4,1602.3,495.95,946.12,14.5,298.3377119,Partially cloudy,352,5.288870701453189,1.0,0.0,1,2024
2024-01-27,32.443262,75.731494,191.98849204083,0.0,15.200000000000001,50188.88,442.32000000000005,960.8529000000002,297.86,D,23.3,6.5,14.0,68.3,0.0,0.0,1019.5,1591.39,443.95,956.2,16.8,277.4550969,Clear,267,12.630821844791448,1.0,1.0,1,2024
2024-01-28,32.443262,75.731494,419.0792065198419,0.0,14.8,7619.67,81.19,1169.4537,292.05,D,19.0,8.3,13.3,78.0,0.0,0.0,1018.1,1482.0,647.4,1037.4,10.7,291.9938861,Partially cloudy,343,28.316162602692017,1.0,0.0,1,2024
2024-01-29,32.443262,75.731494,61.72545035949743,0.0,11.2,12974.130000000001,129.48,1104.4644,290.31,D,22.0,9.0,14.1,84.1,0.0,0.0,1018.0,1850.2,756.9,1185.81,13.0,286.7732681,Partially cloudy,383,5.511200924955129,1.0,0.0,1,2024
2024-02-01,32.443262,75.731494,529.0559440231734,0.0,22.3,46921.38,282.9,697.0205,305.81,D,18.0,13.2,15.2,94.1,17.166,16.67,1016.1,1693.8,1242.12,1430.32,4.8,272.2323032,"Rain, Partially cloudy",145,23.72448179476114,1.0,0.0,2,2024
2024-02-02,32.443262,75.731494,133.04784057173887,0.0,14.800000000000002,3974.2799999999997,9.600000000000001,264.952,294.19,D,17.0,9.5,12.9,94.1,0.0,0.0,1019.5,1599.7,893.95,1213.89,7.5,292.9027674,Partially cloudy,131,8.989718957549924,1.0,0.0,2,2024
2024-02-05,32.443262,75.731494,262.15532082574964,0.0,13.0,901.14,5.49,549.6954000000001,279.69,N,20.0,12.3,16.1,83.7,0.0,0.0,1017.8,1674.0,1029.51,1347.57,7.7,270.1645926,Partially cloudy,136,20.16579390967305,0.0,0.0,2,2024
2024-02-06,32.443262,75.731494,390.6013265600717,0.0,14.8,8805.16,95.42,1242.8822,304.73,D,19.5,9.0,13.5,72.9,0.0,0.0,1019.8,1421.55,656.1,984.15,10.5,286.5542353,Partially cloudy,112,26.391981524329168,1.0,0.0,2,2024
2024-02-07,32.443262,75.731494,22.20201577110237,0.0,18.4,8373.25,148.25,1986.1349,286.49,D,20.1,9.5,13.5,67.7,0.0,0.0,1020.6,1360.77,643.15,913.95,10.6,280.3479199,Partially cloudy,166,1.2066312919077375,1.0,0.0,2,2024
2024-02-08,32.443262,75.731494,92.7141099954768,0.0,22.3,16464.0,113.99999999999999,750.7583999999998,292.67,D,21.0,8.0,14.3,66.3,0.0,0.0,1018.7,1392.3,530.4,948.09,13.0,272.4558548,Clear,172,4.157583407868914,1.0,1.0,2,2024
2024-02-09,32.443262,75.731494,173.95597777298778,0.0,11.9,18753.0,66.11999999999999,381.64,298.09,D,22.7,9.0,15.0,57.8,0.0,0.0,1019.1,1312.06,520.2,867.0,13.7,252.3248595,Clear,155,14.618149392688048,1.0,1.0,2,2024
2024-02-10,32.443262,75.73149399999998,75.30492320269543,0.0,9.4,19621.199999999997,227.4,1239.4058,291.44,D,22.5,7.8,14.9,69.6,0.0,0.0,1021.4,1566.0,542.88,1037.04,14.7,272.3866657,Clear,253,8.01116204283994,1.0,1.0,2,2024
2024-02-11,32.443262,75.731494,81.8374105782571,0.0,9.4,21908.9,455.0,2359.42,294.92,D,23.2,9.0,15.2,73.7,0.0,0.0,1020.8,1709.84,663.3,1120.24,14.2,274.0553443,Clear,247,8.706107508325223,1.0,1.0,2,2024
2024-02-12,32.443262,75.731494,55.97149629259584,0.0,11.2,6609.2,55.199999999999996,912.0696,291.21,D,22.2,9.6,15.6,79.1,0.0,0.0,1019.9,1756.02,759.36,1233.96,12.6,273.8027155,Partially cloudy,228,4.997455026124628,1.0,0.0,2,2024
2024-02-13,32.443262,75.731494,73.0023790601828,0.0,11.9,12590.16,133.76,1166.2464,289.94,D,22.0,10.5,15.9,80.5,0.0,0.0,1019.0,1771.0,845.25,1279.95,11.5,271.7225032,Partially cloudy,336,6.13465370253637,1.0,0.0,2,2024
2024-02-14,32.443262,75.731494,141.79278275879423,0.0,13.0,22521.6,234.60000000000002,1142.64,298.36,D,23.1,11.0,16.7,76.4,0.0,0.0,1018.7,1764.84,840.4,1275.88,12.1,264.228576,Partially cloudy,324,10.907137135291864,1.0,0.0,2,2024
2024-02-15,32.443262,75.731494,142.25844542378024,0.0,14.8,33611.0,442.0,1485.6062,301.48,D,24.7,10.8,17.0,71.0,0.0,0.0,1019.6,1753.7,766.8,1207.0,13.9,258.4390145,Clear,234,9.612057123228396,1.0,1.0,2,2024
2024-02-16,32.443262,75.731494,53.63860071934103,0.0,13.0,23082.81,272.64,1248.4224,294.9,D,25.7,9.6,17.3,63.4,0.0,0.0,1020.0,1629.38,608.64,1096.82,16.1,247.4775935,Clear,245,4.126046209180079,1.0,1.0,2,2024
2024-02-17,32.443262,75.731494,532.8562181442971,0.0,14.8,72087.64,531.48,902.8452,313.55,D,25.5,9.7,17.2,62.0,0.0,0.0,1015.6,1581.0,601.4,1066.4,15.8,245.9916573,Clear,220,36.00379852326332,1.0,1.0,2,2024
2024-02-18,32.443262,75.731494,294.7024879720083,0.0,13.0,6397.68,58.14,1030.3632,307.54,D,28.6,10.7,19.2,59.7,0.0,0.0,1012.6,1707.42,638.79,1146.24,17.9,229.7875063,Partially cloudy,287,22.66942215169295,1.0,0.0,2,2024
2024-02-19,32.443262,75.731494,195.09524341377528,0.0,24.1,3690.28,31.57,962.8276000000001,304.31,D,27.3,15.7,21.0,56.8,0.0,0.0,1010.5,1550.64,891.76,1192.8,11.6,214.5610418,Partially cloudy,241,8.095238315924284,1.0,0.0,2,2024
2024-02-20,32.443262,75.731494,88.45117527949417,0.0,14.800000000000002,3931.7999999999997,28.08,766.7009999999999,291.55,D,27.0,16.0,21.0,72.4,2.0,4.17,1010.5,1954.8,1158.4,1520.4,11.0,231.4628654,"Rain, Partially cloudy",219,5.976430762127984,1.0,0.0,2,2024
2024-02-21,32.443262,75.73149399999998,83.54281815055411,0.0,15.6,9909.0,121.79999999999998,1341.018,291.35,D,26.0,14.0,19.4,66.5,0.0,0.0,1010.7,1729.0,931.0,1290.1,12.0,237.5633483,Partially cloudy,200,5.355308855804751,1.0,0.0,2,2024
2024-02-22,32.443262,75.731494,492.5857551862956,0.0,14.8,21035.98,217.0,1187.515,307.92,D,25.4,13.8,19.1,50.1,0.0,0.0,1013.3,1272.54,691.38,956.91,11.6,211.3019019,Partially cloudy,146,33.282821296371324,1.0,0.0,2,2024
2024-02-23,32.443262,75.731494,276.4788020548672,0.0,14.8,22455.05,117.92,589.8639999999999,306.73,D,23.5,10.0,16.9,51.3,0.0,0.0,1016.2,1205.55,513.0,866.97,13.5,225.9684375,Clear,137,18.68100013884237,1.0,1.0,2,2024
2024-02-24,32.443262,75.731494,133.17778644001152,0.0,7.599999999999999,15878.400000000001,121.44,836.924,297.84,D,24.1,10.9,17.4,50.2,0.0,0.0,1016.4,1209.82,547.18,873.48,13.2,220.4898655,Partially cloudy,175,17.523392952633095,1.0,0.0,2,2024
2024-02-25,32.443262,75.731494,231.7119355714083,0.0,16.6,8139.84,70.32000000000001,993.7388000000001,297.7,D,25.3,10.9,18.3,44.8,0.0,0.0,1018.5,1133.44,488.32,819.84,14.4,201.3859738,Partially cloudy,178,13.958550335627004,1.0,0.0,2,2024
2024-02-26,32.443262,75.731494,315.37666479576774,0.0,9.4,2303.56,19.810000000000002,931.2964,287.05,D,24.6,12.6,18.8,42.8,0.0,0.0,1018.4,1052.88,539.28,804.64,12.0,193.2657627,Partially cloudy,161,33.55070902082635,1.0,0.0,2,2024
2024-02-27,32.443262,75.731494,141.029628347711,0.0,14.8,10251.39,53.32,568.7868,300.38,D,24.0,14.2,18.8,51.5,0.0,0.0,1018.1,1236.0,731.3,968.2,9.8,216.1340974,Partially cloudy,150,9.529028942412904,1.0,0.0,2,2024
2024-02-28,32.443262,75.731494,389.8365373750791,0.0,18.4,94841.33,790.86,1036.5557999999999,307.07,D,24.6,12.0,18.0,63.5,0.0,0.0,1016.4,1562.1,762.0,1143.0,12.6,243.0357508,Clear,144,21.186768335602128,1.0,1.0,2,2024
2024-02-29,32.443262,75.731494,161.6987474904381,0.0,16.0,16913.5,394.0,2665.5676000000003,311.36,D,26.0,12.0,19.1,59.5,0.0,0.0,1015.2,1547.0,714.0,1136.45,14.0,230.0689126,Clear,138,10.106171718152382,1.0,1.0,2,2024
2024-03-01,32.443262,75.731494,191.95437234403755,0.0,20.5,1028.1299999999999,22.11,2525.7727,300.1,D,29.0,13.8,21.6,56.6,0.0,0.0,1014.0,1641.4,781.08,1222.56,15.2,210.9007921,Partially cloudy,192,9.363627919221344,1.0,0.0,3,2024
2024-03-02,32.443262,75.731494,225.2795730211539,0.0,28.1,612.92,1.12,171.6176,284.26,N,24.4,18.0,21.2,70.5,7.274,12.5,1010.9,1720.2,1269.0,1494.6,6.4,229.0663004,"Rain, Partially cloudy",111,8.017066655557079,0.0,0.0,3,2024
2024-03-03,32.443262,75.731494,357.32161708360354,0.0,16.6,5769.63,35.36,705.9312,308.97,D,24.8,15.7,19.4,62.3,0.448,4.17,1011.9,1545.04,978.11,1208.62,9.1,232.4411702,"Rain, Partially cloudy",126,21.525398619494187,1.0,0.0,3,2024
2024-03-04,32.443262,75.731494,496.8801952385279,0.0,11.2,10799.04,42.24,445.46040000000005,311.19,D,23.7,11.8,17.9,46.8,0.0,0.0,1016.2,1109.16,552.24,837.72,11.9,208.9342224,Clear,140,44.36430314629714,1.0,1.0,3,2024
2024-03-05,32.443262,75.731494,168.01544332967157,0.0,18.4,7802.75,99.59,1468.9525,308.2,D,22.6,11.0,16.7,49.7,0.0,0.0,1017.4,1123.22,546.7,829.99,11.6,222.9477658,Partially cloudy,119,9.13127409400389,1.0,0.0,3,2024
2024-03-06,32.443262,75.731494,74.12122503963937,0.0,14.6,8991.0,56.160000000000004,692.64,293.63,D,22.2,10.0,16.4,51.5,0.0,0.0,1015.8,1143.3,515.0,844.6,12.2,229.2453288,Partially cloudy,121,5.076796235591738,1.0,0.0,3,2024
2024-03-07,32.443262,75.731494,91.91595946661208,0.0,16.6,25291.579999999998,327.04,1552.1408000000001,291.97,D,25.3,11.5,18.7,51.2,0.0,0.0,1015.1,1295.36,588.8,957.44,13.8,215.9766134,Partially cloudy,143,5.537105991964583,1.0,0.0,3,2024
2024-03-08,32.443262,75.731494,277.72497566485856,0.0,16.6,14678.1,244.8,1774.4192000000003,291.6,D,26.8,12.6,19.9,50.7,0.0,0.0,1016.0,1358.76,638.82,1008.93,14.2,208.554657,Clear,149,16.73042022077461,1.0,1.0,3,2024
2024-03-09,32.443262,75.731494,199.7813778148841,0.0,18.4,24628.48,616.28,3010.9184,312.01,D,26.0,12.0,19.0,53.4,0.0,0.0,1016.0,1388.4,640.8,1014.6,14.0,219.2302952,Clear,124,10.857683576895877,1.0,1.0,3,2024
2024-03-10,32.443262,75.731494,156.8117026315294,0.0,13.0,3341.2,17.0,568.004,307.63,D,27.5,12.0,19.8,52.3,0.0,0.0,1015.4,1438.25,627.6,1035.54,15.5,212.570352,Partially cloudy,143,12.0624386639638,1.0,0.0,3,2024
2024-03-11,32.443262,75.731494,228.21679508738856,0.0,13.0,8856.81,330.48,4015.0872,300.2,D,30.2,16.0,23.2,47.4,0.0,0.0,1016.4,1431.48,758.4,1099.68,14.2,185.3465304,Partially cloudy,175,17.555138083645275,1.0,0.0,3,2024
2024-03-12,32.443262,75.731494,43.411522478473,0.0,13.0,11955.24,269.64,2487.3541,301.45,D,29.6,16.3,22.9,50.4,0.0,0.0,1014.6,1491.84,821.52,1154.16,13.3,192.9667575,Clear,170,3.3393478829594616,1.0,1.0,3,2024
2024-03-13,32.443262,75.731494,84.76066696948858,0.0,18.4,2311.8199999999997,25.34,1195.5412,292.23,D,30.2,15.1,22.3,54.9,0.0,0.0,1012.2,1657.98,828.99,1224.27,15.1,204.2852527,Partially cloudy,173,4.606557987472205,1.0,0.0,3,2024
2024-03-15,32.443262,75.731494,290.0101110382335,3.77,20.5,20232.48,597.8000000000001,3250.4640000000004,300.61,D,28.0,14.0,21.4,45.6,0.0,0.0,1014.4,1276.8,638.4,975.84,14.0,189.2782161,Clear,133,14.146834684791878,1.0,1.0,3,2024
2024-03-16,32.443262,75.731494,115.69344156907918,1.6299999999999997,13.9,14196.019999999999,172.85999999999999,1327.1627999999998,297.9,D,29.0,14.6,21.6,45.9,0.0,0.0,1015.9,1331.1,670.14,991.44,14.4,189.1143902,Partially cloudy,158,8.323269177631596,1.0,0.0,3,2024
2024-03-17,32.443262,75.731494,88.23413327404222,1.05,13.0,7573.719999999999,131.34,2055.2322,308.2,D,29.7,14.3,21.9,49.0,0.0,0.0,1015.3,1455.3,700.7,1073.1,15.4,194.8649262,Partially cloudy,179,6.787241021080171,1.0,0.0,3,2024
2024-03-18,32.443262,75.731494,438.3074801323143,1.45,13.0,10801.89,106.92,1060.5492,296.02,D,29.6,14.0,21.8,50.6,0.0,0.0,1013.8,1497.76,708.4,1103.08,15.6,198.744753,Partially cloudy,217,33.71596001017802,1.0,0.0,3,2024
2024-03-19,32.443262,75.731494,199.7705549480605,1.7799999999999998,15.7,14630.85,107.55000000000001,777.0607,296.8,D,30.2,14.6,23.0,49.2,0.0,0.0,1013.3,1485.84,718.32,1131.6,15.6,190.0696334,Clear,264,12.724239168666276,1.0,1.0,3,2024
2024-03-20,32.443262,75.731494,39.1464093237733,1.87,13.0,8396.75,105.0,1410.654,308.56,D,33.0,16.1,24.3,49.4,0.0,0.0,1013.3,1630.2,795.34,1200.42,16.9,184.4283029,Clear,242,3.011262255674869,1.0,1.0,3,2024
2024-03-21,32.443262,75.731494,69.87611815350091,1.88,18.4,10600.32,48.0,496.89,302.85,D,28.7,17.9,23.1,62.3,0.0,0.0,1013.2,1788.01,1115.17,1439.13,10.8,210.2090667,Partially cloudy,170,3.797615117038093,1.0,0.0,3,2024
2024-03-22,32.443262,75.731494,96.24861831159018,2.1,16.6,13518.0,219.20000000000002,1851.966,302.8,D,33.0,19.0,25.3,58.9,0.0,0.0,1009.8,1943.7,1119.1,1490.17,14.0,194.1893916,Clear,147,5.798109536842781,1.0,1.0,3,2024
2024-03-23,32.443262,75.731494,99.26457946971806,0.89,18.4,8575.5,121.75,1670.5074,301.22,D,33.0,18.9,26.5,51.1,0.0,0.0,1008.8,1686.3,965.79,1354.15,14.1,177.4074224,Clear,233,5.394814101615112,1.0,1.0,3,2024
2024-03-24,32.443262,75.731494,591.4418143850593,2.0,18.4,8214.72,79.92,1139.7924,315.43,D,29.0,19.0,24.6,54.6,0.085,4.17,1011.2,1583.4,1037.4,1343.16,10.0,191.9659003,"Rain, Partially cloudy",207,32.14357686875322,1.0,0.0,3,2024
2024-03-25,32.443262,75.731494,56.38410123189039,0.37,18.4,21433.23,1520.1899999999998,8209.2673,314.95,D,32.5,17.4,24.9,58.7,0.0,0.0,1012.8,1907.75,1021.38,1461.63,15.1,196.0613796,Clear,193,3.0643533278201303,1.0,1.0,3,2024
2024-03-26,32.443262,75.731494,136.31833275370246,1.37,16.6,3090.87,43.29,1651.8982999999998,313.33,D,34.0,19.0,26.4,50.7,0.0,0.0,1011.7,1723.8,963.3,1338.48,15.0,177.2052156,Partially cloudy,108,8.211947756247136,1.0,0.0,3,2024
2024-03-27,32.443262,75.731494,380.66335198251136,1.74,14.8,330.75,7.32,2421.09,294.53,D,36.0,22.0,29.0,44.3,0.0,0.0,1013.4,1594.8,974.6,1284.7,14.0,155.3497521,Partially cloudy,175,25.72049675557509,1.0,0.0,3,2024
2024-04-02,32.443262,75.731494,69.34596400550201,1.0,18.4,7983.12,66.96000000000001,928.0377,303.86,D,33.0,18.3,26.2,36.0,0.0,0.0,1008.3,1188.0,658.8,943.2,14.7,146.2907534,Partially cloudy,145,3.7688023916033706,1.0,0.0,4,2024
2024-04-03,32.443262,75.731494,404.7522077773186,1.25,11.2,5781.87,634.27,12689.504100000002,299.96,D,36.0,19.4,28.2,34.2,0.0,0.0,1008.8,1231.2,663.48,964.44,16.6,135.6845757,Partially cloudy,146,36.13858998011773,1.0,0.0,4,2024
2024-04-04,32.443262,75.731494,97.24380397120024,4.34,14.8,7759.05,66.01,968.1945,312.21,D,36.1,22.1,29.7,31.3,0.0,0.0,1008.9,1129.93,691.73,929.61,14.0,124.3121439,Partially cloudy,159,6.570527295351367,1.0,0.0,4,2024
2024-04-05,32.443262,75.731494,153.7508557193292,4.94,17.0,12853.5,162.26,1444.3274999999999,308.97,D,36.0,22.5,29.8,30.8,0.0,0.0,1008.4,1108.8,693.0,917.84,13.5,122.7731039,Partially cloudy,161,9.044167983489952,1.0,0.0,4,2024
2024-04-06,32.443262,75.731494,73.08479444773012,1.68,16.6,12105.1,358.40000000000003,3541.6064,307.96,D,34.5,21.0,28.6,29.2,0.0,0.0,1008.4,1007.4,613.2,835.12,13.5,121.1343133,Clear,167,4.402698460706633,1.0,1.0,4,2024
2024-04-07,32.443262,75.731494,81.86335790339216,1.17,18.4,22396.5,310.59,1752.615,306.91,D,36.0,19.0,28.0,28.3,0.0,0.0,1008.4,1018.8,537.7,792.4,17.0,119.8273364,Clear,229,4.4490955382278345,1.0,1.0,4,2024
2024-04-08,32.443262,75.731494,59.42327707522896,3.14,17.3,17333.37,361.59,2409.6783,301.07,D,36.1,19.9,28.9,28.9,0.0,0.0,1009.4,1043.29,575.11,835.21,16.2,119.6225977,Clear,212,3.434871507238668,1.0,1.0,4,2024
2024-04-09,32.443262,75.731494,379.4058398967238,2.2,14.8,10074.890000000001,297.25,3560.9525000000003,319.37,D,37.0,20.2,29.5,26.2,0.0,0.0,1010.0,969.4,529.24,772.9,16.8,110.6262131,Partially cloudy,203,25.63552972275161,1.0,0.0,4,2024
2024-04-10,32.443262,75.731494,64.80320075491545,1.71,12.7,6202.08,184.14000000000001,3524.8488,316.06,D,37.3,19.4,29.6,28.5,0.0,0.0,1010.1,1063.05,552.9,843.6,17.9,117.0069794,Clear,242,5.102614232670509,1.0,1.0,4,2024
2024-04-13,32.443262,75.731494,413.94925374381967,3.81,24.1,708.64,21.94,3886.8904,303.06,D,38.4,24.9,29.3,40.1,2.045,4.17,1010.0,1539.84,998.49,1174.93,13.5,146.0492524,"Rain, Partially cloudy",195,17.176317582731105,1.0,0.0,4,2024
2024-04-14,32.443262,75.731494,88.1380702721485,3.02,16.6,1360.32,9.2,782.1839999999999,302.01,D,31.3,24.0,26.4,57.8,0.896,4.17,1012.0,1809.14,1387.2,1525.92,7.3,187.2221912,"Rain, Partially cloudy",130,5.309522305551114,1.0,0.0,4,2024
2024-04-15,32.443262,75.731494,295.5002685258319,1.25,9.4,1793.6399999999999,4.4399999999999995,221.2156,287.41,N,34.0,23.1,28.6,53.8,0.0,0.0,1011.6,1829.2,1242.78,1538.68,10.9,171.8074417,Partially cloudy,240,31.436198779343822,0.0,0.0,4,2024
2024-04-16,32.443262,75.731494,92.77201379139883,4.37,20.5,4671.8,25.62,610.671,306.85,D,35.0,25.0,29.9,38.9,0.0,0.0,1010.7,1361.5,972.5,1163.11,10.0,141.6094776,Partially cloudy,268,4.525464087385309,1.0,0.0,4,2024
2024-04-17,32.443262,75.731494,276.7140036082694,2.71,20.5,13212.0,627.1200000000001,6393.14,309.67,D,35.0,22.0,29.1,28.5,0.0,0.0,1009.2,997.5,627.0,829.35,13.0,118.0592055,Partially cloudy,367,13.498244078452167,1.0,0.0,4,2024
2024-04-18,32.443262,75.731494,101.57880667610914,0.86,20.5,12558.62,76.76,667.5898,303.42,D,38.0,23.0,31.0,25.9,0.0,0.0,1007.6,984.2,595.7,802.9,15.0,107.088424,Partially cloudy,178,4.955063740298007,1.0,0.0,4,2024
2024-04-19,32.443262,75.731494,129.8462709705409,3.8,14.8,8966.36,426.4,5655.704,315.18,D,38.0,26.7,32.5,32.0,0.0,0.0,1004.7,1216.0,854.4,1040.0,11.3,119.4606068,Partially cloudy,177,8.773396687198709,1.0,0.0,4,2024
2024-04-20,32.443262,75.731494,259.7689885635275,1.6,18.4,14133.84,115.08000000000001,922.0647999999999,311.39,D,36.3,24.9,30.9,36.2,0.0,0.0,1004.7,1314.06,901.38,1118.58,11.4,132.8671001,Clear,194,14.117879813235191,1.0,1.0,4,2024
2024-04-21,32.443262,75.731494,38.470477161977406,2.29,20.5,5825.39,72.08,1452.9208,308.68,D,36.0,25.0,31.0,33.7,0.0,0.0,1006.0,1213.2,842.5,1044.7,11.0,126.988729,Partially cloudy,131,1.8766086420476784,1.0,0.0,4,2024
2024-04-22,32.443262,75.731494,104.9137943644252,2.1,18.4,15868.61,243.93,1752.2997,307.24,D,36.5,25.0,31.0,31.8,0.0,0.0,1007.0,1160.7,795.0,985.8,11.5,122.4807937,Partially cloudy,106,5.701836650240501,1.0,0.0,4,2024
2024-04-23,32.443262,75.731494,105.0591273969634,1.02,27.6,20919.0,778.0500000000001,5009.55,307.62,D,36.5,22.9,29.2,40.5,3.195,4.17,1006.5,1478.25,927.45,1182.6,13.6,147.2110639,"Rain, Partially cloudy",233,3.806490123078384,1.0,0.0,4,2024
2024-04-24,32.443262,75.731494,103.64863169688635,1.47,18.4,35623.35,426.29999999999995,1377.4361999999999,304.15,D,37.0,20.6,29.6,41.4,0.0,0.0,1006.5,1531.8,852.84,1225.44,16.4,147.6840534,Clear,214,5.633077809613389,1.0,1.0,4,2024
2024-04-25,32.443262,75.731494,99.16779379241046,4.94,20.1,34836.92,1831.1299999999999,6253.3996,317.5,D,39.0,22.0,31.4,31.1,0.0,0.0,1006.3,1212.9,684.2,976.54,17.0,119.8535378,Partially cloudy,204,4.933721084199525,1.0,0.0,4,2024
2024-04-26,32.443262,75.731494,104.05450862174962,1.6299999999999997,16.6,14108.800000000001,479.6,4229.112800000001,321.07,D,40.0,23.4,31.8,33.9,3.0,4.17,1005.0,1356.0,793.26,1078.02,16.6,125.4127102,"Rain, Partially cloudy",223,6.268343892876483,1.0,0.0,4,2024
2024-04-27,32.443262,75.731494,100.9366609403092,3.6,18.4,31460.97,663.09,2412.0077,310.27,D,38.0,24.8,31.5,37.7,0.0,0.0,1006.1,1432.6,934.96,1187.55,13.2,134.3036857,Partially cloudy,173,5.485688094582022,1.0,0.0,4,2024
2024-04-28,32.443262,75.731494,63.07436184066408,1.26,11.2,28599.480000000003,316.68,1283.5719000000001,309.12,D,37.2,24.8,31.2,31.6,0.0,0.0,1007.1,1175.52,783.68,985.92,12.4,121.5264588,Partially cloudy,222,5.631639450059294,1.0,0.0,4,2024
2024-04-29,32.443262,75.731494,117.35413448455841,1.98,16.6,28012.5,403.38000000000005,1640.25,307.85,D,37.9,24.1,30.9,36.0,0.0,0.0,1006.7,1364.4,867.6,1112.4,13.8,132.4312517,Partially cloudy,218,7.069526173768578,1.0,0.0,4,2024
2024-04-30,32.443262,75.731494,92.4482798493606,4.09,18.4,83975.94,2378.97,3383.2281999999996,320.01,D,36.0,23.0,29.7,30.2,0.0,0.0,1005.9,1087.2,694.6,896.94,13.0,121.418635,Clear,178,5.024363035291337,1.0,1.0,4,2024
2024-05-01,32.443262,75.731494,86.61442807851313,1.17,18.4,122222.72,2502.77,2454.8416,317.74,D,33.0,22.0,28.2,20.8,0.0,0.0,1004.4,686.4,457.6,586.56,11.0,95.44287009,Clear,191,4.707305873832236,1.0,1.0,5,2024
2024-05-02,32.443262,75.731494,89.53128888191804,1.34,20.5,62836.0,4000.16,7424.209999999999,316.33,D,35.2,20.4,28.7,25.1,0.0,0.0,1005.1,883.52,512.04,720.37,14.8,108.7418178,Clear,191,4.367379945459417,1.0,1.0,5,2024
2024-05-03,32.443262,75.731494,57.058235935560546,2.19,18.4,48651.119999999995,577.71,1300.6728,304.56,D,38.0,20.3,30.3,24.7,0.0,0.0,1005.8,938.6,501.41,748.41,17.7,104.8303802,Partially cloudy,301,3.100991083454378,1.0,0.0,5,2024
2024-05-04,32.443262,75.731494,36.49993422146818,2.54,14.8,520458.51,5143.71,1081.9449,304.26,D,40.0,24.8,32.7,23.9,0.0,0.0,1005.6,956.0,592.72,781.53,15.2,98.88828353,Partially cloudy,281,2.4662117717208227,1.0,0.0,5,2024
2024-05-05,32.443262,75.731494,127.91558637661944,2.82,14.8,442716.19999999995,12244.22,3120.5109999999995,309.72,D,41.0,24.8,33.8,24.4,0.0,0.0,1001.7,1000.4,605.12,824.72,16.2,98.6266569,Clear,294,8.64294502544726,1.0,1.0,5,2024
2024-05-06,32.443262,75.731494,123.59532500829845,1.8399999999999999,20.5,390791.69999999995,14504.67,4338.710999999999,312.83,D,40.1,26.0,34.1,27.8,0.0,0.0,1003.7,1114.78,722.8,947.98,14.1,106.5045303,Clear,248,6.029040244307241,1.0,1.0,5,2024
2024-05-07,32.443262,75.731494,56.29026274276234,2.57,16.6,183736.62,6733.08,4387.5336,317.64,D,41.4,25.6,34.2,33.1,0.0,0.0,1005.1,1370.34,847.36,1132.02,15.8,117.9336237,Partially cloudy,310,3.390979683298936,1.0,0.0,5,2024
2024-05-08,32.443262,75.731494,89.92468399466661,1.85,20.5,446356.80000000005,3559.0800000000004,887.3760000000002,303.99,D,36.5,28.0,32.2,50.2,0.0,0.0,1006.0,1832.3,1405.6,1616.44,8.5,152.2175257,Clear,248,4.3865699509593465,1.0,1.0,5,2024
2024-05-09,32.443262,75.731494,31.007368033061937,1.8700000000000003,20.5,614988.54,6023.34,1091.7549000000001,300.63,D,37.1,26.0,31.7,48.3,0.0,0.0,1005.6,1791.93,1255.8,1531.11,11.1,151.6602018,Clear,180,1.5125545381981431,1.0,1.0,5,2024
2024-05-10,32.443262,75.731494,30.70876995913287,0.92,27.7,285251.73000000004,5015.64,1966.3308,294.7,D,38.1,28.0,32.6,49.0,0.0,0.0,1006.6,1866.9,1372.0,1597.4,10.1,149.1963519,Partially cloudy,210,1.1086198541203205,1.0,0.0,5,2024
2024-05-11,32.443262,75.731494,287.8297908610786,2.7,27.7,300290.97,4451.37,1803.1408999999999,308.81,D,38.0,26.0,31.8,41.4,0.17,4.17,1008.8,1573.2,1076.4,1316.52,12.0,140.4240179,"Rain, Partially cloudy",300,10.390967179100311,1.0,0.0,5,2024
2024-05-12,32.443262,75.731494,41.52078201331946,1.84,13.0,95408.5,2623.4999999999995,3309.8075999999996,308.19,D,39.0,27.0,33.0,41.2,0.0,0.0,1008.4,1606.8,1112.4,1359.6,12.0,136.29329,Partially cloudy,174,3.193906308716881,1.0,0.0,5,2024
2024-05-13,32.443262,75.731494,85.39923511478325,4.18,16.6,708975.47,31626.239999999998,5288.908799999999,317.76,D,40.0,28.0,34.0,34.5,0.0,0.0,1008.5,1380.0,966.0,1173.0,12.0,121.2225388,Partially cloudy,254,5.144532235830316,1.0,0.0,5,2024
2024-05-14,32.443262,75.731494,49.02892568851004,3.09,20.5,1480178.47,13068.39,1039.8656999999998,312.85,D,40.2,25.2,33.8,29.9,0.0,0.0,1008.6,1201.98,753.48,1010.62,15.0,111.9122029,Clear,258,2.391654911634636,1.0,1.0,5,2024
2024-05-15,32.443262,75.731494,30.100695582870923,1.89,16.6,1202490.9,17725.5,1730.0794999999998,306.87,D,41.0,24.9,34.2,25.0,0.0,0.0,1008.5,1025.0,622.5,855.0,16.1,99.56007042,Clear,298,1.8132949146307784,1.0,1.0,5,2024
2024-05-16,32.443262,75.731494,42.44789996500196,3.07,13.0,713297.88,14855.25,2523.87,314.54,D,42.0,27.0,35.0,29.6,0.0,0.0,1007.5,1243.2,799.2,1036.0,15.0,108.8980708,Clear,259,3.26522307423092,1.0,1.0,5,2024
2024-05-17,32.443262,75.731494,99.18747899828902,2.02,16.6,462816.72,16277.04,4245.9612,319.38,D,44.0,27.1,36.9,26.0,0.0,0.0,1004.3,1144.0,704.6,959.4,16.9,97.90014245,Clear,249,5.975149337246326,1.0,1.0,5,2024
2024-05-18,32.443262,75.731494,305.2333022937366,2.71,18.4,467333.1,2044.54,521.1764999999999,319.02,D,44.0,28.2,37.1,25.9,0.0,0.0,1001.8,1139.6,730.38,960.89,15.8,97.39311996,Clear,291,16.588766429007425,1.0,1.0,5,2024
2024-05-19,32.443262,75.731494,314.48918494867826,1.93,18.4,125075.34,4429.62,4497.010799999999,311.82,D,45.0,29.3,38.1,23.2,0.0,0.0,1000.1,1044.0,679.76,883.92,15.7,90.23193322,Clear,244,17.091803529819472,1.0,1.0,5,2024
2024-05-20,32.443262,75.731494,280.331511765336,5.65,18.4,374568.48,5767.08,1715.9375999999997,304.47,D,44.0,30.1,37.9,23.2,0.0,0.0,1000.9,1020.8,698.32,879.28,13.9,90.46010374,Partially cloudy,279,15.235408248116087,1.0,0.0,5,2024
2024-05-21,32.443262,75.731494,167.10461863419363,4.43,18.4,224907.48,13651.47,7244.7155999999995,311.56,D,42.0,31.0,35.8,40.2,0.0,0.0,1002.2,1688.4,1246.2,1439.16,11.0,126.4529393,Partially cloudy,275,9.08177275185835,1.0,0.0,5,2024
2024-05-22,32.443262,75.731494,85.90473808150118,1.51,18.4,182327.38,2125.04,1400.3852,315.86,D,41.7,31.2,36.0,44.0,0.0,0.0,1002.1,1834.8,1372.8,1584.0,10.5,131.204477,Clear,227,4.668735765298978,1.0,1.0,5,2024
2024-05-23,32.443262,75.731494,614.8598116285018,1.16,22.3,87811.23999999999,594.5500000000001,815.638,321.87,D,40.0,30.9,35.2,45.0,0.0,0.0,1001.8,1800.0,1390.5,1584.0,9.1,135.0131583,Clear,158,27.572188862264653,1.0,1.0,5,2024
2024-05-24,32.443262,75.731494,118.7757167847152,2.47,22.3,111649.61,2108.4700000000003,2148.6647000000003,307.63,D,40.7,31.0,35.4,43.7,0.0,0.0,1001.7,1778.59,1354.7,1546.98,9.7,132.6553466,Clear,138,5.326265326668843,1.0,1.0,5,2024
2024-05-25,32.443262,75.731494,95.21974488419843,5.37,18.4,200421.0,3866.8500000000004,2264.5860000000002,302.05,D,43.0,31.0,37.3,35.8,0.0,0.0,999.8,1539.4,1109.8,1335.34,12.0,115.7084339,Clear,197,5.174986135010784,1.0,1.0,5,2024
2024-05-26,32.443262,75.731494,52.735579868371694,1.59,16.6,137464.56,2156.94,1729.9284,306.21,D,44.5,28.1,37.9,26.9,0.0,0.0,998.0,1197.05,755.89,1019.51,16.4,98.30355941,Clear,184,3.1768421607452826,1.0,1.0,5,2024
2024-05-27,32.443262,75.731494,156.16529075482853,1.97,16.6,152012.16,967.6800000000001,788.2112000000001,321.71,D,45.0,30.3,38.6,24.9,0.0,0.0,995.4,1120.5,754.47,961.14,14.7,93.24316902,Clear,251,9.407547635833044,1.0,1.0,5,2024
2024-05-28,32.443262,75.731494,20.55786612253756,1.0,16.6,195895.47999999998,5576.679999999999,3533.8698999999997,324.23,D,46.0,28.8,38.6,23.7,0.0,0.0,993.5,1090.2,682.56,914.82,17.2,90.73494384,Clear,265,1.238425670032383,1.0,1.0,5,2024
2024-05-29,32.443262,75.731494,284.72651826113344,1.85,21.5,186455.89,3079.61,1919.0980999999997,310.92,D,47.9,30.5,38.0,26.6,0.0,0.0,994.7,1274.14,811.3,1010.8,17.4,97.54634768,Partially cloudy,229,13.243093872610858,1.0,0.0,5,2024
2024-05-30,32.443262,75.731494,156.84969931558405,2.88,19.2,374340.0,19798.2,7123.47,321.13,D,46.0,32.1,39.1,22.9,0.0,0.0,997.9,1053.4,735.09,895.39,13.9,88.48465857,Partially cloudy,150,8.16925517268667,1.0,0.0,5,2024
2024-05-31,32.443262,75.731494,31.813754315131995,1.62,18.4,304492.64,1976.87,725.3008,308.64,D,46.0,29.9,38.6,24.8,0.0,0.0,999.3,1140.8,741.52,957.28,16.1,93.03688522,Clear,256,1.7290083866919563,1.0,1.0,5,2024
2024-06-01,32.443262,75.731494,84.62078448571377,1.58,18.4,253655.72,8213.46,3867.0401999999995,309.0,D,43.6,31.7,36.5,27.3,0.0,0.0,1001.2,1190.28,865.41,996.45,11.9,101.3143185,Partially cloudy,273,4.598955678571401,1.0,0.0,6,2024
2024-06-02,32.443262,75.731494,94.1205730831436,2.61,16.6,204947.4,4662.84,2764.0015,316.92,D,42.1,30.8,36.7,29.1,0.0,0.0,1002.7,1225.11,896.28,1067.97,11.3,104.7232433,Partially cloudy,180,5.669914041153228,1.0,0.0,6,2024
2024-06-03,32.443262,75.731494,302.0311644895054,2.05,15.300000000000002,76352.46,1744.92,2703.2898,316.61,D,44.0,30.8,37.2,29.1,0.0,0.0,1001.5,1280.4,896.28,1082.52,13.2,103.8449203,Partially cloudy,162,19.74059898624218,1.0,0.0,6,2024
2024-06-04,32.443262,75.731494,242.80912165909228,2.6,18.4,92175.92,946.04,1214.1082,306.85,D,44.0,31.0,37.0,32.4,0.0,0.0,1001.5,1425.6,1004.4,1198.8,13.0,110.5019617,Partially cloudy,214,13.196147916255017,1.0,0.0,6,2024
2024-06-05,32.443262,75.731494,271.5577186304428,1.62,27.7,23855.0,682.5,3853.5,296.44,D,44.0,29.8,37.8,28.2,0.0,0.0,1001.8,1240.8,840.36,1065.96,14.2,101.0570959,Partially cloudy,287,9.803527748391438,1.0,0.0,6,2024
2024-06-06,32.443262,75.731494,35.58104697917453,0.78,28.0,25901.56,519.08,2327.7323,310.89,D,40.7,26.7,33.8,39.4,0.851,4.17,1005.2,1603.58,1051.98,1331.72,14.0,130.8321577,"Rain, Partially cloudy",210,1.2707516778276615,1.0,0.0,6,2024
2024-06-07,32.443262,75.731494,39.32282892899605,0.57,18.4,49754.88,1242.72,2981.8376000000003,314.95,D,42.0,28.8,35.6,29.9,0.0,0.0,1002.6,1255.8,861.12,1064.44,13.2,108.3895197,Partially cloudy,214,2.1371102678802205,1.0,0.0,6,2024
2024-06-08,32.443262,75.731494,481.1203472029514,3.63,18.4,25878.929999999997,158.62,692.3453999999999,306.31,D,41.0,30.4,35.8,29.4,0.0,0.0,1001.5,1205.4,893.76,1052.52,10.6,106.969122,Partially cloudy,232,26.147844956682142,1.0,0.0,6,2024
2024-06-09,32.443262,75.731494,102.2817908652949,1.85,18.4,106320.23999999999,2670.8999999999996,3012.9839999999995,313.72,D,42.0,28.4,36.0,25.3,0.0,0.0,1001.3,1062.6,718.52,910.8,13.6,97.64468029,Clear,146,5.558792981809505,1.0,1.0,6,2024
2024-06-10,32.443262,75.731494,58.46953996168935,0.56,18.4,120163.68000000001,520.52,472.0716,303.19,D,43.2,30.9,37.3,23.4,0.0,0.0,1001.3,1010.88,723.06,872.82,12.3,91.60817081,Partially cloudy,127,3.1776923892222477,1.0,0.0,6,2024
2024-06-11,32.443262,75.731494,117.9241825873501,1.3,16.6,150214.57,1190.64,879.3048,305.27,D,44.0,29.5,37.2,23.9,0.0,0.0,1000.7,1051.6,705.05,889.08,14.5,92.85749772,Partially cloudy,290,7.103866420924704,1.0,0.0,6,2024
2024-06-12,32.443262,75.731494,21.145631523453,0.98,16.6,199990.9,4842.75,2810.775,313.98,D,44.1,30.4,37.6,24.0,0.0,0.0,1000.4,1058.4,729.6,902.4,13.7,92.58386995,Clear,207,1.2738332243043975,1.0,1.0,6,2024
2024-06-13,32.443262,75.73149399999998,164.23635402059068,1.44,18.4,164145.6,2136.0,1521.7665000000002,314.44,D,45.0,31.3,38.8,23.3,0.0,0.0,999.2,1048.5,729.29,904.04,13.7,89.65860999,Partially cloudy,181,8.925888805466885,1.0,0.0,6,2024
2024-06-14,32.443262,75.731494,502.3044840095509,1.9,24.0,122693.76000000001,1453.4799999999998,1391.4432,306.84,D,44.0,33.0,37.8,28.6,0.0,0.0,998.8,1258.4,943.8,1081.08,11.0,101.8407633,Partially cloudy,191,20.929353500397955,1.0,0.0,6,2024
2024-06-15,32.443262,75.731494,370.2053966813843,3.76,27.7,140673.28,1112.4,921.888,301.01,D,45.0,32.0,38.3,27.8,0.0,0.0,998.7,1251.0,889.6,1064.74,13.0,99.47629743,Partially cloudy,225,13.364815764670912,1.0,0.0,6,2024
2024-06-16,32.443262,75.731494,39.00276720340354,2.45,24.8,178072.86,4019.68,2667.6551999999997,303.46,D,45.0,33.0,39.1,27.6,0.0,0.0,999.1,1242.0,910.8,1079.16,12.0,97.865556,Clear,186,1.5726922259436913,1.0,1.0,6,2024
2024-06-17,32.443262,75.731494,15.157207329869408,1.64,23.5,140734.62,2338.59,1948.3698000000004,309.94,D,45.0,34.0,39.5,28.7,0.0,0.0,999.0,1291.5,975.8,1133.65,11.0,99.26729252,Clear,163,0.6449875459518897,1.0,1.0,6,2024
2024-06-18,32.443262,75.731494,39.471242274094664,2.57,25.2,82146.15000000001,775.17,1078.3795,309.25,D,44.0,34.8,39.5,31.1,0.0,0.0,996.8,1368.4,1082.28,1228.45,9.2,103.4273101,Partially cloudy,201,1.5663191378608996,1.0,0.0,6,2024
2024-06-19,32.443262,75.731494,177.2050964133457,0.27,27.6,79386.8,6276.7,9419.4164,310.06,D,43.0,32.4,38.9,33.1,0.0,0.0,995.0,1423.3,1072.44,1287.59,10.6,107.8653693,Partially cloudy,353,6.420474507729916,1.0,0.0,6,2024
2024-06-20,32.443262,75.731494,485.1026839186933,0.31,18.4,16820.5,295.5,1988.1831000000002,300.9,D,38.7,29.7,33.7,45.9,0.0,0.0,997.5,1776.33,1363.23,1546.83,9.0,141.1786112,Partially cloudy,173,26.364276299928985,1.0,0.0,6,2024
2024-06-21,32.443262,75.731494,514.2542961807779,0.19,14.8,9123.570000000002,159.84,2000.4272,304.79,D,38.0,27.0,31.9,60.4,3.552,4.17,999.4,2295.2,1630.8,1926.76,11.0,163.035203,"Rain, Partially cloudy",163,34.74691190410662,1.0,0.0,6,2024
2024-06-22,32.443262,75.731494,236.11552161198077,0.19,16.6,28631.679999999997,641.59,2666.5407999999998,308.67,D,38.6,29.0,33.2,55.7,0.0,0.0,999.4,2150.02,1615.3,1849.24,9.6,153.8742738,Partially cloudy,169,14.223826603131371,1.0,0.0,6,2024
2024-06-23,32.443262,75.731494,99.67744704630088,0.96,18.4,84871.65000000001,1625.97,2225.7505,301.0,D,39.1,30.0,33.5,59.2,1.556,4.17,1000.1,2314.72,1776.0,1983.2,9.1,155.1580097,"Rain, Partially cloudy",155,5.417252556864179,1.0,0.0,6,2024
2024-06-24,32.443262,75.731494,632.2140141445158,4.86,18.4,22460.100000000002,174.20000000000002,926.0472000000001,311.07,D,38.3,30.0,33.2,65.3,0.881,8.33,999.0,2500.99,1959.0,2167.96,8.3,159.2836875,"Rain, Partially cloudy",116,34.359457290462814,1.0,0.0,6,2024
2024-06-25,32.443262,75.731494,62.19383075296674,2.5,11.2,38828.79,668.07,1894.9777,298.42,D,38.9,29.1,33.8,63.3,0.0,0.0,997.8,2462.37,1842.03,2139.54,9.8,155.8677146,Partially cloudy,158,5.55302060294346,1.0,0.0,6,2024
2024-06-26,32.443262,75.731494,259.4412428842899,0.91,18.4,16254.95,331.82,2441.701,287.59,D,36.2,30.0,33.0,66.0,0.299,4.17,998.5,2389.2,1980.0,2178.0,6.2,160.416791,"Rain, Partially cloudy",146,14.100067548059236,1.0,0.0,6,2024
2024-06-27,32.443262,75.731494,284.5638739846198,1.0,22.3,1362.92,11.2,954.044,294.62,D,35.4,27.0,31.1,76.4,9.033,8.33,1001.0,2704.56,2062.8,2376.04,8.4,170.0636169,"Rain, Partially cloudy",75,12.760711837875329,1.0,0.0,6,2024
2024-06-28,32.443262,75.731494,97.50937661120392,1.03,18.4,30813.69,282.72,1007.2432,300.29,D,32.3,25.0,28.9,86.7,203.047,12.5,1000.2,2800.41,2167.5,2505.63,7.3,177.0926247,"Rain, Partially cloudy",192,5.299422641913257,1.0,0.0,6,2024
2024-06-29,32.443262,75.731494,156.8657810748015,1.48,14.0,2654.56,45.36,1881.4194,302.91,D,34.7,28.4,30.3,84.1,7.656,4.17,998.6,2918.27,2388.44,2548.23,6.3,170.7579163,"Rain, Partially cloudy",192,11.204698648200107,1.0,0.0,6,2024
2024-06-30,32.443262,75.731494,596.151674296158,1.31,14.8,661.64,6.08,1005.6928,295.46,D,36.6,28.6,32.6,76.1,0.0,0.0,998.0,2785.26,2176.46,2480.86,8.0,162.1496455,Partially cloudy,186,40.28051853352419,1.0,0.0,6,2024
2024-07-01,32.443262,75.731494,551.6331483812547,1.08,11.199999999999998,1992.42,32.82,1816.4228999999998,287.69,D,35.2,29.0,32.1,72.6,0.0,0.0,995.9,2555.52,2105.4,2330.46,6.2,165.4441545,Partially cloudy,85,49.25295967689775,1.0,0.0,7,2024
2024-07-02,32.443262,75.731494,367.0468113073429,2.76,14.800000000000002,994.56,11.73,1296.2432,296.17,D,36.0,30.8,33.0,70.0,0.6,4.17,994.2,2520.0,2156.0,2310.0,5.2,160.9851697,"Rain, Partially cloudy",128,24.80046022346912,1.0,0.0,7,2024
2024-07-03,32.443262,75.73149399999998,268.04862158834584,1.27,14.8,4978.349999999999,66.60000000000001,1473.5916,277.04,D,34.0,25.5,29.5,87.2,9.747,4.17,997.2,2964.8,2223.6,2572.4,8.5,173.0074661,"Rain, Partially cloudy",122,18.111393350563908,1.0,0.0,7,2024
2024-07-04,32.443262,75.731494,262.57133761914724,1.45,11.199999999999998,915.81,1.47,149.58229999999998,286.65,N,31.3,26.0,28.6,90.2,0.988,8.33,999.8,2823.26,2345.2,2579.72,5.3,175.6139173,"Rain, Partially cloudy",60,23.443869430281005,0.0,0.0,7,2024
2024-07-05,32.443262,75.731494,695.850190897214,2.78,18.4,333.32,4.85,1616.6019999999999,298.1,D,32.4,28.0,29.6,87.4,0.51,4.17,996.8,2831.76,2447.2,2587.04,4.4,172.2241954,"Rain, Partially cloudy",88,37.81794515745729,1.0,0.0,7,2024
2024-07-08,32.443262,75.731494,243.09276481489653,1.13,18.4,3710.6299999999997,18.7,573.461,292.91,D,31.1,26.0,28.3,83.2,0.0,0.0,1002.0,2587.52,2163.2,2354.56,5.1,183.3096115,Partially cloudy,58,13.21156330515742,1.0,0.0,7,2024
2024-07-09,32.443262,75.731494,57.253984803483945,1.01,18.4,12948.39,148.98,1268.2782,290.31,D,32.0,27.9,29.6,87.0,27.565,8.33,1002.8,2784.0,2427.3,2575.2,4.1,172.5820296,"Rain, Partially cloudy",105,3.1116296088849973,1.0,0.0,7,2024
2024-07-10,32.443262,75.731494,259.2975224755055,1.4,14.8,1322.12,5.96,492.48969999999997,300.12,D,36.0,28.0,30.8,85.0,12.24,4.17,1002.5,3060.0,2380.0,2618.0,8.0,167.1809098,"Rain, Partially cloudy",140,17.520102869966586,1.0,0.0,7,2024
2024-07-11,32.443262,75.731494,69.23788050876084,0.37,11.2,9775.36,185.92,2318.1567999999997,300.8,D,39.2,28.3,33.5,72.2,4.253,4.17,998.4,2830.24,2043.26,2418.7,10.9,158.4155244,"Rain, Partially cloudy",108,6.181953616853646,1.0,0.0,7,2024
2024-07-12,32.443262,75.731494,20.919664794035,1.27,16.6,305.45,0.52,158.834,285.69,N,33.8,29.0,31.4,64.7,0.0,0.0,997.0,2186.86,1876.3,2031.58,4.8,167.6809374,Partially cloudy,99,1.260220770725,0.0,0.0,7,2024
2024-07-13,32.443262,75.731494,551.917764327181,1.45,11.3,693.22,12.92,2239.1006,302.23,D,35.0,27.0,30.3,77.9,19.909,8.33,997.8,2726.5,2103.3,2360.37,8.0,174.036891,"Rain, Partially cloudy",96,48.84228002895407,1.0,0.0,7,2024
2024-07-14,32.443262,75.731494,75.9283678700759,1.33,13.0,6080.76,66.06,1239.7993999999999,301.12,D,35.6,28.9,32.3,73.1,0.3,8.33,997.6,2602.36,2112.59,2361.13,6.7,164.3602098,"Rain, Partially cloudy",97,5.840643682313531,1.0,0.0,7,2024
2024-07-15,32.443262,75.731494,154.76845855064258,0.59,14.8,4635.54,98.14,2321.0811,302.03,D,34.0,25.0,31.3,79.3,7.331,4.17,1000.1,2696.2,1982.5,2482.09,9.0,167.9025085,"Rain, Partially cloudy",61,10.457328280448822,1.0,0.0,7,2024
2024-07-16,32.443262,75.731494,314.39743215651225,0.68,18.4,6826.799999999999,90.0,1536.03,297.59,D,37.4,30.0,33.2,73.5,0.0,0.0,1000.6,2748.9,2205.0,2440.2,7.4,159.7156138,Partially cloudy,58,17.08681696502784,1.0,0.0,7,2024
2024-07-17,32.443262,75.731494,397.5079972100516,0.62,14.7,672.0,8.18,1374.24,295.0,D,36.0,30.9,32.7,77.1,0.0,0.0,1000.7,2775.6,2382.39,2521.17,5.1,161.2847869,Partially cloudy,77,27.04136035442528,1.0,0.0,7,2024
2024-07-18,32.443262,75.731494,328.16691812699406,1.97,18.4,2313.36,28.84,1361.5776,296.48,D,35.6,26.0,31.0,83.6,4.149,4.17,999.4,2976.16,2173.6,2591.6,9.6,167.0816164,"Rain, Partially cloudy",71,17.835158593858374,1.0,0.0,7,2024
2024-07-19,32.443262,75.731494,675.9775751349425,1.58,14.800000000000002,891.81,0.6000000000000001,59.454,276.22,N,35.0,28.2,31.5,82.9,0.0,0.0,998.2,2901.5,2337.78,2611.35,6.8,164.7434571,Partially cloudy,98,45.67416048209071,0.0,0.0,7,2024
2024-07-20,32.443262,75.73149399999998,59.01333128710296,2.56,11.2,4967.400000000001,93.75,2069.75,303.4,D,36.9,28.0,32.4,75.1,0.2,4.17,999.0,2771.19,2102.8,2433.24,8.9,163.4711811,"Rain, Partially cloudy",61,5.269047436348479,1.0,0.0,7,2024
2024-07-21,32.443262,75.731494,367.8221862930736,0.79,20.5,1343.68,21.56,1810.6088,301.62,D,36.0,29.4,32.6,77.0,5.955,4.17,998.7,2772.0,2263.8,2510.2,6.6,161.8457494,"Rain, Partially cloudy",95,17.94254567283286,1.0,0.0,7,2024
2024-07-22,32.443262,75.731494,99.71143852853127,1.03,16.6,611.62,2.64,403.66920000000005,287.18,N,35.3,27.6,30.9,84.8,27.714,8.33,999.1,2993.44,2340.48,2620.32,7.7,166.7619439,"Rain, Partially cloudy",72,6.006713164369353,0.0,0.0,7,2024
2024-07-24,32.443262,75.731494,718.7358228327988,0.38999999999999996,14.800000000000002,952.1999999999999,5.5200000000000005,584.016,288.97,N,33.0,26.0,30.0,87.5,32.565,12.5,994.8,2887.5,2275.0,2625.0,7.0,169.735012,"Rain, Partially cloudy",71,48.563231272486405,0.0,0.0,7,2024
2024-07-25,32.443262,75.731494,68.07771759555114,0.7,9.4,3351.1000000000004,44.3,1484.5373,297.03,D,35.6,27.5,31.2,83.8,9.357,8.33,994.0,2983.28,2304.5,2614.56,8.1,165.8014797,"Rain, Partially cloudy",90,7.24231038250544,1.0,0.0,7,2024
2024-07-26,32.443262,75.731494,716.5671894719331,1.84,11.199999999999998,990.39,9.48,1043.2108,299.79,D,33.0,27.1,30.9,85.7,32.459,8.33,995.4,2828.1,2322.47,2648.13,5.9,166.0368608,"Rain, Partially cloudy",66,63.97921334570832,1.0,0.0,7,2024
2024-07-27,32.443262,75.731494,86.07961395690025,0.49,16.6,1783.62,38.82,1923.3368999999996,286.99,N,35.0,29.0,31.3,85.7,0.0,0.0,997.6,2999.5,2485.3,2682.41,6.0,163.743442,Partially cloudy,110,5.18551891306628,0.0,0.0,7,2024
2024-07-29,32.443262,75.731494,84.04166266674144,1.26,16.6,1688.8999999999999,13.85,935.6505999999999,292.08,D,37.5,30.0,33.6,70.6,0.0,0.0,998.0,2647.5,2118.0,2372.16,7.5,158.0469457,Partially cloudy,73,5.062750763056713,1.0,0.0,7,2024
2024-07-30,32.443262,75.731494,278.18183138437547,1.11,13.0,2310.28,35.77,1686.5044000000003,299.82,D,39.0,31.0,34.4,68.8,0.0,0.0,999.3,2683.2,2132.8,2366.72,8.0,154.2261189,Partially cloudy,93,21.39860241418273,1.0,0.0,7,2024
2024-08-03,32.443262,75.731494,149.26115501683378,3.58,16.6,309.1,3.07,948.937,289.25,N,34.2,28.0,30.3,81.5,0.37,8.33,999.5,2787.3,2282.0,2469.45,6.2,172.421293,"Rain, Partially cloudy",62,8.991635844387577,0.0,0.0,8,2024
2024-08-04,32.443262,75.731494,396.9612522013113,1.39,18.4,660.02,8.92,1471.8446,299.1,D,34.5,27.4,30.5,77.8,4.403,4.17,1001.4,2684.1,2131.72,2372.9,7.1,172.9482068,"Rain, Partially cloudy",60,21.57398109789736,1.0,0.0,8,2024
2024-08-05,32.443262,75.731494,113.67289344546357,0.53,20.5,1669.3000000000002,14.299999999999999,954.8396,294.89,D,32.2,28.0,30.0,80.1,0.0,0.0,1000.7,2579.22,2242.8,2403.0,4.2,174.8633256,Partially cloudy,46,5.545019192461637,1.0,0.0,8,2024
2024-08-07,32.443262,75.731494,295.2659949132621,2.1,11.2,599.6,2.2,329.78000000000003,285.46,N,30.8,26.9,28.1,92.6,19.17,16.67,1000.8,2852.08,2490.94,2602.06,3.9,176.0572155,"Rain, Overcast",47,26.36303526011269,0.0,0.0,8,2024
2024-08-09,32.443262,75.731494,149.34684395132592,0.77,13.0,308.09,1.17,360.46529999999996,288.81,N,33.9,27.0,29.0,89.1,18.942,12.5,1003.3,3020.49,2405.7,2583.9,6.9,174.2619282,"Rain, Partially cloudy",52,11.488218765486607,0.0,0.0,8,2024
2024-08-10,32.443262,75.731494,154.78826359848944,1.51,13.0,1653.8,22.400000000000002,1481.8048000000001,300.51,D,31.5,27.0,28.9,90.0,0.881,8.33,1002.6,2835.0,2430.0,2601.0,4.5,173.95535,"Rain, Partially cloudy",58,11.90678950757611,1.0,0.0,8,2024
2024-08-12,32.443262,75.731494,262.8385016575158,0.77,13.0,604.56,5.34,807.0876,282.86,N,29.0,26.0,27.5,95.2,6.4,41.67,1002.7,2760.8,2475.2,2618.0,3.0,176.5983053,"Rain, Partially cloudy",45,20.21834628134737,0.0,0.0,8,2024
2024-08-13,32.443262,75.731494,677.1063743465977,1.28,14.8,675.76,9.92,1675.8848,294.07,D,32.0,26.0,28.7,91.2,56.818,16.67,1003.5,2918.4,2371.2,2617.44,6.0,173.8922096,"Rain, Partially cloudy",50,45.75043069909444,1.0,0.0,8,2024
2024-08-14,32.443262,75.731494,289.89937107583296,0.75,14.8,661.0,12.86,2125.115,295.18,D,34.8,27.9,30.6,83.8,0.0,0.0,1003.7,2916.24,2338.02,2564.28,6.9,169.2331045,Partially cloudy,57,19.587795342961684,1.0,0.0,8,2024
2024-08-15,32.443262,75.731494,211.8729698623503,0.88,18.4,305.75,0.8,244.60000000000002,291.34,N,33.0,27.0,29.9,90.2,12.913,20.83,1002.8,2976.6,2435.4,2696.98,6.0,167.6204475,"Rain, Partially cloudy",68,11.514835318605996,0.0,0.0,8,2024
2024-08-17,32.443262,75.731494,99.5694948521879,4.51,11.2,299.43,2.07,619.8200999999999,279.54,N,34.0,28.0,30.2,83.8,1.642,8.33,1004.4,2849.2,2346.4,2530.76,6.0,171.5537167,"Rain, Partially cloudy",58,8.890133468945349,0.0,0.0,8,2024
2024-08-18,32.443262,75.731494,131.32400617134115,0.28,16.6,1664.0,36.9,2456.064,290.43,D,33.6,28.0,30.7,81.2,0.0,0.0,1004.9,2728.32,2273.6,2492.84,5.6,170.3026631,Partially cloudy,67,7.911084709116936,1.0,0.0,8,2024
2024-08-21,32.443262,75.731494,585.2330179327939,3.0,13.0,1724.65,54.400000000000006,3752.8384000000005,298.62,D,35.5,27.0,30.4,77.2,0.0,0.0,1005.3,2740.6,2084.4,2346.88,8.5,173.6986688,Partially cloudy,59,45.01792445636876,1.0,0.0,8,2024
2024-08-22,32.443262,75.731494,277.24297809163954,1.29,13.0,1035.42,17.19,1977.6521999999998,294.57,D,35.8,28.0,31.0,76.2,3.403,4.17,1004.0,2727.96,2133.6,2362.2,7.8,170.6628559,"Rain, Partially cloudy",77,21.32638293012612,1.0,0.0,8,2024
2024-08-23,32.443262,75.731494,56.34811013929187,1.34,11.2,613.44,1.92,294.45120000000003,286.03,N,31.0,27.0,28.3,87.0,0.0,0.0,1005.1,2697.0,2349.0,2462.1,4.0,180.5486856,Partially cloudy,63,5.031081262436774,0.0,0.0,8,2024
2024-08-24,32.443262,75.731494,614.0282143521058,0.4,11.2,340.06,7.71,2621.8626,299.9,D,34.6,26.9,30.3,82.2,0.0,0.0,1004.2,2844.12,2211.18,2490.66,7.7,172.0144298,Partially cloudy,55,54.82394771000945,1.0,0.0,8,2024
2024-08-25,32.443262,75.731494,273.65137627537536,2.15,15.8,2311.0499999999997,52.57,2479.426499999999,300.64,D,33.8,26.0,30.4,79.0,1.407,4.17,1002.0,2670.2,2054.0,2401.6,7.8,173.0618502,"Rain, Partially cloudy",51,17.319707359200972,1.0,0.0,8,2024
2024-08-28,32.443262,75.731494,23.023904979573235,0.62,16.6,1004.97,12.09,1350.0097,289.43,D,33.2,25.0,28.0,88.5,12.556,12.5,1004.0,2938.2,2212.5,2478.0,8.2,181.0930169,"Rain, Partially cloudy",54,1.386982227685135,1.0,0.0,8,2024
2024-08-30,32.443262,75.731494,262.4236644288409,1.8500000000000003,18.4,935.28,4.89,508.1688,291.43,N,34.0,25.8,29.4,82.8,0.299,4.17,1006.2,2815.2,2136.24,2434.32,8.2,176.9181736,"Rain, Partially cloudy",107,14.262155675480484,0.0,0.0,8,2024
2024-08-31,32.443262,75.731494,429.48260036822336,0.28,14.8,5644.85,79.39,1550.6735,302.09,D,35.0,27.0,30.8,80.1,0.0,0.0,1005.5,2803.5,2162.7,2467.08,8.0,170.3112014,Partially cloudy,82,29.01909461947455,1.0,0.0,8,2024
2024-09-01,32.443262,75.731494,119.63791461171289,0.43,11.2,4301.31,34.84,886.7316,299.3,D,35.0,28.0,31.7,76.9,0.0,0.0,1004.9,2691.5,2153.2,2437.73,7.0,166.6627157,Partially cloudy,68,10.68195666176008,1.0,0.0,9,2024
2024-09-02,32.443262,75.731494,387.19565607247074,1.3500000000000003,13.0,1990.7400000000002,70.32000000000001,3888.5788000000007,298.54,D,32.2,27.0,29.3,86.6,19.744,8.33,1006.0,2788.52,2338.2,2537.38,5.2,174.7398396,"Rain, Partially cloudy",73,29.784281236343904,1.0,0.0,9,2024
2024-09-04,32.443262,75.731494,149.25050375562674,0.17,14.8,298.44,0.73,217.8612,275.86,N,31.9,24.8,27.0,90.6,11.128,12.5,1004.1,2890.14,2246.88,2446.2,7.1,185.4436756,"Rain, Partially cloudy",66,10.084493497001809,0.0,0.0,9,2024
2024-09-05,32.443262,75.731494,45.57593244161768,0.46,7.6,620.58,4.78,741.5931,289.5,N,32.2,24.0,28.3,85.4,0.747,4.17,1002.3,2749.88,2049.6,2416.82,8.2,181.8247927,"Rain, Partially cloudy",66,5.996833216002327,0.0,0.0,9,2024
2024-09-06,32.443262,75.731494,396.55707854337487,0.67,15.7,671.42,6.6,1107.8429999999998,297.81,D,32.0,25.8,28.1,87.4,31.474,4.17,1003.7,2796.8,2254.92,2455.94,6.2,181.4570811,"Rain, Partially cloudy",97,25.258412646074834,1.0,0.0,9,2024
2024-09-07,32.443262,75.731494,374.4543797666733,0.9,20.5,610.66,1.32,201.5178,292.47,N,32.9,26.0,27.4,88.7,2.452,8.33,1004.9,2918.23,2306.2,2430.38,6.9,184.7351328,"Rain, Overcast",70,18.26606730569138,0.0,0.0,9,2024
2024-09-08,32.443262,75.731494,388.6937144899634,0.46,13.0,999.78,16.200000000000003,1799.604,289.68,D,29.0,26.0,27.2,95.2,0.26,8.33,1004.7,2760.8,2475.2,2589.44,3.0,178.5724663,"Rain, Partially cloudy",68,29.899516499227957,1.0,0.0,9,2024
2024-09-09,32.443262,75.731494,374.52297249757504,0.9,16.6,2009.34,10.620000000000001,592.7553,299.79,D,33.8,26.0,28.8,89.9,2.24,4.17,1002.6,3038.62,2337.4,2589.12,7.8,174.6818837,"Rain, Partially cloudy",88,22.56162484925151,1.0,0.0,9,2024
2024-09-10,32.443262,75.731494,586.1007469507383,0.58,18.4,1022.49,20.1,2283.561,308.69,D,34.3,25.0,28.1,88.1,6.747,4.17,1002.0,3021.83,2202.5,2475.61,9.3,180.8323125,"Rain, Partially cloudy",91,31.85330146471404,1.0,0.0,9,2024
2024-09-11,32.443262,75.731494,373.363982379581,1.33,9.4,1684.1499999999999,15.3,1030.6997999999999,302.11,D,32.0,26.0,28.4,87.0,1.821,4.17,1001.8,2784.0,2262.0,2470.8,6.0,179.9256659,"Rain, Partially cloudy",66,39.71957259357245,1.0,0.0,9,2024
2024-09-12,32.443262,75.731494,612.6304323054909,2.28,18.4,1695.5,56.6,3838.612,304.04,D,29.0,24.0,26.1,95.4,16.134,16.67,1000.6,2766.6,2289.6,2489.94,5.0,185.6829354,"Rain, Overcast",59,33.295132190515815,1.0,0.0,9,2024
2024-09-13,32.443262,75.731494,365.4723340392471,1.45,22.3,2815.84,101.84,4480.705400000001,298.7,D,27.0,23.0,24.0,98.5,57.1,45.83,1001.5,2659.5,2265.5,2364.0,4.0,195.9804625,"Rain, Overcast",45,16.38889390310525,1.0,0.0,9,2024
2024-09-14,32.443262,75.731494,396.49906421289353,0.10000000000000002,16.6,4015.92,102.84,2868.0362000000005,292.88,D,31.0,23.0,26.5,87.5,1.0,8.33,1003.5,2712.5,2012.5,2318.75,8.0,191.6459377,"Rain, Partially cloudy",50,23.885485795957443,1.0,0.0,9,2024
2024-09-15,32.443262,75.731494,613.0747982533477,0.5,20.5,3730.43,44.989999999999995,1387.0417,310.94,D,32.0,25.0,28.0,81.8,0.2,4.17,1004.3,2617.6,2045.0,2290.4,7.0,185.923452,"Rain, Partially cloudy",86,29.906087719675497,1.0,0.0,9,2024
2024-09-16,32.443262,75.731494,332.6552653233156,0.69,20.5,6383.81,78.66,1390.9986,302.45,D,32.0,26.0,28.8,77.8,0.0,0.0,1005.8,2489.6,2022.8,2240.64,6.0,182.6822237,Partially cloudy,110,16.22708611333247,1.0,0.0,9,2024
2024-09-17,32.443262,75.731494,535.9176338116836,0.5,13.0,4746.0,55.72,1349.22,310.91,D,33.0,26.0,29.0,78.1,0.0,0.0,1007.3,2577.3,2030.6,2264.9,7.0,181.4263023,Partially cloudy,144,41.2244333701295,1.0,0.0,9,2024
2024-09-18,32.443262,75.731494,371.9200206265625,0.45,18.4,2064.66,65.4,3750.7990000000004,300.6,D,29.0,23.0,25.8,90.1,7.597,12.5,1005.8,2612.9,2072.3,2324.58,6.0,193.9378819,"Rain, Overcast",116,20.213044599269704,1.0,0.0,9,2024
2024-09-19,32.443262,75.731494,173.87760036120224,0.8400000000000001,20.5,1643.0500000000002,9.549999999999999,627.6451,290.47,D,30.8,23.0,26.7,88.8,2.597,8.33,1005.6,2735.04,2042.4,2370.96,7.8,189.1913434,"Rain, Partially cloudy",48,8.481834163961086,1.0,0.0,9,2024
2024-09-20,32.443262,75.731494,391.8044581066526,1.0,11.2,5562.06,96.9,1864.9260000000002,293.67,D,34.4,25.5,29.1,76.3,0.0,0.0,1005.7,2624.72,1945.65,2220.33,8.9,181.2910971,Partially cloudy,96,34.9825409023797,1.0,0.0,9,2024
2024-09-21,32.443262,75.731494,421.4218343354544,1.8800000000000001,9.4,12348.380000000001,316.35,2853.4770000000003,299.34,D,34.6,26.0,30.0,75.8,0.0,0.0,1006.9,2622.68,1970.8,2274.0,8.6,176.2824959,Partially cloudy,110,44.83211003568663,1.0,0.0,9,2024
2024-09-22,32.443262,75.731494,130.59914701277285,1.14,8.2,25069.5,190.5,849.0204,301.35,D,35.0,27.0,30.9,74.6,0.0,0.0,1006.4,2611.0,2014.2,2305.14,8.0,171.5416151,Partially cloudy,196,15.926725245460103,1.0,0.0,9,2024
2024-09-23,32.443262,75.731494,107.24028622220028,0.2,11.2,11957.4,112.67999999999999,1039.6294999999998,299.46,D,35.9,27.0,30.9,78.6,0.0,0.0,1005.9,2821.74,2122.2,2428.74,8.9,170.4202888,Partially cloudy,167,9.575025555553598,1.0,0.0,9,2024
2024-09-24,32.443262,75.731494,156.22935113769853,1.56,9.4,11761.400000000001,191.8,1841.4992000000002,299.07,D,36.3,28.0,31.7,75.7,0.0,0.0,1004.7,2747.91,2119.6,2399.69,8.3,167.0124884,Partially cloudy,146,16.620143738053034,1.0,0.0,9,2024
2024-09-25,32.443262,75.731494,131.63318233128152,1.7,18.4,8963.73,108.53999999999999,1334.5998000000002,291.5,D,36.4,28.0,30.9,77.6,0.0,0.0,1004.8,2824.64,2172.8,2397.84,8.4,170.7917157,Partially cloudy,190,7.153977300613127,1.0,0.0,9,2024
2024-09-26,32.443262,75.731494,180.2900249526395,1.99,14.8,2719.44,38.32,1628.2647,294.41,D,34.1,26.0,29.6,78.9,0.06,4.17,1005.0,2690.49,2051.4,2335.44,8.1,177.6719794,"Rain, Partially cloudy",96,12.181758442745911,1.0,0.0,9,2024
2024-09-27,32.443262,75.73149399999998,119.9887297314343,1.27,18.4,5025.45,30.6,683.4612,298.72,D,33.0,26.0,29.3,75.6,0.0,0.0,1004.9,2494.8,1965.6,2215.08,7.0,180.2683842,Partially cloudy,72,6.521126615838822,1.0,0.0,9,2024
2024-09-28,32.443262,75.731494,14.288128158199497,2.9,14.8,3662.8900000000003,24.97,755.8873,291.83,D,32.6,24.0,27.9,77.7,0.0,0.0,1006.9,2533.02,1864.8,2167.83,8.6,188.0386261,Partially cloudy,62,0.9654140647432092,1.0,0.0,9,2024
2024-09-29,32.443262,75.731494,103.12421341508828,0.6900000000000001,14.8,2348.5699999999997,34.23,1640.6438999999998,296.36,D,33.1,25.0,28.8,77.5,0.0,0.0,1009.2,2565.25,1937.5,2232.0,8.1,182.7618869,Partially cloudy,66,6.967852257776235,1.0,0.0,9,2024
2024-09-30,32.443262,75.731494,377.30842839852335,1.48,14.8,4301.83,55.120000000000005,1403.0584000000001,294.95,D,33.7,25.0,29.4,77.6,0.0,0.0,1008.4,2615.12,1940.0,2281.44,8.7,179.2544502,Partially cloudy,125,25.493812729629955,1.0,0.0,9,2024
2024-10-01,32.443262,75.731494,497.81573219770337,0.33,16.6,10394.61,82.77,895.2777,309.45,D,34.3,25.0,29.6,77.6,0.0,0.0,1005.7,2661.68,1940.0,2296.96,9.3,178.106188,Clear,136,29.988899529982127,1.0,1.0,10,2024
2024-10-02,32.443262,75.731494,559.6924029729461,0.63,14.8,19769.88,162.98,957.8166,315.83,D,35.9,26.0,30.7,67.4,0.0,0.0,1005.1,2419.66,1752.4,2069.18,9.9,172.1317387,Clear,162,37.817054254928784,1.0,1.0,10,2024
2024-10-03,32.443262,75.731494,78.61298271221337,1.7,16.6,34977.840000000004,1153.6200000000001,3878.4252,308.34,D,35.6,27.0,30.3,61.7,0.0,0.0,1004.4,2196.52,1665.9,1869.51,8.6,171.4264795,Clear,156,4.735721850133335,1.0,1.0,10,2024
2024-10-04,32.443262,75.731494,65.89600279909467,1.23,16.6,11314.519999999999,99.28,971.7176,303.95,D,35.2,25.9,30.4,66.1,0.0,0.0,1005.6,2326.72,1711.99,2009.44,9.3,173.2254137,Clear,174,3.969638722837028,1.0,1.0,10,2024
2024-10-05,32.443262,75.731494,174.01187295744225,0.45999999999999996,18.4,13564.439999999999,68.88,555.8112,300.71,D,35.2,26.7,30.2,67.7,0.0,0.0,1007.7,2383.04,1807.59,2044.54,8.5,174.7975828,Partially cloudy,123,9.457167008556643,1.0,0.0,10,2024
2024-10-06,32.443262,75.731494,171.11154732708886,1.63,16.6,12503.9,456.38,3951.8905,294.27,D,35.1,25.8,29.9,61.0,0.0,0.0,1011.3,2141.1,1573.8,1823.9,9.3,172.8824552,Clear,136,10.307924537776437,1.0,1.0,10,2024
2024-10-07,32.443262,75.731494,84.38135068529724,0.87,11.2,21605.12,153.6,810.1919999999999,301.42,D,34.7,24.0,29.2,66.3,0.0,0.0,1013.4,2300.61,1591.2,1935.96,10.7,179.5134242,Clear,109,7.534049168330111,1.0,1.0,10,2024
2024-10-08,32.443262,75.731494,82.18142736760578,1.1,11.2,52242.98,3441.29,7884.8842,311.58,D,34.7,23.0,28.8,64.2,0.0,0.0,1012.9,2227.74,1476.6,1848.96,11.7,180.5223677,Clear,150,7.33762744353623,1.0,1.0,10,2024
2024-10-09,32.443262,75.731494,87.79657881351079,0.55,14.8,24619.98,289.08,1335.5496,306.79,D,33.8,23.0,28.2,64.6,0.0,0.0,1011.0,2183.48,1485.8,1821.72,10.8,183.9042882,Clear,71,5.932201271183161,1.0,1.0,10,2024
2024-10-10,32.443262,75.731494,72.65868451144341,0.72,14.800000000000002,17526.57,106.0,661.38,302.3,D,33.7,22.0,27.8,60.2,0.0,0.0,1010.2,2028.74,1324.4,1673.56,11.7,182.6400031,Clear,116,4.909370575097528,1.0,1.0,10,2024
2024-10-11,32.443262,75.731494,87.71995926866458,2.25,14.8,32820.479999999996,147.51,493.96479999999997,302.87,D,32.4,21.0,26.8,61.6,0.0,0.0,1010.3,1995.84,1293.6,1650.88,11.4,189.0685199,Clear,151,5.927024274909769,1.0,1.0,10,2024
2024-10-12,32.443262,75.731494,24.66672072422352,2.13,14.799999999999999,53628.48,390.42,797.8064,303.69,D,33.5,20.9,27.1,59.7,0.0,0.0,1010.9,1999.95,1247.73,1617.87,12.6,185.7216295,Clear,162,1.6666703192042918,1.0,1.0,10,2024
2024-10-13,32.443262,75.731494,122.14374614214672,1.09,14.8,102105.2,2394.64,2790.6455,296.33,D,34.3,21.5,27.5,53.3,0.0,0.0,1011.6,1828.19,1145.95,1465.75,12.8,176.1515327,Partially cloudy,171,8.25295582041532,1.0,0.0,10,2024
2024-10-14,32.443262,75.731494,85.65966953642199,1.8699999999999999,16.6,45581.27,475.39000000000004,1154.5037,299.58,D,33.5,21.0,27.0,52.6,0.0,0.0,1012.2,1762.1,1104.6,1420.2,12.5,177.4458349,Partially cloudy,180,5.160221056410963,1.0,0.0,10,2024
2024-10-15,32.443262,75.731494,70.95857558333155,1.11,13.0,35403.090000000004,273.92,847.0272,305.02,D,33.0,19.8,26.5,53.9,0.0,0.0,1011.4,1778.7,1067.22,1428.35,13.2,181.6651842,Clear,189,5.458351967948581,1.0,1.0,10,2024
2024-10-16,32.443262,75.731494,178.45660969062826,2.06,7.599999999999999,17669.67,194.51,1223.5412999999999,307.92,D,34.6,20.3,27.1,55.3,0.0,0.0,1010.1,1913.38,1122.59,1498.63,14.3,180.702867,Partially cloudy,227,23.48113285403004,1.0,0.0,10,2024
2024-10-17,32.443262,75.731494,288.2786168383186,0.7,7.6,38203.0,681.9499999999999,1969.946,296.21,D,35.0,21.7,27.9,55.5,0.0,0.0,1010.6,1942.5,1204.35,1548.45,13.3,177.1504559,Partially cloudy,291,37.931396952410346,1.0,0.0,10,2024
2024-10-18,32.443262,75.731494,119.78787695780096,1.79,8.0,55135.079999999994,1161.54,2440.2378,305.89,D,35.2,21.1,27.9,54.2,0.0,0.0,1010.4,1907.84,1143.62,1512.18,14.1,175.5177696,Clear,320,14.97348461972512,1.0,1.0,10,2024
2024-10-19,32.443262,75.731494,103.9494970787994,1.12,13.0,67496.28,335.32,554.6723999999999,305.82,D,35.7,21.3,28.3,54.4,0.0,0.0,1010.8,1942.08,1158.72,1539.52,14.4,173.9311059,Clear,252,7.996115159907646,1.0,1.0,10,2024
2024-10-20,32.443262,75.731494,163.90825251123678,2.04,13.0,49848.0,615.0,1362.512,302.15,D,34.8,21.8,27.9,64.0,0.0,0.0,1011.9,2227.2,1395.2,1785.6,13.0,185.1124208,Clear,256,12.608327116248985,1.0,1.0,10,2024
2024-10-21,32.443262,75.731494,132.2570934876717,0.42,14.8,18261.649999999998,116.05,700.5832999999999,303.92,D,33.5,21.8,27.2,69.4,0.0,0.0,1012.5,2324.9,1512.92,1887.68,11.7,191.6791536,Clear,239,8.936290100518358,1.0,1.0,10,2024
2024-10-28,32.443262,75.731494,205.62742073718653,1.33,11.199999999999998,71967.64,616.9200000000001,987.8577000000002,305.65,D,33.3,21.6,27.1,65.2,0.0,0.0,1009.0,2171.16,1408.32,1766.92,11.7,190.1891274,Clear,236,18.3595911372488,1.0,1.0,10,2024
2024-10-29,32.443262,75.731494,68.67652019885467,1.3,11.2,231128.0,6773.52,3508.44,305.55,D,34.6,21.8,27.6,67.2,0.0,0.0,1009.3,2325.12,1464.96,1854.72,12.8,188.5400187,Clear,234,6.131832160612025,1.0,1.0,10,2024
2024-10-30,32.443262,75.731494,191.8489163196235,2.28,9.4,112614.78,2374.7400000000002,2397.2787000000003,310.89,D,35.0,22.0,28.1,61.3,0.0,0.0,1009.9,2145.5,1348.6,1722.53,13.0,182.0719089,Clear,298,20.40945918293867,1.0,1.0,10,2024
2024-10-31,32.443262,75.731494,155.29467935070144,0.73,16.6,146058.36000000002,833.28,646.1568,307.86,D,33.0,22.1,26.9,63.8,0.0,0.0,1011.8,2105.4,1409.98,1716.22,10.9,190.3208109,Clear,268,9.355101165704903,1.0,1.0,10,2024
2024-11-01,32.443262,75.731494,256.37860010503334,1.87,16.6,280988.2,3178.9,1296.6082000000001,303.72,D,32.6,18.0,25.1,55.1,0.0,0.0,1012.6,1796.26,991.8,1383.01,14.6,190.2122688,Clear,275,15.444493982230924,1.0,1.0,11,2024
2024-11-02,32.443262,75.731494,27.321374469425567,1.58,7.6,162123.26,3164.36,2245.3054,299.44,D,32.6,18.5,25.0,56.7,0.0,0.0,1013.7,1848.42,1048.95,1417.5,14.1,192.9656712,Clear,258,3.5949176933454696,1.0,1.0,11,2024
2024-11-03,32.443262,75.731494,533.7423790563329,3.72,9.4,180762.62,694.02,433.4271,309.64,D,31.6,17.8,24.3,58.5,0.0,0.0,1014.7,1848.6,1041.3,1421.55,13.8,199.0050351,Clear,275,56.78110415492903,1.0,1.0,11,2024
2024-11-04,32.443262,75.731494,111.7882804593934,2.79,7.6,163609.36,2893.36,2124.8419,307.63,D,31.0,18.0,23.8,63.7,0.0,0.0,1013.1,1974.7,1146.6,1516.06,13.0,207.5919645,Clear,326,14.708984270972817,1.0,1.0,11,2024
2024-11-05,32.443262,75.731494,85.47385157351363,2.28,11.2,110644.4,723.72,753.468,306.64,D,31.3,18.4,24.3,64.4,0.0,0.0,1015.1,2015.72,1184.96,1564.92,12.9,205.3346017,Clear,337,7.631593890492288,1.0,1.0,11,2024
2024-11-06,32.443262,75.731494,156.51439935267194,1.08,7.6000000000000005,115856.64,969.54,977.4336000000001,299.33,D,31.2,18.5,24.3,66.4,0.0,0.0,1015.3,2071.68,1228.4,1613.52,12.7,206.9229718,Clear,355,20.593999914825257,1.0,1.0,11,2024
2024-11-07,32.443262,75.731494,221.4829162487604,0.95,7.6,155588.62,2672.4500000000003,1858.5110000000002,295.09,D,30.9,19.5,24.7,68.5,0.0,0.0,1014.5,2116.65,1335.75,1691.95,11.4,205.8817307,Clear,394,29.14248898010005,1.0,1.0,11,2024
2024-11-09,32.443262,75.731494,142.43378795917175,1.52,11.2,349831.3,2691.0099999999998,872.0529999999999,308.53,D,31.4,19.7,25.0,70.6,0.0,0.0,1014.3,2216.84,1390.82,1765.0,11.7,205.0580187,Clear,319,12.717302496354622,1.0,1.0,11,2024
2024-11-10,32.443262,75.731494,116.6187257085658,1.7600000000000002,7.6,107952.0,1164.8,1227.9540000000002,305.99,D,30.4,19.8,24.5,73.7,0.0,0.0,1014.3,2240.48,1459.26,1805.65,10.6,209.061102,Clear,334,15.344569172179712,1.0,1.0,11,2024
2024-11-11,32.443262,75.731494,145.12391087897072,1.18,5.4,79127.19,727.5899999999999,1024.9809,298.94,D,31.1,18.8,24.5,72.2,0.0,0.0,1014.3,2245.42,1357.36,1768.9,12.3,208.6850215,Clear,330,26.8747983109205,1.0,1.0,11,2024
2024-11-12,32.443262,75.731494,69.75317095353967,3.09,14.8,45285.75,464.4,1153.9479999999999,305.41,D,32.0,19.2,24.6,65.2,0.0,0.0,1013.9,2086.4,1251.84,1603.92,12.8,204.2607654,Clear,347,4.713052091455382,1.0,1.0,11,2024
2024-11-13,32.443262,75.731494,481.8210776878688,1.89,10.1,133356.96,1045.44,889.0464000000001,307.18,D,26.6,18.0,21.3,84.3,0.0,0.0,1013.3,2242.38,1517.4,1795.59,8.6,229.7876451,Partially cloudy,369,47.70505719681869,1.0,0.0,11,2024
2024-11-14,32.443262,75.731494,466.8894680370132,1.78,7.6,121821.56999999999,1607.58,1589.5805999999998,307.69,D,28.2,17.3,22.1,74.4,0.0,0.0,1015.5,2098.08,1287.12,1644.24,10.9,224.8401007,Clear,381,61.43282474171227,1.0,1.0,11,2024
2024-11-15,32.443262,75.731494,152.90047806791495,2.28,14.799999999999999,57807.479999999996,706.9200000000001,1381.3299,304.81,D,30.0,16.8,22.7,66.6,0.0,0.0,1014.5,1998.0,1118.88,1511.82,13.2,216.7094822,Clear,421,10.331113382967226,1.0,1.0,11,2024
2024-11-16,32.443262,75.731494,65.82732599063895,0.42,10.1,12252.92,79.18,708.6824000000001,300.29,D,28.8,16.7,22.0,67.7,0.0,0.0,1013.4,1949.76,1130.59,1489.4,12.1,221.9389641,Clear,391,6.517557028776134,1.0,1.0,11,2024
2024-11-17,32.443262,75.731494,32.33458706193557,0.98,16.6,176881.41,1470.8700000000001,922.7147,295.46,D,26.4,16.0,20.3,76.5,0.0,0.0,1014.3,2019.6,1224.0,1552.95,10.4,237.7776408,Partially cloudy,391,1.9478666904780464,1.0,0.0,11,2024
2024-11-18,32.443262,75.731494,325.8586639594775,0.99,14.0,363581.72000000003,8489.64,2789.0727,305.86,D,23.0,16.0,18.3,85.6,0.0,0.0,1016.0,1968.8,1369.6,1566.48,7.0,252.0530395,Partially cloudy,468,23.275618854248396,1.0,0.0,11,2024
2024-11-19,32.443262,75.731494,195.45163535819088,0.4,9.4,271348.44,4545.16,1946.4819,305.97,D,24.0,14.0,18.2,70.9,0.0,0.0,1016.9,1701.6,992.6,1290.38,10.0,249.8010092,Partially cloudy,453,20.792727165764987,1.0,0.0,11,2024
2024-11-20,32.443262,75.731494,206.52244989030336,0.99,9.4,184226.40000000002,1166.4,736.9056,299.2,D,25.0,13.0,18.5,64.2,0.0,0.0,1016.0,1605.0,834.6,1187.7,12.0,240.7298479,Clear,403,21.970473392585465,1.0,1.0,11,2024
2024-11-21,32.443262,75.731494,393.333926956043,0.8,9.4,79143.29999999999,935.3,1340.3844,301.29,D,26.0,12.0,18.2,59.5,0.0,0.0,1015.4,1547.0,714.0,1082.9,14.0,235.5549209,Clear,354,41.84403478255776,1.0,1.0,11,2024
2024-11-22,32.443262,75.731494,264.4009054269894,1.62,7.6,90919.4,1222.0,1643.5430000000001,299.43,D,26.1,12.6,18.5,66.5,0.0,0.0,1015.1,1735.65,837.9,1230.25,13.5,243.5228474,Clear,392,34.78959281934072,1.0,1.0,11,2024
2024-11-23,32.443262,75.731494,37.33955060635789,3.12,7.6,87828.95,1613.85,2018.4087,292.45,D,28.0,12.7,19.6,64.3,0.0,0.0,1015.5,1800.4,816.61,1260.28,15.3,233.7753921,Clear,394,4.913098763994459,1.0,1.0,11,2024
2024-11-24,32.443262,75.731494,159.58214520435666,3.23,14.800000000000002,73482.70999999999,1160.9499999999998,1811.6705,301.44,D,28.0,13.6,20.3,59.6,0.0,0.0,1015.3,1668.8,810.56,1209.88,14.4,223.0557515,Clear,297,10.782577378672748,1.0,1.0,11,2024
2024-11-25,32.443262,75.731494,220.37498724281224,3.55,14.8,77816.7,374.40000000000003,532.08,301.96,D,25.4,15.0,19.1,69.6,0.0,0.0,1015.3,1767.84,1044.0,1329.36,10.4,242.5023363,Clear,365,14.890201840730557,1.0,1.0,11,2024
2024-11-26,32.443262,75.731494,134.11207422121663,2.58,13.0,32859.549999999996,2340.8,8522.7296,306.01,D,25.8,13.6,18.6,65.9,0.0,0.0,1015.5,1700.22,896.24,1225.74,12.2,242.1718637,Clear,315,10.316313401632048,1.0,1.0,11,2024
2024-11-27,32.443262,75.731494,283.8425589859725,1.54,11.2,38021.4,387.71999999999997,1263.8595,300.02,D,26.2,12.5,18.4,61.0,0.0,0.0,1015.0,1598.2,762.5,1122.4,13.7,236.7695948,Clear,241,25.343085623747548,1.0,1.0,11,2024
2024-11-28,32.443262,75.731494,184.0386457908965,2.47,9.4,30788.72,508.76000000000005,1850.6698000000001,299.77,D,25.8,11.5,17.9,63.1,0.0,0.0,1016.8,1627.98,725.65,1129.49,14.3,243.1170352,Clear,293,19.578579339457075,1.0,1.0,11,2024
2024-11-29,32.443262,75.731494,123.82290741270884,0.59,7.6,32677.92,192.06,640.3552,302.54,D,25.0,10.6,18.0,60.0,0.0,0.0,1017.4,1500.0,636.0,1080.0,14.4,237.6383442,Clear,316,16.292487817461694,1.0,1.0,11,2024
2024-11-30,32.443262,75.731494,62.34305825168241,1.13,11.2,41939.21,346.71,901.5279,301.4,D,25.0,11.0,18.0,63.3,0.0,0.0,1015.5,1582.5,696.3,1139.4,14.0,242.7538009,Clear,351,5.566344486757358,1.0,1.0,11,2024
