model,rmse,mae
LinearRegression,51.15234088506932,30.147832769673933
RandomForest,30.908093834477633,20.99896174863388
