date,avg_aqi,mean_temp,humidity,mean_wind_kmh,std_wind_kmh,fire_count,total_frp
2020-01-01,,,,,,486.0,1569.68
2020-01-02,,,,,,319.0,1003.92
2020-01-03,,,,,,299.0,837.23
2020-01-04,,,,,,361.0,1060.21
2020-01-05,,,,,,698.0,1964.12
2020-01-06,,,,,,725.0,2045.32
2020-01-07,,,,,,725.0,1863.08
2020-01-08,,,,,,336.0,1031.59
2020-01-09,,,,,,343.0,894.09
2020-01-10,,,,,,696.0,1922.67
2020-01-11,,,,,,849.0,2821.6
2020-01-12,,,,,,991.0,2695.06
2020-01-13,,,,,,966.0,3172.75
2020-01-14,,,,,,727.0,2849.56
2020-01-15,,,,,,875.0,3530.96
2020-01-16,,,,,,804.0,2616.4
2020-01-17,,,,,,736.0,3182.15
2020-01-18,,,,,,792.0,3034.4
2020-01-19,,,,,,430.0,1399.57
2020-01-20,,,,,,608.0,1696.21
2020-01-21,,,,,,834.0,2321.22
2020-01-22,,,,,,760.0,2930.69
2020-01-23,,,,,,825.0,3047.91
2020-01-24,,,,,,865.0,2994.36
2020-01-25,,,,,,930.0,3442.35
2020-01-26,,,,,,1036.0,3902.02
2020-01-27,,,,,,801.0,2952.09
2020-01-28,,,,,,548.0,1898.08
2020-01-29,,,,,,496.0,2085.22
2020-01-30,,,,,,705.0,2485.58
2020-01-31,,,,,,928.0,2992.99
2020-02-01,,,,,,1046.0,3470.44
2020-02-02,,,,,,937.0,2811.02
2020-02-03,,,,,,882.0,2688.16
2020-02-04,,,,,,610.0,3444.36
2020-02-05,,,,,,894.0,3341.65
2020-02-06,,,,,,1060.0,5071.4
2020-02-07,,,,,,704.0,2548.25
2020-02-08,,,,,,867.0,3097.46
2020-02-09,,,,,,824.0,2414.87
2020-02-10,,,,,,895.0,4150.92
2020-02-11,,,,,,1174.0,5825.55
2020-02-12,,,,,,1123.0,5540.89
2020-02-13,,,,,,1341.0,6158.13
2020-02-14,,,,,,1207.0,4716.94
2020-02-15,,,,,,1272.0,5729.58
2020-02-16,,,,,,1326.0,5835.12
2020-02-17,,,,,,1635.0,7391.58
2020-02-18,,,,,,1541.0,7183.67
2020-02-19,,,,,,1225.0,5389.65
2020-02-20,,,,,,993.0,6065.84
2020-02-21,,,,,,1197.0,8199.04
2020-02-22,,,,,,1169.0,9598.89
2020-02-23,,,,,,1046.0,4104.68
2020-02-24,,,,,,931.0,6698.75
2020-02-25,,,,,,770.0,4176.01
2020-02-26,,,,,,752.0,2750.84
2020-02-27,,,,,,1230.0,4497.12
2020-02-28,,,,,,1126.0,4656.82
2020-02-29,,,,,,1317.0,7000.25
2020-03-01,,,,,,1030.0,5296.03
2020-03-02,,,,,,1112.0,9001.55
2020-03-03,,,,,,1159.0,8344.94
2020-03-04,,,,,,1272.0,6387.01
2020-03-05,,,,,,898.0,5253.34
2020-03-06,,,,,,519.0,2049.11
2020-03-07,,,,,,423.0,1483.52
2020-03-08,,,,,,736.0,2881.74
2020-03-09,,,,,,1209.0,6619.78
2020-03-10,,,,,,1530.0,22116.34
2020-03-11,,,,,,1574.0,17498.15
2020-03-12,,,,,,1792.0,43524.85
2020-03-13,,,,,,3364.0,87618.01
2020-03-14,,,,,,2879.0,66990.95
2020-03-15,,,,,,1520.0,11937.55
2020-03-16,,,,,,4122.0,68347.42
2020-03-17,,,,,,3323.0,50523.95
2020-03-18,,,,,,3221.0,49825.13
2020-03-19,,,,,,2560.0,34010.12
2020-03-20,,,,,,1790.0,16189.19
2020-03-21,,,,,,2198.0,22063.15
2020-03-22,,,,,,1189.0,5259.02
2020-03-23,,,,,,1507.0,14124.09
2020-03-24,,,,,,2021.0,21506.24
2020-03-25,,,,,,1912.0,23806.82
2020-03-26,,,,,,2758.0,21723.77
2020-03-27,,,,,,3992.0,35347.07
2020-03-28,,,,,,6535.0,73927.53
2020-03-29,,,,,,5731.0,43667.69
2020-03-30,,,,,,6338.0,56649.97
2020-03-31,,,,,,5225.0,58430.96
2020-04-01,,,,,,5979.0,50132.06
2020-04-02,,,,,,4675.0,31869.9
2020-04-03,,,,,,4153.0,29763.35
2020-04-04,,,,,,3712.0,23562.93
2020-04-05,,,,,,4196.0,23976.53
2020-04-06,,,,,,5220.0,31078.62
2020-04-07,,,,,,3999.0,25699.97
2020-04-08,,,,,,2793.0,18380.8
2020-04-09,,,,,,3065.0,22461.3
2020-04-10,,,,,,3344.0,19609.83
2020-04-11,,,,,,4207.0,22352.43
2020-04-12,,,,,,5289.0,28113.68
2020-04-13,,,,,,6030.0,36798.18
2020-04-14,,,,,,4248.0,24030.91
2020-04-15,,,,,,4257.0,27358.14
2020-04-16,,,,,,6526.0,36395.16
2020-04-17,,,,,,4919.0,25958.11
2020-04-18,,,,,,2871.0,14986.07
2020-04-19,,,,,,1373.0,8159.63
2020-04-20,,,,,,1950.0,10995.45
2020-04-21,,,,,,3500.0,21361.52
2020-04-22,,,,,,3194.0,16614.08
2020-04-23,,,,,,3096.0,14176.35
2020-04-24,,,,,,2831.0,14916.87
2020-04-25,,,,,,2208.0,14039.97
2020-04-26,,,,,,1420.0,14014.62
2020-04-27,,,,,,1811.0,10631.26
2020-04-28,,,,,,2051.0,11874.46
2020-04-29,,,,,,2424.0,15500.07
2020-04-30,,,,,,2265.0,15514.42
2020-05-01,,,,,,3140.0,27431.93
2020-05-02,,,,,,3599.0,22808.78
2020-05-03,,,,,,2636.0,17823.59
2020-05-04,,,,,,2319.0,15054.88
2020-05-05,,,,,,2244.0,12854.09
2020-05-06,,,,,,1909.0,15053.68
2020-05-07,,,,,,3107.0,23277.08
2020-05-08,,,,,,3183.0,21423.58
2020-05-09,,,,,,3874.0,24737.79
2020-05-10,,,,,,1947.0,12623.86
2020-05-11,,,,,,2349.0,14918.65
2020-05-12,,,,,,3051.0,20931.23
2020-05-13,,,,,,1865.0,12074.04
2020-05-14,,,,,,2752.0,17002.22
2020-05-15,,,,,,2690.0,15096.98
2020-05-16,,,,,,4183.0,26456.64
2020-05-17,,,,,,2667.0,22910.64
2020-05-18,,,,,,2133.0,16604.16
2020-05-19,,,,,,1120.0,9028.78
2020-05-20,,,,,,2092.0,15020.24
2020-05-21,,,,,,2502.0,16178.91
2020-05-22,,,,,,2204.0,17603.66
2020-05-23,,,,,,1933.0,14354.02
2020-05-24,,,,,,1537.0,9081.56
2020-05-25,,,,,,1408.0,10215.18
2020-05-26,,,,,,1201.0,7194.91
2020-05-27,,,,,,936.0,5812.07
2020-05-28,,,,,,1031.0,7038.12
2020-05-29,,,,,,645.0,3334.02
2020-05-30,,,,,,524.0,2027.86
2020-05-31,,,,,,503.0,2393.86
2020-06-01,,,,,,237.0,1471.35
2020-06-02,,,,,,205.0,1237.07
2020-06-03,,,,,,181.0,729.34
2020-06-04,,,,,,342.0,1202.97
2020-06-05,,,,,,541.0,1533.67
2020-06-06,,,,,,447.0,2042.3
2020-06-07,,,,,,269.0,2173.66
2020-06-08,,,,,,444.0,1833.54
2020-06-09,,,,,,391.0,1803.77
2020-06-10,,,,,,299.0,1056.13
2020-06-11,,,,,,104.0,388.48
2020-06-12,,,,,,54.0,380.17
2020-06-13,,,,,,122.0,519.95
2020-06-14,,,,,,96.0,418.05
2020-06-15,,,,,,90.0,459.52
2020-06-16,,,,,,78.0,303.53
2020-06-17,,,,,,88.0,793.6700000000001
2020-06-18,,,,,,149.0,1077.03
2020-06-19,,,,,,142.0,452.46
2020-06-20,,,,,,96.0,340.94
2020-06-21,,,,,,73.0,817.6
2020-06-22,,,,,,63.0,210.45
2020-06-23,,,,,,155.0,2606.17
2020-06-24,,,,,,217.0,691.4
2020-06-25,,,,,,74.0,259.09
2020-06-26,,,,,,29.0,102.14999999999999
2020-06-27,,,,,,48.0,281.38
2020-06-28,,,,,,114.0,492.96
2020-06-29,,,,,,116.0,372.59
2020-06-30,,,,,,204.0,697.77
2020-07-01,,,,,,275.0,848.39
2020-07-02,,,,,,135.0,379.55
2020-07-03,,,,,,90.0,269.05
2020-07-04,,,,,,109.0,456.15
2020-07-05,,,,,,38.0,109.56
2020-07-06,,,,,,75.0,216.85
2020-07-07,,,,,,51.0,233.41
2020-07-08,,,,,,11.0,48.15
2020-07-09,,,,,,49.0,123.83
2020-07-10,,,,,,48.0,170.55
2020-07-11,,,,,,46.0,102.78
2020-07-12,,,,,,121.0,404.53000000000003
2020-07-13,,,,,,29.0,84.03
2020-07-14,,,,,,31.0,537.35
2020-07-15,,,,,,125.0,331.31
2020-07-16,,,,,,115.0,277.54
2020-07-17,,,,,,136.0,390.46
2020-07-18,,,,,,115.0,214.82
2020-07-19,,,,,,24.0,96.66
2020-07-20,,,,,,52.0,575.44
2020-07-21,,,,,,42.0,104.06
2020-07-22,,,,,,37.0,139.56
2020-07-23,,,,,,22.0,38.54
2020-07-24,,,,,,52.0,87.77
2020-07-25,,,,,,162.0,359.11
2020-07-26,,,,,,187.0,512.25
2020-07-27,,,,,,71.0,291.59
2020-07-28,,,,,,27.0,62.14
2020-07-29,,,,,,101.0,248.39000000000001
2020-07-30,,,,,,80.0,206.37
2020-07-31,,,,,,80.0,1973.72
2020-08-01,,,,,,84.0,289.14
2020-08-02,,,,,,91.0,340.4
2020-08-03,,,,,,72.0,153.8
2020-08-04,,,,,,18.0,88.41
2020-08-05,,,,,,13.0,44.519999999999996
2020-08-06,,,,0.0,0.0,29.0,115.58
2020-08-07,,,,,,69.0,166.72
2020-08-08,,,,,,58.0,106.11
2020-08-09,,,,,,45.0,108.37
2020-08-10,,,,,,43.0,110.01
2020-08-11,,,,,,27.0,92.99
2020-08-12,,,,,,89.0,334.16
2020-08-13,,,,,,109.0,235.0
2020-08-14,,,,,,10.0,14.83
2020-08-15,,,,,,6.0,20.85
2020-08-16,,,,,,32.0,109.09
2020-08-17,,,,,,17.0,49.18
2020-08-18,,,,,,75.0,192.85
2020-08-19,,,,,,16.0,45.37
2020-08-20,,,,,,12.0,51.519999999999996
2020-08-21,,,,,,40.0,159.7
2020-08-22,,,,,,27.0,101.35
2020-08-23,,,,,,46.0,76.56
2020-08-24,,,,,,43.0,110.83
2020-08-25,,,,,,22.0,97.08
2020-08-26,,,,,,24.0,75.71000000000001
2020-08-27,,,,,,80.0,689.65
2020-08-28,,,,,,148.0,443.33
2020-08-29,,,,,,173.0,417.73
2020-08-30,,,,,,121.0,372.01
2020-08-31,,,,,,59.0,129.64
2020-09-01,,,,,,30.0,85.22
2020-09-02,,,,,,81.0,182.83
2020-09-03,,,,,,300.0,766.29
2020-09-04,,,,,,210.0,602.57
2020-09-05,,,,,,98.0,215.4
2020-09-06,,,,,,139.0,405.21999999999997
2020-09-07,,,,,,64.0,252.26
2020-09-08,,,,,,79.0,263.75
2020-09-09,,,,,,134.0,252.01
2020-09-10,,,,,,66.0,158.92
2020-09-11,,,,,,79.0,172.79
2020-09-12,,,,,,92.0,178.56
2020-09-13,,,,,,92.0,166.91
2020-09-14,,,,,,191.0,359.19
2020-09-15,,,,,,65.0,204.07
2020-09-16,,,,,,78.0,171.47
2020-09-17,,,,,,97.0,289.06
2020-09-18,,,,,,97.0,336.21
2020-09-19,,,,,,208.0,551.76
2020-09-20,,,,,,71.0,297.24
2020-09-21,,,,,,71.0,400.42
2020-09-22,,,,,,102.0,421.42
2020-09-23,,,,,,155.0,662.72
2020-09-24,,,,,,138.0,666.55
2020-09-25,,,,,,168.0,730.89
2020-09-26,,,,,,152.0,651.05
2020-09-27,,,,,,395.0,1291.56
2020-09-28,,,,,,361.0,1093.75
2020-09-29,,,,,,278.0,995.62
2020-09-30,,,,,,161.0,739.22
2020-10-01,,,,,,170.0,797.36
2020-10-02,,,,,,297.0,1550.74
2020-10-03,,,,,,422.0,1803.52
2020-10-04,,,,,,525.0,2001.72
2020-10-05,,,,,,424.0,1572.36
2020-10-06,,,,,,370.0,1562.61
2020-10-07,,,,,,396.0,1702.93
2020-10-08,,,,,,716.0,2761.62
2020-10-09,,,,,,846.0,3143.76
2020-10-10,,,,,,690.0,3234.59
2020-10-11,,,,,,765.0,3377.63
2020-10-12,,,,,,709.0,2877.89
2020-10-13,,,,,,763.0,4621.71
2020-10-14,,,,,,1231.0,5711.37
2020-10-15,,,,,,1382.0,6813.51
2020-10-16,,,,,,965.0,4986.65
2020-10-17,,,,,,1244.0,7342.77
2020-10-18,,,,,,1525.0,9946.57
2020-10-19,,,,,,1628.0,8789.19
2020-10-20,,,,,,1843.0,9108.51
2020-10-21,,,,,,1446.0,8029.6
2020-10-22,,,,,,1509.0,8538.15
2020-10-23,,,,,,1702.0,10891.01
2020-10-24,,,,,,2454.0,15999.51
2020-10-25,,,,,,3428.0,17861.96
2020-10-26,,,,,,2753.0,16965.35
2020-10-27,,,,,,2838.0,17543.15
2020-10-28,,,,,,3566.0,21731.31
2020-10-29,,,,,,3676.0,23211.08
2020-10-30,,,,,,5619.0,36020.01
2020-10-31,,,,,,5094.0,32449.81
2020-11-01,,,,,,3585.0,23785.82
2020-11-02,,,,,,4369.0,29409.08
2020-11-03,,,,,,4692.0,35430.97
2020-11-04,,,,,,6704.0,49561.4
2020-11-05,,,,,,7438.0,47579.05
2020-11-06,,,,,,4875.0,32398.5
2020-11-07,,,,,,6067.0,42224.8
2020-11-08,,,,,,5374.0,37663.19
2020-11-09,,,,,,5020.0,36513.91
2020-11-10,,,,,,6326.0,36768.92
2020-11-11,,,,,,3451.0,19581.54
2020-11-12,,,,,,1742.0,7962.16
2020-11-13,,,,,,2996.0,17087.65
2020-11-14,,,,,,2160.0,11658.09
2020-11-15,,,,,,1887.0,8419.63
2020-11-16,,,,,,1154.0,4015.82
2020-11-17,,,,,,1215.0,4654.2
2020-11-18,,,,,,1373.0,7780.01
2020-11-19,,,,,,1483.0,8417.98
2020-11-20,,,,,,1784.0,9392.93
2020-11-21,,,,,,2236.0,9849.06
2020-11-22,,,,,,1478.0,4972.04
2020-11-23,,,,,,1019.0,3588.7599999999998
2020-11-24,,,,,,745.0,2693.26
2020-11-25,,,,,,687.0,2752.87
2020-11-26,,,,,,441.0,1482.27
2020-11-27,,,,,,656.0,1992.62
2020-11-28,,,,,,1283.0,4722.46
2020-11-29,,,,,,1068.0,3865.65
2020-11-30,,,,,,1073.0,3526.53
2020-12-01,,,,,,1565.0,5515.29
2020-12-02,,,,,,1760.0,6134.64
2020-12-03,,,,,,1402.0,4665.21
2020-12-04,,,,,,1015.0,3576.85
2020-12-05,,,,,,1181.0,4482.2
2020-12-06,,,,,,1596.0,6214.57
2020-12-07,,,,,,1608.0,5709.95
2020-12-08,,,,,,1834.0,6427.35
2020-12-09,,,,,,1135.0,4437.77
2020-12-10,,,,,,1011.0,4223.68
2020-12-11,,,,,,1090.0,4060.94
2020-12-12,,,,,,1006.0,3715.73
2020-12-13,,,,,,1309.0,4246.79
2020-12-14,,,,,,979.0,2900.51
2020-12-15,,,,,,657.0,2204.96
2020-12-16,,,,,,903.0,3409.71
2020-12-17,,,,,,1226.0,3963.72
2020-12-18,,,,,,1662.0,5666.28
2020-12-19,,,,,,2000.0,7542.77
2020-12-20,,,,,,1622.0,7098.63
2020-12-21,,,,,,1463.0,5526.15
2020-12-22,,,,,,1707.0,6545.93
2020-12-23,,,,,,1723.0,6580.29
2020-12-24,,,,,,1659.0,5698.76
2020-12-25,,,,,,1435.0,4789.24
2020-12-26,,,,,,1383.0,5511.97
2020-12-27,,,,,,1530.0,6490.14
2020-12-28,,,,,,1478.0,7150.0199999999995
2020-12-29,,,,,,1403.0,7340.28
2020-12-30,,,,,,1182.0,4032.54
2020-12-31,,,,,,962.0,3251.6
2021-01-01,462.0,,,,,1096.0,3349.84
2021-01-02,482.0,,,,,1076.0,5053.89
2021-01-03,263.0,,,,,1123.0,4273.19
2021-01-04,207.0,,,,,987.0,5535.1
2021-01-05,149.0,,,,,789.0,3566.96
2021-01-06,252.0,,,,,627.0,2838.25
2021-01-07,288.0,,,,,479.0,2339.6
2021-01-08,248.0,,,,,464.0,1784.17
2021-01-09,326.0,,,,,1129.0,4811.05
2021-01-10,284.0,,,,,674.0,1999.33
2021-01-11,281.0,,,,,699.0,2640.86
2021-01-12,329.0,,,,,792.0,2411.86
2021-01-13,378.0,,,,,1097.0,4451.69
2021-01-14,422.0,,,,,1212.0,4251.48
2021-01-15,456.0,,,,,1179.0,4973.77
2021-01-16,388.0,,,,,1089.0,4475.28
2021-01-17,342.0,,,,,1090.0,4207.21
2021-01-18,401.0,,,,,1253.0,5081.8
2021-01-19,400.0,,,,,1067.0,4165.75
2021-01-20,322.0,,,,,1062.0,3766.58
2021-01-21,328.0,,,,,1313.0,6568.62
2021-01-22,412.0,,,,,1080.0,4654.41
2021-01-23,362.0,,,,,1347.0,5215.58
2021-01-24,370.0,,,,,1266.0,4912.19
2021-01-25,345.0,,,,,1173.0,4206.95
2021-01-26,369.0,,,,,1118.0,4456.89
2021-01-27,371.0,,,,,1088.0,4575.84
2021-01-28,373.0,,,,,1399.0,5983.31
2021-01-29,440.0,,,,,1342.0,5951.89
2021-01-30,363.0,,,,,1526.0,8745.460000000001
2021-01-31,368.0,,,,,1545.0,5531.0
2021-02-01,400.0,,,,,1594.0,8827.44
2021-02-02,408.0,,,,,1948.0,10796.29
2021-02-03,367.0,,,,,2499.0,11794.83
2021-02-04,352.0,,,,,2598.0,13696.710000000001
2021-02-05,142.0,,,,,2043.0,9356.06
2021-02-06,261.0,,,,,1677.0,8856.77
2021-02-07,279.0,,,,,1798.0,7607.08
2021-02-08,375.0,,,,,2486.0,13419.78
2021-02-09,385.0,,,,,2369.0,13873.34
2021-02-10,359.0,,,,,2555.0,14469.09
2021-02-11,370.0,,,,,1643.0,7334.13
2021-02-12,310.0,,,,,1593.0,10146.92
2021-02-13,319.0,,,,,2128.0,11914.35
2021-02-14,371.0,,,,,1461.0,7664.97
2021-02-15,335.0,,,,,2236.0,10820.69
2021-02-16,344.0,,,,,1535.0,14357.78
2021-02-17,367.0,,,,,1342.0,7468.73
2021-02-18,335.0,,,,,1264.0,7976.73
2021-02-19,340.0,,,,,697.0,3506.9
2021-02-20,293.0,,,,,1259.0,4624.37
2021-02-21,356.0,,,,,1692.0,6299.16
2021-02-22,352.0,,,,,1781.0,15471.97
2021-02-23,339.0,,,,,2374.0,17500.54
2021-02-24,350.0,,,,,2745.0,14328.41
2021-02-25,337.0,,,,,3729.0,19911.43
2021-02-26,295.0,,,,,4964.0,22216.38
2021-02-27,225.0,,,,,4781.0,26021.8
2021-02-28,235.0,,,,,3904.0,21729.84
2021-03-01,187.0,,,,,4831.0,41819.04
2021-03-02,227.0,,,,,6715.0,38088.420000000006
2021-03-03,259.0,,,,,10111.0,70445.43
2021-03-04,276.0,,,,,11033.0,60086.86
2021-03-05,290.0,,,,,10396.0,82938.45
2021-03-06,257.0,,,,,10487.0,63026.06
2021-03-07,270.0,,,,,11641.0,53712.79
2021-03-08,227.0,,,,,10091.0,59414.58
2021-03-09,297.0,,,,,7249.0,62507.21
2021-03-10,205.0,,,,,4462.0,36985.11
2021-03-11,262.0,,,,,4016.0,58163.42
2021-03-12,203.0,,,,,4017.0,50716.53
2021-03-13,236.0,,,,,7796.0,101700.19
2021-03-14,251.0,,,,,7081.0,37348.7
2021-03-15,219.0,,,,,7723.0,130656.63
2021-03-16,277.0,,,,,6526.0,60207.71
2021-03-17,352.0,,,,,4965.0,51764.22
2021-03-18,313.0,,,,,6640.0,55707.0
2021-03-19,298.0,,,,,7178.0,53951.19
2021-03-20,264.0,,,,,6668.0,51439.65
2021-03-21,316.0,,,,,5387.0,31866.0
2021-03-22,283.0,,,,,7035.0,77291.74
2021-03-23,232.0,,,,,6999.0,71742.73
2021-03-24,177.0,,,,,12729.0,63453.98
2021-03-25,194.0,,,,,14196.0,81680.51
2021-03-26,221.0,,,,,13271.0,77122.87
2021-03-27,268.0,,,,,13434.0,111373.39
2021-03-28,268.0,,,,,11467.0,67037.51
2021-03-29,215.0,,,,,15951.0,101344.12
2021-03-30,248.0,,,,,20898.0,111231.64
2021-03-31,152.0,,,,,18225.0,89395.93
2021-04-01,231.0,,,,,12636.0,71027.04
2021-04-02,197.0,,,,,13103.0,77376.68
2021-04-03,159.0,,,,,12263.0,58385.05
2021-04-04,198.0,,,,,11115.0,56716.29
2021-04-05,188.0,,,,,9289.0,70086.21
2021-04-06,377.0,,,,,6658.0,45750.53
2021-04-07,304.0,,,,,5113.0,38494.36
2021-04-08,152.0,,,,,4594.0,28744.51
2021-04-09,157.0,,,,,4597.0,28453.59
2021-04-10,189.0,,,,,4298.0,23425.89
2021-04-11,181.0,,,,,4075.0,24787.52
2021-04-12,226.0,,,34.800000000000004,4.133763418484416,3833.0,25867.51
2021-04-13,279.0,,,36.06956521739131,6.814585612867351,5431.0,40686.27
2021-04-14,214.0,,,37.32173913043478,7.143653033016535,3479.0,24221.84
2021-04-15,235.0,,,35.80869565217392,5.188616302101635,3323.0,14204.66
2021-04-16,232.0,,,27.080000000000002,2.2235107375499585,3962.0,21895.579999999998
2021-04-17,142.0,,,0.0,0.0,2945.0,16220.1
2021-04-18,161.0,,,,,4000.0,28957.72
2021-04-19,212.0,,,,,5178.0,41092.51
2021-04-20,178.0,,,,,3100.0,24202.690000000002
2021-04-21,132.0,,,,,1653.0,11274.66
2021-04-22,152.0,,,,,2271.0,12186.81
2021-04-23,112.0,,,,,2764.0,17300.21
2021-04-24,96.0,,,,,4356.0,32549.1
2021-04-25,217.0,,,,,5091.0,33561.28
2021-04-26,288.0,,,,,5016.0,40420.35
2021-04-27,295.0,,,,,6064.0,43994.61
2021-04-28,321.0,,,,,5803.0,47547.47
2021-04-29,303.0,,,,,3840.0,28002.85
2021-04-30,346.0,,,,,3261.0,20655.03
2021-05-01,214.0,,,,,2964.0,18096.68
2021-05-02,193.0,,,,,2617.0,12673.42
2021-05-03,258.0,,,,,2534.0,14307.67
2021-05-04,163.0,,,,,1820.0,13342.75
2021-05-05,151.0,,,,,2362.0,15525.19
2021-05-06,128.0,,,,,1609.0,10079.710000000001
2021-05-07,110.0,,,,,2565.0,12939.42
2021-05-08,167.0,,,,,4136.0,23308.14
2021-05-09,195.0,,,,,3087.0,19523.09
2021-05-10,88.0,,,,,2422.0,14428.37
2021-05-11,111.0,,,,,1641.0,9368.45
2021-05-12,114.0,,,,,923.0,5524.65
2021-05-13,105.0,,,,,754.0,3768.27
2021-05-14,130.0,,,,,1603.0,8722.22
2021-05-15,128.0,,,,,2234.0,13578.57
2021-05-16,177.0,,,,,1608.0,10324.5
2021-05-17,203.0,,,,,1253.0,7958.74
2021-05-18,92.0,,,,,550.0,3146.02
2021-05-19,72.0,,,,,389.0,1772.86
2021-05-20,48.0,,,,,741.0,4484.09
2021-05-21,59.0,,,,,860.0,5211.57
2021-05-22,70.0,,,,,906.0,5276.53
2021-05-23,297.0,,,,,984.0,4145.35
2021-05-24,134.0,,,,,711.0,3212.55
2021-05-25,122.0,,,,,522.0,2713.46
2021-05-26,137.0,,,,,1419.0,8610.26
2021-05-27,140.0,,,,,705.0,3155.92
2021-05-28,95.0,,,,,733.0,3034.83
2021-05-29,76.0,,,,,661.0,3985.28
2021-05-30,102.0,,,,,636.0,2844.95
2021-05-31,113.0,,,,,608.0,3241.59
2021-06-01,107.0,,,,,501.0,2721.6
2021-06-02,132.0,,,,,534.0,1992.97
2021-06-03,118.0,,,,,575.0,3361.86
2021-06-04,216.0,,,,,389.0,1871.22
2021-06-05,104.0,,,,,390.0,1477.39
2021-06-06,181.0,,,,,795.0,4312.99
2021-06-07,158.0,,,,,398.0,2087.32
2021-06-08,194.0,,,,,248.0,1069.88
2021-06-09,348.0,,,,,129.0,562.53
2021-06-10,218.0,,,,,97.0,402.31
2021-06-11,127.0,,,,,157.0,773.67
2021-06-12,114.0,,,,,86.0,362.58
2021-06-13,97.0,,,,,72.0,222.32
2021-06-14,88.0,,,,,35.0,141.67
2021-06-15,97.0,,,,,70.0,1709.06
2021-06-16,123.0,,,,,97.0,381.44
2021-06-17,85.0,,,,,54.0,168.34
2021-06-18,70.0,,,,,50.0,144.46
2021-06-19,63.0,,,,,70.0,265.87
2021-06-20,54.0,,,,,140.0,993.48
2021-06-21,55.0,,,,,229.0,5495.95
2021-06-22,108.0,,,,,149.0,548.82
2021-06-23,236.0,,,,,132.0,697.94
2021-06-24,129.0,,,,,138.0,365.16
2021-06-25,182.0,,,,,124.0,420.95
2021-06-26,138.0,,,,,188.0,482.31
2021-06-27,150.0,,,,,226.0,507.8
2021-06-28,136.0,,,,,259.0,750.76
2021-06-29,196.0,,,,,205.0,673.24
2021-06-30,215.0,,,,,173.0,689.93
2021-07-01,302.0,,,,,84.0,583.71
2021-07-02,280.0,,,,,125.0,484.23
2021-07-03,140.0,,,,,90.0,320.92
2021-07-04,126.0,,,,,88.0,306.9
2021-07-05,151.0,,,,,137.0,463.8
2021-07-06,239.0,,,,,131.0,399.03
2021-07-07,179.0,,,,,120.0,492.25
2021-07-08,196.0,,,,,117.0,384.47
2021-07-09,133.0,,,,,181.0,509.33
2021-07-10,82.0,,,,,146.0,443.21
2021-07-11,79.0,,,,,145.0,292.36
2021-07-12,77.0,,,,,71.0,169.92
2021-07-13,59.0,,,,,165.0,282.05
2021-07-14,75.0,,,,,166.0,408.29
2021-07-15,65.0,,,,,273.0,680.85
2021-07-16,70.0,,,,,195.0,569.06
2021-07-17,92.0,,,,,25.0,116.53
2021-07-18,92.0,,,,,27.0,72.08
2021-07-19,41.0,,,,,55.0,209.91
2021-07-20,77.0,,,,,22.0,144.61
2021-07-21,65.0,,,,,41.0,71.91
2021-07-22,58.0,,,,,52.0,2993.33
2021-07-23,75.0,,,,,31.0,120.59
2021-07-24,94.0,,,,,46.0,112.63
2021-07-25,213.0,,,,,167.0,373.75
2021-07-26,130.0,,,,,26.0,63.59
2021-07-27,90.0,,,,,21.0,51.43
2021-07-28,34.0,,,,,38.0,164.83
2021-07-29,49.0,,,,,10.0,57.07
2021-07-30,53.0,,,,,54.0,139.71
2021-07-31,55.0,,,,,43.0,129.78
2021-08-01,99.0,,,,,81.0,187.04
2021-08-02,76.0,,,,,69.0,191.84
2021-08-03,54.0,,,,,68.0,212.55
2021-08-04,59.0,,,,,49.0,167.01
2021-08-05,93.0,,,,,105.0,268.99
2021-08-06,104.0,,,,,100.0,227.96
2021-08-07,106.0,,,,,44.0,148.65
2021-08-08,88.0,,,,,158.0,538.74
2021-08-09,97.0,,,,,92.0,248.89000000000001
2021-08-10,101.0,,,,,181.0,431.21999999999997
2021-08-11,146.0,,,,,38.0,74.87
2021-08-12,151.0,,,,,18.0,66.72
2021-08-13,139.0,,,,,103.0,234.32
2021-08-14,166.0,,,,,65.0,144.58
2021-08-15,119.0,,,,,48.0,154.54
2021-08-16,115.0,,,,,38.0,87.36
2021-08-17,144.0,,,,,58.0,114.25
2021-08-18,146.0,,,,,25.0,41.18
2021-08-19,163.0,,,,,42.0,88.89
2021-08-20,107.0,,,,,17.0,37.97
2021-08-21,49.0,,,,,155.0,359.81
2021-08-22,53.0,,,,,186.0,532.77
2021-08-23,73.0,,,,,53.0,140.01
2021-08-24,86.0,,,,,163.0,431.44
2021-08-25,108.0,,,,,71.0,335.94
2021-08-26,125.0,,,,,24.0,59.0
2021-08-27,146.0,,,,,67.0,191.54
2021-08-28,131.0,,,,,70.0,144.73
2021-08-29,111.0,,,,,76.0,133.15
2021-08-30,67.0,,,,,23.0,44.84
2021-08-31,45.0,,,,,124.0,288.86
2021-09-01,53.0,,,,,258.0,558.03
2021-09-02,37.0,,,,,39.0,98.61
2021-09-03,53.0,,,,,105.0,198.57
2021-09-04,46.0,,,,,172.0,419.29
2021-09-05,86.0,,,,,105.0,317.05
2021-09-06,126.0,,,,,95.0,230.31
2021-09-07,94.0,,,,,66.0,127.14
2021-09-08,61.0,,,,,68.0,181.53
2021-09-09,84.0,,,,,140.0,411.64
2021-09-10,77.0,,,,,40.0,85.76
2021-09-11,49.0,,,,,42.0,194.9
2021-09-12,37.0,,,,,28.0,85.25
2021-09-13,67.0,,,,,34.0,84.55
2021-09-14,44.0,,,,,53.0,166.82
2021-09-15,71.0,,,,,66.0,219.19
2021-09-16,95.0,,,,,63.0,143.95
2021-09-17,37.0,,,,,165.0,310.32
2021-09-18,60.0,,,,,68.0,137.39
2021-09-19,89.0,,,,,99.0,271.01
2021-09-20,91.0,,,,,129.0,387.57
2021-09-21,89.0,,,,,75.0,166.87
2021-09-22,54.0,,,,,70.0,137.95
2021-09-23,61.0,,,,,95.0,213.63
2021-09-24,55.0,,,,,181.0,365.1
2021-09-25,50.0,,,,,184.0,624.3100000000001
2021-09-26,55.0,,,,,186.0,529.07
2021-09-27,102.0,,,,,139.0,408.77
2021-09-28,103.0,,,,,68.0,188.78
2021-09-29,86.0,,,,,87.0,224.68
2021-09-30,82.0,,,,,190.0,763.19
2021-10-01,108.0,,,,,260.0,893.97
2021-10-02,130.0,,,,,266.0,793.14
2021-10-03,91.0,,,,,189.0,473.04
2021-10-04,94.0,,,,,154.0,475.38
2021-10-05,105.0,,,,,232.0,595.97
2021-10-06,85.0,,,,,423.0,1245.72
2021-10-07,105.0,,,,,476.0,1490.53
2021-10-08,138.0,,,,,391.0,1505.35
2021-10-09,181.0,,,,,424.0,1257.57
2021-10-10,181.0,,,,,524.0,1992.92
2021-10-11,168.0,,,,,591.0,1948.73
2021-10-12,181.0,,,,,820.0,2997.67
2021-10-13,146.0,,,,,905.0,3855.3
2021-10-14,171.0,,,,,751.0,3527.07
2021-10-15,199.0,,,,,1276.0,5972.55
2021-10-16,273.0,,,,,1213.0,6841.81
2021-10-17,327.0,,,,,151.0,517.24
2021-10-18,32.0,,,,,252.0,1200.28
2021-10-19,49.0,,,,,539.0,2725.74
2021-10-20,234.0,,,,,1062.0,5417.07
2021-10-21,193.0,,,,,1333.0,7852.12
2021-10-22,165.0,,,,,2099.0,12253.03
2021-10-23,151.0,,,,,1865.0,8834.75
2021-10-24,187.0,,,,,587.0,1903.52
2021-10-25,84.0,,,,,572.0,1847.42
2021-10-26,98.0,,,,,867.0,3985.37
2021-10-27,162.0,,,,,1417.0,7570.62
2021-10-28,168.0,,,,,2210.0,11367.95
2021-10-29,198.0,,,,,2039.0,11469.64
2021-10-30,259.0,,,,,2286.0,14162.32
2021-10-31,293.0,,,,,3776.0,25177.43
2021-11-01,277.0,,,,,3685.0,26568.66
2021-11-02,295.0,,,,,4750.0,33608.42
2021-11-03,309.0,,,,,4075.0,25423.94
2021-11-04,394.0,,,,,3421.0,24426.81
2021-11-05,384.0,,,,,5995.0,43454.64
2021-11-06,402.0,,,,,5137.0,46308.63
2021-11-07,403.0,,,,,7284.0,58305.84
2021-11-08,287.0,,,,,7113.0,47671.54
2021-11-09,431.0,,,,,5207.0,34896.97
2021-11-10,255.0,,,,,5368.0,36533.14
2021-11-11,425.0,,,,,6092.0,44000.16
2021-11-12,489.0,,,,,6071.0,52396.61
2021-11-13,415.0,,,,,6177.0,40334.26
2021-11-14,359.0,,,,,3726.0,24652.35
2021-11-15,374.0,,,,,2096.0,14147.59
2021-11-16,417.0,,,,,3011.0,18933.5
2021-11-17,390.0,,,,,1876.0,12828.48
2021-11-18,361.0,,,,,1780.0,9649.71
2021-11-19,402.0,,,,,1278.0,6659.68
2021-11-20,401.0,,,,,623.0,3040.25
2021-11-21,319.0,,,,,909.0,4376.79
2021-11-22,324.0,,,,,820.0,3653.49
2021-11-23,311.0,,,,,1314.0,5583.07
2021-11-24,398.0,,,,,1717.0,6078.96
2021-11-25,429.0,,,,,1501.0,5252.29
2021-11-26,414.0,,,,,978.0,3570.12
2021-11-27,403.0,,,,,826.0,3198.28
2021-11-28,410.0,,,,,1069.0,4103.99
2021-11-29,376.0,,,,,1084.0,3842.53
2021-11-30,327.0,,,,,1236.0,3515.33
2021-12-01,391.0,,,15.342857142857143,2.225624989392106,1028.0,2872.75
2021-12-02,429.0,,,15.357142857142858,2.080574730402921,507.0,1569.29
2021-12-03,370.0,,,,,280.0,872.64
2021-12-04,380.0,,,,,832.0,3505.66
2021-12-05,345.0,,,,,981.0,3390.98
2021-12-06,311.0,,,,,877.0,2516.58
2021-12-07,255.0,,,,,747.0,2377.81
2021-12-08,266.0,,,,,662.0,2367.49
2021-12-09,332.0,,,,,660.0,2200.41
2021-12-10,324.0,,,,,915.0,2844.37
2021-12-11,294.0,,,,,1360.0,4028.98
2021-12-12,289.0,,,,,1002.0,3208.25
2021-12-13,397.0,,,,,643.0,1885.55
2021-12-14,408.0,,,,,758.0,2322.25
2021-12-15,381.0,,,,,973.0,3064.1
2021-12-16,383.0,,,,,1366.0,4295.08
2021-12-17,347.0,,,,,1204.0,4396.75
2021-12-18,327.0,,,,,975.0,3078.64
2021-12-19,301.0,,,,,1284.0,4907.43
2021-12-20,355.0,,,,,1626.0,6368.28
2021-12-21,444.0,,,,,1808.0,6229.38
2021-12-22,428.0,,,17.404255319148938,53.88544582742293,1501.0,5016.95
2021-12-23,468.0,,,22.97142857142857,57.861153249530794,1000.0,3716.25
2021-12-24,473.0,,,25.333333333333332,64.7643747937417,949.0,3337.5
2021-12-25,467.0,,,31.03614457831325,64.58147544242316,1063.0,3548.09
2021-12-26,490.0,,,28.708333333333332,58.529329879474524,891.0,3080.85
2021-12-27,279.0,,,31.3,69.09402875883401,735.0,2529.19
2021-12-28,343.0,,,37.151898734177216,79.53133370703891,370.0,1523.26
2021-12-29,284.0,,,22.63157894736842,60.66494695846759,327.0,1074.02
2021-12-30,296.0,,,30.4,63.499945180879365,678.0,1888.93
2021-12-31,315.0,,,29.73076923076923,69.9513138810581,741.0,2204.16
2022-01-01,389.0,,,32.9375,71.53318142165773,710.0,1884.79
2022-01-02,415.0,,,31.78481012658228,72.80790864446962,723.0,1895.31
2022-01-03,406.0,,,28.358974358974358,65.6070502940427,692.0,2362.95
2022-01-04,413.0,,,33.208333333333336,63.368249839484264,876.0,3490.99
2022-01-05,389.0,,,10.208333333333334,24.173894865793894,859.0,3494.2400000000002
2022-01-06,290.0,,,32.879120879120876,64.2517332519927,900.0,3450.64
2022-01-07,173.0,,,25.5,57.28015252263102,882.0,3774.97
2022-01-08,90.0,,,19.666666666666668,46.92237928131261,657.0,2530.18
2022-01-09,41.0,,,22.337662337662337,55.63168597065089,527.0,1679.95
2022-01-10,118.0,,,26.871794871794872,61.927137532509626,552.0,4041.81
2022-01-11,231.0,,,43.31818181818182,72.48678761171179,383.0,1488.75
2022-01-12,179.0,,,30.34285714285714,62.424420554567405,314.0,774.46
2022-01-13,322.0,,,34.15384615384615,68.26173860417676,264.0,742.41
2022-01-14,300.0,,,36.35294117647059,70.46704844530885,199.0,550.38
2022-01-15,205.0,,,35.888888888888886,71.22430475126865,615.0,2276.43
2022-01-16,310.0,,,40.11764705882353,77.63463952967103,568.0,1763.03
2022-01-17,338.0,,,8.461538461538462,27.021024159093873,714.0,1900.76
2022-01-18,330.0,,,25.44927536231884,55.74720679678622,706.0,1950.48
2022-01-19,337.0,,,34.21052631578947,55.19186311754627,759.0,2169.14
2022-01-20,465.0,,,43.63636363636363,75.24881287026285,819.0,2697.77
2022-01-21,434.0,,,27.24137931034483,60.84530581868571,867.0,2820.42
2022-01-22,365.0,,,27.413333333333334,58.09104999989318,619.0,2132.4
2022-01-23,220.0,,,53.714285714285715,78.09602429694489,335.0,1080.23
2022-01-24,283.0,,,29.384615384615383,64.23897690535048,361.0,987.69
2022-01-25,207.0,,,42.285714285714285,75.43324940109218,499.0,1906.41
2022-01-26,292.0,,,23.928571428571427,59.13062800978161,791.0,3129.53
2022-01-27,279.0,,,18.37837837837838,50.70427360408471,820.0,2454.48
2022-01-28,224.0,,,16.845070422535212,47.24605739781709,1042.0,3008.11
2022-01-29,247.0,,,20.273972602739725,54.1862170549067,904.0,3076.62
2022-01-30,270.0,,,23.561643835616437,57.25017862693382,888.0,3329.02
2022-01-31,321.0,,,24.64,56.327382808488935,1156.0,5502.36
2022-02-01,376.0,,,27.073170731707318,58.76859421804773,1153.0,4286.53
2022-02-02,327.0,,,0.3872340425531915,0.5475721669044441,1074.0,3465.37
2022-02-03,302.0,,,0.728125,1.2692063931532385,614.0,2247.22
2022-02-04,153.0,,,0.20729166666666665,0.39316389823735465,671.0,2120.48
2022-02-05,196.0,,,0.27187500000000003,0.5377737980738154,1006.0,3203.23
2022-02-06,325.0,,,0.3305263157894737,1.113177709829753,1288.0,4422.3
2022-02-07,291.0,,,0.23958333333333334,0.4341911213101455,894.0,2693.74
2022-02-08,312.0,,,0.12708333333333333,0.26456684228203603,885.0,2800.73
2022-02-09,221.0,,,0.29578947368421055,0.4978497999319407,568.0,2018.41
2022-02-10,189.0,,,0.30625,0.48619088735533544,870.0,2990.83
2022-02-11,154.0,,,0.46458333333333335,0.8822195891663097,1610.0,7751.46
2022-02-12,206.0,,,0.1831578947368421,0.35897390161134823,1516.0,5233.46
2022-02-13,261.0,,,0.16631578947368422,0.3207738403656601,1537.0,5459.43
2022-02-14,258.0,,,0.121875,0.2780394235582997,1289.0,5556.13
2022-02-15,246.0,,,0.08541666666666665,0.22477083846567245,1277.0,5895.59
2022-02-16,253.0,,,0.20729166666666668,0.38586738700086737,1315.0,7884.67
2022-02-17,250.0,,,0.134375,0.2512403441454334,1551.0,6563.6
2022-02-18,258.0,,,0.22083333333333333,0.3704667515919448,1536.0,9672.67
2022-02-19,175.0,,,0.4178947368421053,0.6096701143866737,1255.0,7955.43
2022-02-20,176.0,,,0.4895833333333333,0.6968318028071829,1465.0,6049.33
2022-02-21,169.0,,,0.21041666666666667,0.4058724628998016,1404.0,6572.21
2022-02-22,254.0,,,1.5385416666666665,1.8834106683392329,1622.0,7361.44
2022-02-23,184.0,,,0.8875000000000001,1.6340617781273885,1330.0,8034.76
2022-02-24,329.0,,,0.2552083333333333,0.4868523588299082,1036.0,4891.43
2022-02-25,300.0,,,0.2631578947368421,0.48048128167294285,1328.0,6373.06
2022-02-26,77.0,,,0.6947368421052632,1.0362954089891785,1320.0,7437.12
2022-02-27,88.0,,,0.625,0.7314009628248055,1579.0,6992.34
2022-02-28,81.0,,,0.47500000000000003,0.6099180272790761,2068.0,10391.68
2022-03-01,147.0,,,0.25833333333333336,0.4520518523277861,2198.0,9234.57
2022-03-02,216.0,,,0.2791666666666667,0.42025472643114825,1937.0,9470.15
2022-03-03,157.0,,,0.5625,0.7532735576346609,2294.0,14079.48
2022-03-04,164.0,,,0.5708333333333333,0.7530872133273763,2698.0,20715.45
2022-03-05,107.0,,,0.45473684210526316,0.617608362626079,2691.0,17120.87
2022-03-06,176.0,,,0.12708333333333335,0.28450480216709945,2262.0,9856.98
2022-03-07,254.0,,,0.340625,0.5037915452373448,2391.0,24225.260000000002
2022-03-08,282.0,,,0.3885416666666666,0.5983960652253597,2962.0,35898.47
2022-03-09,173.0,,,0.3333333333333333,0.4964434915988699,3379.0,37267.07
2022-03-10,150.0,,,0.4822916666666666,0.778797290248397,3663.0,46841.5
2022-03-11,177.0,,,0.38333333333333336,0.5763161900182859,5289.0,115414.28
2022-03-12,181.0,,,0.26170212765957446,0.394343440452206,4505.0,49151.15
2022-03-13,220.0,,,0.16842105263157894,0.3166524230112257,4007.0,32194.08
2022-03-14,255.0,,,0.1431578947368421,0.29987679440948406,6529.0,115366.51
2022-03-15,269.0,,,0.26145833333333335,0.47801558919011405,7572.0,151568.0
2022-03-16,228.0,,,0.45104166666666673,0.6824097845393834,7790.0,76446.28
2022-03-17,221.0,,,0.2552083333333333,0.5213080292912329,8213.0,67103.27
2022-03-18,301.0,,,0.39375,0.6081572684412269,5579.0,67237.32
2022-03-19,216.0,,,0.33125,0.5361289122275686,4161.0,49945.7
2022-03-20,241.0,,,0.11770833333333335,0.32508939391356295,2574.0,16728.7
2022-03-21,244.0,,,0.19999999999999998,0.37388430521246885,5026.0,43408.75
2022-03-22,169.0,,,0.409375,0.7219969565470189,10516.0,75089.38
2022-03-23,215.0,,,0.15416666666666667,0.32409117192434944,8492.0,60376.65
2022-03-24,272.0,,,0.20531914893617023,0.40676193700101326,4975.0,42691.07
2022-03-25,208.0,,,0.19479166666666667,0.3950668941802046,2788.0,22643.56
2022-03-26,220.0,,,0.48854166666666665,0.8863728325290741,6545.0,34871.43
2022-03-27,201.0,,,0.08541666666666668,0.18179176442852155,13452.0,62303.95
2022-03-28,264.0,,,0.10729166666666667,0.27115534163693994,15857.0,70312.62
2022-03-29,287.0,,,0.146875,0.3201818973152934,9048.0,49669.34
2022-03-30,310.0,,,0.13333333333333333,0.2979461861218589,6941.0,42577.8
2022-03-31,254.0,,,0.30312500000000003,0.542014395808043,5796.0,36080.51
2022-04-01,214.0,,,0.38,0.6427335240818883,5273.0,29460.04
2022-04-02,243.0,,,0.2021739130434783,0.4996654399090104,4341.0,20818.23
2022-04-03,234.0,,,0.21025641025641023,0.4441801856184462,4376.0,25359.37
2022-04-04,289.0,,,0.42083333333333334,0.5456453731494812,4653.0,39072.58
2022-04-05,251.0,,,0.26197183098591553,0.599134184155555,4975.0,40110.63
2022-04-06,289.0,,,0.2486111111111111,0.532068261943674,6005.0,33764.78
2022-04-07,347.0,,,0.2352112676056338,0.46998437407133803,6252.0,35485.47
2022-04-08,313.0,,,0.22361111111111112,0.5353669415721571,5237.0,37703.95
2022-04-09,292.0,,,0.23333333333333334,0.6547765988229859,5160.0,42769.44
2022-04-10,325.0,,,0.13055555555555556,0.2616643918615102,3285.0,24355.4
2022-04-11,295.0,,,,,3325.0,18390.2
2022-04-12,244.0,,,,,3329.0,15488.36
2022-04-13,323.0,,,,,3295.0,15301.99
2022-04-14,287.0,,,,,3459.0,22359.64
2022-04-15,190.0,,,,,4135.0,30765.55
2022-04-16,257.0,,,,,5268.0,38764.91
2022-04-17,272.0,,,,,5322.0,34071.7
2022-04-18,280.0,,,,,5526.0,30038.73
2022-04-19,328.0,,,,,4995.0,28188.420000000002
2022-04-20,286.0,,,0.05384615384615384,0.14500221041639685,4027.0,30588.29
2022-04-21,320.0,,,0.225,0.3881393743399959,2335.0,11709.9
2022-04-22,188.0,,,0.28695652173913044,0.5805456468546133,3793.0,21801.76
2022-04-23,269.0,,,0.3126315789473684,0.5621467411331578,5367.0,28252.54
2022-04-24,282.0,,,0.48526315789473684,0.7766497089658438,6668.0,44546.98
2022-04-25,278.0,,,0.32210526315789473,0.5869464703144212,7008.0,53728.7
2022-04-26,226.0,,,0.33999999999999997,0.6407110411861748,5539.0,36393.26
2022-04-27,348.0,,,0.3273684210526316,0.66001968140596,6052.0,42976.69
2022-04-28,387.0,,,0.19213483146067417,0.5061496183534532,5025.0,38117.65
2022-04-29,413.0,,,0.4172413793103448,0.7943414555688786,6267.0,53411.12
2022-04-30,360.0,,,0.22105263157894736,0.4841959197368455,7829.0,53163.73
2022-05-01,226.0,,,0.6527472527472528,1.16077949474008,3967.0,28387.46
2022-05-02,289.0,,,0.9563829787234043,1.2275124343489778,4498.0,28618.46
2022-05-03,286.0,,,0.4957446808510638,0.8372914464923499,2395.0,13450.52
2022-05-04,324.0,,,0.4703296703296704,1.0105547987224648,2852.0,16697.66
2022-05-05,365.0,,,0.09473684210526316,0.25903602848590657,4076.0,21172.83
2022-05-06,364.0,,,0.26595744680851063,0.5221035186543571,2963.0,20143.97
2022-05-07,335.0,,,0.17052631578947366,0.3792135434476919,3528.0,27546.34
2022-05-08,312.0,,,0.3168421052631579,0.8149732578276689,3219.0,21344.59
2022-05-09,267.0,,,0.6053191489361702,0.9360598066175363,2057.0,12759.08
2022-05-10,244.0,,,0.42083333333333334,0.5763618502782263,1551.0,8108.07
2022-05-11,200.0,,,0.409375,0.7321314413193994,1159.0,6610.37
2022-05-12,194.0,,,0.425,0.774732551475533,1122.0,7200.69
2022-05-13,242.0,,,0.32708333333333334,0.6278583760298794,1574.0,10296.49
2022-05-14,310.0,,,0.30416666666666664,0.7608743815909454,1632.0,10940.93
2022-05-15,295.0,,,0.5187499999999999,0.9998223526417606,1653.0,11441.55
2022-05-16,265.0,,,0.37395833333333334,0.7228954633120843,1400.0,7028.86
2022-05-17,206.0,,,0.29375,0.5816152644054948,1296.0,8127.6
2022-05-18,296.0,,,0.46458333333333335,0.759914007138712,1284.0,8183.47
2022-05-19,265.0,,,0.3614583333333334,0.6886095512226704,1319.0,7146.97
2022-05-20,288.0,,,0.42604166666666665,0.802134624698592,1212.0,6633.1
2022-05-21,280.0,,,0.5,0.7789331435401007,1250.0,6093.55
2022-05-22,268.0,,,0.30104166666666665,0.709706357612138,1364.0,9305.05
2022-05-23,151.0,,,1.3133333333333332,1.6522135224629788,1309.0,8176.44
2022-05-24,73.0,,,0.5545454545454546,0.7966366933186351,1158.0,6180.43
2022-05-25,202.0,,,0.11964285714285715,0.2900906710023564,739.0,3454.45
2022-05-26,222.0,,,0.14479166666666668,0.33462305317969093,1002.0,4349.37
2022-05-27,238.0,,,0.19895833333333335,0.39775548999927257,995.0,4972.85
2022-05-28,178.0,,,0.6170212765957447,0.9755768404310597,1170.0,7423.51
2022-05-29,196.0,,,0.32134831460674157,0.5788844895989731,1532.0,10175.54
2022-05-30,184.0,,,0.7566265060240963,1.3329952309105708,760.0,3428.84
2022-05-31,218.0,,,0.5175824175824176,1.1082111117164763,729.0,3732.66
2022-06-01,349.0,,,1.4957894736842106,4.120341748619881,544.0,2674.12
2022-06-02,229.0,,,1.6326086956521737,4.22103858621278,1066.0,5603.07
2022-06-03,305.0,,,1.0829787234042554,3.0862037193600655,1369.0,6804.96
2022-06-04,255.0,,,1.0463157894736843,2.8779355235897017,1225.0,6336.06
2022-06-05,244.0,,,0.6681318681318682,1.9121761379165838,1254.0,6068.14
2022-06-06,195.0,,,0.653763440860215,1.550635153159543,832.0,3708.46
2022-06-07,262.0,,,1.8968421052631579,5.195260782912017,849.0,4915.1
2022-06-08,341.0,,,4.381052631578947,8.853071287446221,946.0,4317.08
2022-06-09,237.0,,,4.7957446808510635,9.436612692958574,869.0,4588.78
2022-06-10,293.0,,,5.062765957446809,9.471859669597574,561.0,2903.72
2022-06-11,276.0,,,5.205319148936169,9.341425451554018,507.0,2728.16
2022-06-12,284.0,,,5.456842105263157,10.094306933851573,554.0,2622.13
2022-06-13,208.0,,,6.181052631578947,9.541736925792401,618.0,3137.1
2022-06-14,221.0,,,5.206315789473684,8.575730358156783,884.0,5002.85
2022-06-15,157.0,,,5.264893617021277,8.73857727460597,313.0,1372.85
2022-06-16,135.0,,,5.906315789473683,9.670263814376609,251.0,774.0600000000001
2022-06-17,81.0,,,6.552631578947368,9.357405101584646,67.0,338.96
2022-06-18,65.0,,,5.954736842105262,9.636331610010958,106.0,467.57
2022-06-19,130.0,,,5.762105263157895,9.90860553285996,104.0,386.54
2022-06-20,208.0,,,5.903157894736841,9.858708782481747,96.0,391.97
2022-06-21,120.0,,,5.962105263157895,9.623698352961911,115.0,355.85
2022-06-22,138.0,,,5.847368421052631,9.681456744893683,174.0,526.09
2022-06-23,148.0,,,5.847368421052631,9.43884957497428,144.0,635.71
2022-06-24,210.0,,,5.636842105263158,9.41643032865313,249.0,966.74
2022-06-25,199.0,,,5.423157894736842,9.240791306168845,262.0,1127.85
2022-06-26,206.0,,,5.912631578947368,9.659800910961764,399.0,1858.64
2022-06-27,118.0,,,5.746315789473684,9.488916384631876,310.0,1019.93
2022-06-28,160.0,,,6.737804878048781,10.145480539080678,80.0,278.04
2022-06-29,162.0,,,6.105263157894737,9.552201132334076,121.0,389.06
2022-06-30,154.0,,,5.433684210526315,8.875829125505602,56.0,161.48
2022-07-01,64.0,,,3.28125,7.623858844719682,80.0,203.9
2022-07-02,92.0,,,4.794791666666666,9.087195963687376,97.0,190.93
2022-07-03,84.0,,,5.685416666666666,9.458574268513326,53.0,149.06
2022-07-04,101.0,,,4.894623655913978,9.214548581636938,167.0,460.41
2022-07-05,133.0,,,3.9580645161290318,8.455681426537828,56.0,195.82
2022-07-06,100.0,,,5.6204301075268805,9.412221000424013,101.0,275.16
2022-07-07,97.0,,,4.532978723404255,8.754370807551025,149.0,364.47
2022-07-08,89.0,,,4.475,8.89438179259961,150.0,406.46999999999997
2022-07-09,111.0,,,4.622340425531915,8.711038038650807,104.0,2863.75
2022-07-10,66.0,,,3.025531914893617,7.46190232267644,126.0,283.18
2022-07-11,98.0,,,4.264444444444444,8.801906217330233,144.0,453.94
2022-07-12,84.0,,,3.810958904109589,8.307067968567415,91.0,218.98
2022-07-13,82.0,,,,,107.0,414.38
2022-07-14,88.0,,,2.7484210526315787,6.823938825738727,119.0,338.09
2022-07-15,92.0,,,3.9436170212765957,8.292522328063255,60.0,175.33
2022-07-16,87.0,,,4.987368421052631,9.046666743687013,110.0,922.2
2022-07-17,96.0,,,4.925263157894737,8.834422140563058,101.0,319.41
2022-07-18,140.0,,,1.6214285714285714,5.980761280514837,137.0,337.74
2022-07-19,124.0,,,5.309302325581395,9.524925045411578,144.0,778.22
2022-07-20,86.0,,,3.081052631578947,7.407705802956668,63.0,188.9
2022-07-21,53.0,,,2.6066666666666665,6.684794081354516,60.0,1455.01
2022-07-22,171.0,,,2.04,6.216405885048013,36.0,72.96000000000001
2022-07-23,71.0,,,2.563157894736842,6.8606812612466594,14.0,32.36
2022-07-24,59.0,,,2.114736842105263,6.199896506017688,13.0,25.36
2022-07-25,56.0,,,3.783157894736842,7.836842240634379,29.0,95.24
2022-07-26,60.0,,,3.027368421052631,7.418198469509608,72.0,171.67000000000002
2022-07-27,55.0,,,2.6210526315789475,6.837255495443065,134.0,387.24
2022-07-28,52.0,,,1.5936842105263158,5.450333008102911,136.0,5183.16
2022-07-29,47.0,,,2.502105263157895,6.901849566283687,97.0,276.03
2022-07-30,47.0,,,2.0294736842105263,6.2241443688510385,139.0,287.01
2022-07-31,50.0,,,1.374736842105263,5.001956392168983,48.0,152.73
2022-08-01,48.0,,,1.9978260869565216,6.332854819686308,63.0,174.95
2022-08-02,216.0,,,3.1021052631578945,7.726040230828227,31.0,112.52
2022-08-03,125.0,,,2.980232558139535,7.503941235306117,19.0,56.12
2022-08-04,99.0,,,2.6390804597701147,7.168184816480277,99.0,243.38
2022-08-05,56.0,,,0.7905263157894736,3.9317061881366517,75.0,103.03
2022-08-06,88.0,,,2.4315789473684206,6.889187691946795,63.0,158.13
2022-08-07,127.0,,,1.2824175824175823,5.123358130640344,160.0,444.57
2022-08-08,68.0,,,0.2578947368421053,0.4160971546469204,50.0,112.75
2022-08-09,115.0,,,0.5074074074074074,0.6641356567073724,34.0,91.17
2022-08-10,87.0,,,0.15729166666666666,0.3724018179803742,16.0,43.339999999999996
2022-08-11,62.0,,,0.5208333333333334,0.7439463289450906,51.0,201.09
2022-08-12,52.0,,,0.2708333333333333,0.6066155752536783,99.0,238.93
2022-08-13,58.0,,,0.4666666666666666,0.9517481607040325,35.0,144.24
2022-08-14,53.0,,,3.4343749999999997,7.737561537889803,9.0,34.87
2022-08-15,47.0,,,5.723958333333333,9.462855302838362,47.0,121.47
2022-08-16,47.0,,,5.820833333333333,9.640232762713683,172.0,479.09
2022-08-17,48.0,,,6.255208333333333,9.42657910592973,221.0,483.96
2022-08-18,48.0,,,5.679166666666666,9.706632747675458,55.0,133.2
2022-08-19,59.0,,,5.804166666666666,9.647469443676236,13.0,30.12
2022-08-20,69.0,,,5.64375,9.726846327237013,49.0,133.36
2022-08-21,93.0,,,5.694791666666666,9.699618763985862,100.0,201.07
2022-08-22,93.0,,,5.762499999999999,9.66273634558092,95.0,254.28
2022-08-23,69.0,,,5.933333333333333,9.586785495688893,49.0,116.58
2022-08-24,51.0,,,6.101041666666666,9.496143203722974,60.0,115.89
2022-08-25,77.0,,,5.711458333333333,9.690145507480283,158.0,312.35
2022-08-26,105.0,,,5.6875,9.703827242789039,108.0,222.67
2022-08-27,92.0,,,5.7749999999999995,9.662777196949888,87.0,216.59
2022-08-28,106.0,,,5.6656249999999995,9.714783396832294,63.0,542.94
2022-08-29,130.0,,,5.644791666666666,9.725439995909445,217.0,583.27
2022-08-30,110.0,,,4.486315789473684,8.739913463302978,158.0,401.58
2022-08-31,110.0,,,3.345833333333333,7.3365547151043105,94.0,238.82
2022-09-01,112.0,,,5.175531914893616,9.321413504078887,115.0,250.48
2022-09-02,104.0,,,3.844791666666666,8.07588834666003,164.0,1174.77
2022-09-03,106.0,,,3.0593749999999997,7.069453609870092,96.0,286.1
2022-09-04,85.0,,,1.7104166666666665,4.58152994824509,154.0,365.76
2022-09-05,82.0,,,1.0202247191011236,1.581223618197521,107.0,263.03
2022-09-06,73.0,,,1.4482758620689655,6.048771969715826,78.0,170.3
2022-09-07,124.0,,,1.8643835616438356,6.92365851152196,73.0,181.84
2022-09-08,222.0,,,1.0042105263157894,2.698301900584241,88.0,146.75
2022-09-09,150.0,,,0.771578947368421,1.388069465878874,83.0,184.83
2022-09-10,96.0,,,0.8270833333333334,1.4733048540551468,42.0,119.26
2022-09-11,72.0,,,1.0076923076923077,1.4376856996368055,20.0,51.4
2022-09-12,76.0,,,0.7903225806451613,1.428062271517737,68.0,172.77
2022-09-13,63.0,,,0.7572916666666667,1.8242082517119675,62.0,175.17
2022-09-14,64.0,,,0.8989583333333333,2.5959277741824645,61.0,103.64
2022-09-15,62.0,,,0.9020833333333332,1.519624549660153,29.0,118.26
2022-09-16,54.0,,,0.7572916666666667,1.4706063763070958,127.0,299.73
2022-09-17,54.0,,,0.765625,1.5126016712239465,128.0,368.45
2022-09-18,92.0,,,2.3655555555555554,6.007189720624404,179.0,458.17
2022-09-19,140.0,,,1.049438202247191,1.6299138010884346,93.0,244.56
2022-09-20,131.0,,,1.0260869565217392,1.6113518701693705,90.0,242.62
2022-09-21,84.0,,,1.167857142857143,1.633619730882646,142.0,438.87
2022-09-22,51.0,,,1.1445945945945946,1.6101681943874546,211.0,659.12
2022-09-23,31.0,,,1.074025974025974,1.602005535620454,269.0,762.02
2022-09-24,37.0,,,1.484375,2.662777660342871,217.0,570.76
2022-09-25,24.0,,,1.0903225806451613,1.5800429628259718,262.0,536.92
2022-09-26,66.0,,,0.9239130434782609,1.5702851679994265,172.0,436.1
2022-09-27,75.0,,,0.9472527472527473,1.5758835729231506,171.0,385.64
2022-09-28,108.0,,,0.7000000000000001,1.4188343487140807,108.0,270.12
2022-09-29,124.0,,,1.0329113924050635,1.629119749654611,148.0,366.04
2022-09-30,133.0,,,0.9473118279569893,1.5911843686966844,242.0,526.79
2022-10-01,139.0,,,1.018888888888889,1.6339718235330365,179.0,634.86
2022-10-02,141.0,,,1.1247058823529412,1.6412760629601406,202.0,599.69
2022-10-03,107.0,,,1.1224719101123597,1.6259090330830577,223.0,826.55
2022-10-04,118.0,,,1.3337837837837838,1.6883384899716452,375.0,1466.28
2022-10-05,150.0,,,1.101219512195122,1.6846799822451557,371.0,1184.56
2022-10-06,109.0,,,1.3094594594594595,1.691734047471719,227.0,635.89
2022-10-07,35.0,,,1.4013333333333335,1.6507568561717982,168.0,429.11
2022-10-08,81.0,,,1.3644736842105263,1.6559954868995206,319.0,734.54
2022-10-09,100.0,,,1.3645569620253166,1.625520664096903,335.0,1079.65
2022-10-10,19.0,,,1.2640625,1.603702777701139,157.0,371.89
2022-10-11,45.0,,,1.288888888888889,1.7448336437736536,144.0,422.86
2022-10-12,94.0,,,1.2791666666666668,1.7317204259934156,151.0,432.21
2022-10-13,97.0,,,1.2662162162162163,1.7155435279950677,338.0,1047.6
2022-10-14,115.0,,,1.327027027027027,1.708423714510142,374.0,1300.97
2022-10-15,138.0,,,1.2722222222222224,1.7344254414340161,736.0,2794.57
2022-10-16,184.0,,,3.156338028169014,6.6884064383158295,775.0,3152.21
2022-10-17,185.0,,,4.939436619718309,8.889632466663297,529.0,2074.93
2022-10-18,200.0,,,5.476056338028168,9.352974542720661,588.0,2343.35
2022-10-19,74.0,,,5.477777777777778,9.175736869856904,905.0,3998.43
2022-10-20,101.0,,,6.018055555555555,9.602469259737,1055.0,4168.05
2022-10-21,246.0,,,6.516666666666667,9.860705914221382,1167.0,4717.89
2022-10-22,262.0,,,7.350704225352112,10.496296942111627,1159.0,5107.08
2022-10-23,274.0,,,6.32361111111111,9.791092431468766,1284.0,6300.03
2022-10-24,307.0,,,7.354929577464787,10.49199407347464,1803.0,10467.53
2022-10-25,289.0,,,7.597222222222222,10.548225566312516,2532.0,14513.49
2022-10-26,285.0,,,10.36153846153846,11.25454424728864,2196.0,10191.33
2022-10-27,376.0,,,6.880281690140844,10.29554161092918,1823.0,8604.56
2022-10-28,392.0,,,14.31111111111111,10.911848809640116,1869.0,9700.22
2022-10-29,424.0,,,7.191549295774648,10.403526139575032,2567.0,14779.18
2022-10-30,381.0,,,7.319718309859154,10.517395382593676,3667.0,25364.75
2022-10-31,409.0,,,7.3056338028169,10.52536918014136,4174.0,21937.72
2022-11-01,434.0,,,7.593055555555555,10.5510205953028,3146.0,21592.78
2022-11-02,390.0,,,22.399999999999995,0.0,2217.0,13547.18
2022-11-03,456.0,,,7.291549295774647,10.533399213642467,3140.0,18875.13
2022-11-04,451.0,,,7.486111111111111,10.62020802368549,4291.0,28442.47
2022-11-05,376.0,,,22.4,2.384185791015625e-07,6166.0,39234.64
2022-11-06,368.0,,,0.5,0.6567376552521463,3181.0,16815.0
2022-11-07,368.0,,,0.075,0.20054274183910978,1965.0,11099.59
2022-11-08,403.0,,,0.06875,0.20951438278968987,1142.0,5114.44
2022-11-09,292.0,,,10.961702127659573,11.318521819134014,2805.0,18970.670000000002
2022-11-10,315.0,,,0.0,0.0,4705.0,28771.77
2022-11-11,340.0,,,0.16091954022988506,0.3635600209040952,5354.0,30186.95
2022-11-12,289.0,,,0.13943661971830987,0.3391075991226033,3686.0,20487.8
2022-11-13,249.0,,,0.39577464788732397,0.653219853542721,2938.0,16695.95
2022-11-14,319.0,,,0.11549295774647886,0.36941957846018153,1171.0,4825.1
2022-11-15,200.0,,,0.05694444444444445,0.2068042477080912,1841.0,8754.03
2022-11-16,211.0,,,0.0,0.0,3821.0,17942.48
2022-11-17,203.0,,,0.17285714285714285,0.5426508815952171,2922.0,14653.85
2022-11-18,268.0,,,0.0625,0.18838558977475592,1829.0,7708.59
2022-11-19,263.0,,,0.16170212765957445,0.34987773733453115,1822.0,8685.43
2022-11-20,278.0,,,0.16944444444444443,0.46803120423505434,1657.0,7528.04
2022-11-21,246.0,,,3.8399999999999994,8.183291227809809,1904.0,7621.55
2022-11-22,203.0,,,7.466197183098592,10.422200804902303,2097.0,8017.21
2022-11-23,221.0,,,10.538775510204081,11.288320223549105,1472.0,5039.98
2022-11-24,215.0,,,7.018571428571428,10.225278322382545,1210.0,4835.39
2022-11-25,306.0,,,0.17916666666666667,0.45754122396916935,1260.0,4448.84
2022-11-26,296.0,,,6.688571428571429,10.188591842188401,1752.0,6497.07
2022-11-27,288.0,,,0.03125,0.15999501322015994,2207.0,7540.9
2022-11-28,308.0,,,0.004166666666666667,0.020412414523193156,1621.0,5736.03
2022-11-29,360.0,,,4.4180851063829785,8.708924637219281,1106.0,3838.76
2022-11-30,389.0,,,7.1,10.399519219656261,1058.0,3738.84
2022-12-01,358.0,,,10.002127659574468,10.950332322963936,1090.0,3719.84
2022-12-02,386.0,,,6.835714285714285,10.31217144529629,1357.0,4696.94
2022-12-03,411.0,,,0.020833333333333332,0.10206207261596574,1740.0,5713.24
2022-12-04,408.0,,,0.13541666666666666,0.3687180686980191,1501.0,5198.41
2022-12-05,324.0,,,7.045070422535211,10.37510466360143,1091.0,3985.82
2022-12-06,316.0,,,10.815217391304346,11.217168733514498,1410.0,5002.69
2022-12-07,224.0,,,10.995744680851063,11.285811743778279,1135.0,4893.46
2022-12-08,209.0,,,0.3,0.47639954002825236,1874.0,7228.99
2022-12-09,260.0,,,10.98936170212766,11.30008145493061,1235.0,4871.46
2022-12-10,343.0,,,6.897222222222222,10.36292106600954,509.0,1845.42
2022-12-11,198.0,,,5.484210526315789,9.618005231650596,801.0,2242.48
2022-12-12,182.0,,,5.306382978723404,9.501497431623504,827.0,2728.98
2022-12-13,153.0,,,5.561052631578947,9.57809218706987,1174.0,4236.14
2022-12-14,161.0,,,5.489473684210527,9.449197575795937,1754.0,6436.98
2022-12-15,162.0,,,4.712765957446808,8.969305292412898,1582.0,6431.94
2022-12-16,206.0,,,4.934408602150538,9.208000946998496,1409.0,5821.08
2022-12-17,314.0,,,5.339361702127659,9.485622601987426,1657.0,6086.41
2022-12-18,319.0,,,,,1783.0,6654.26
2022-12-19,354.0,,,,,1992.0,7733.61
2022-12-20,263.0,,,,,1484.0,6035.31
2022-12-21,214.0,,,,,1219.0,4620.15
2022-12-22,263.0,,,,,1474.0,5803.26
2022-12-23,236.0,,,,,1598.0,5925.3
2022-12-24,266.0,,,,,1969.0,7290.97
2022-12-25,208.0,,,,,1443.0,5618.83
2022-12-26,240.0,,,,,745.0,3080.67
2022-12-27,249.0,,,,,859.0,3395.77
2022-12-28,236.0,,,,,1141.0,4150.38
2022-12-29,232.0,,,,,1268.0,6258.71
2022-12-30,368.0,,,,,1498.0,5819.64
2022-12-31,357.0,,,,,1069.0,4118.34
2023-01-01,281.0,,,,,739.0,2681.76
2023-01-02,327.0,,,,,852.0,2817.61
2023-01-03,384.0,,,,,788.0,2763.95
2023-01-04,341.0,,,,,883.0,3593.7
2023-01-05,318.0,,,,,862.0,2764.72
2023-01-06,365.0,,,,,916.0,3647.38
2023-01-07,500.0,,,,,1725.0,7990.15
2023-01-08,500.0,,,,,1823.0,7524.46
2023-01-09,412.0,,,0.0038461538461538464,0.019611613513818404,1741.0,7562.78
2023-01-10,236.0,,,0.2972222222222222,1.0288651476571127,1760.0,13865.74
2023-01-11,288.0,,,0.37,0.7499830506559376,1227.0,4982.44
2023-01-12,400.0,,,0.2638888888888889,0.4676297908423448,1258.0,5488.37
2023-01-13,388.0,,,0.08947368421052632,0.22991123279308937,1159.0,4881.16
2023-01-14,337.0,,,0.3146341463414634,0.48711445041681734,1202.0,4982.68
2023-01-15,233.0,,,0.7208333333333333,1.7013084243046377,1192.0,4132.69
2023-01-16,285.0,,,0.5020833333333333,1.6878148511111062,908.0,3188.16
2023-01-17,289.0,,,0.19375,0.34046666972185313,824.0,3452.21
2023-01-18,302.0,,,0.09166666666666667,0.2258160928751945,955.0,3536.8
2023-01-19,337.0,,,0.14,0.3190503149164342,1157.0,4307.18
2023-01-20,196.0,,,0.12708333333333335,0.3324567374403827,1152.0,4085.31
2023-01-21,305.0,,,0.22708333333333333,0.3553479465545951,1156.0,4709.34
2023-01-22,411.0,,,0.11875000000000001,0.3424916523287737,986.0,3789.9
2023-01-23,335.0,,,0.35625,0.48680733661143943,1253.0,5136.19
2023-01-24,242.0,,,0.09999999999999999,0.212643813228478,1088.0,4875.93
2023-01-25,181.0,,,0.29791666666666666,0.6492187066605634,1282.0,4917.27
2023-01-26,174.0,,,0.27708333333333335,0.3855030332597687,1351.0,5289.09
2023-01-27,143.0,,,0.25416666666666665,0.5315406484859909,1088.0,3919.76
2023-01-28,157.0,,,0.6229166666666667,2.3853488601035204,1348.0,5912.63
2023-01-29,255.0,,,0.5416666666666666,0.6985801202418824,1354.0,5291.98
2023-01-30,110.0,,,0.46458333333333335,0.6701824404937057,1031.0,4058.69
2023-01-31,127.0,,,0.6854166666666667,1.8864567240281993,1092.0,3912.75
2023-02-01,101.0,,,0.3854838709677419,0.8853723444179741,1050.0,3636.41
2023-02-02,141.0,,,0.21944444444444444,0.5028479144225653,1882.0,9069.93
2023-02-03,187.0,,,0.10694444444444445,0.2524953709735434,2147.0,9966.62
2023-02-04,225.0,,,0.21944444444444444,0.47430865593562765,2574.0,12199.3
2023-02-05,186.0,,,0.18472222222222223,0.3519201742962207,2372.0,9723.51
2023-02-06,268.0,,,0.42500000000000004,0.6366173812745337,1998.0,8974.63
2023-02-07,279.0,,,0.4277777777777778,0.810359374672087,1686.0,8233.18
2023-02-08,139.0,,,0.19615384615384615,0.5048961080460811,1706.0,7722.27
2023-02-09,216.0,,,0.6291666666666667,0.8161419725135117,2513.0,10440.8
2023-02-10,159.0,,,0.3055555555555556,0.4898660032044086,2316.0,10212.06
2023-02-11,278.0,,,0.21666666666666667,0.44854540735151927,2553.0,11968.51
2023-02-12,154.0,,,0.5583333333333333,0.782691276176512,2779.0,13607.42
2023-02-13,124.0,,,0.6875,0.8879604068935315,3240.0,16657.66
2023-02-14,118.0,,,0.19166666666666665,0.34478572038652666,3523.0,17728.52
2023-02-15,161.0,,,0.24929577464788732,0.4371574542873931,3915.0,23499.03
2023-02-16,217.0,,,0.15,0.2941535581791825,3406.0,16748.82
2023-02-17,342.0,,,0.13854166666666667,0.34224330885517745,2179.0,10978.28
2023-02-18,326.0,,,0.14,0.40302051053872395,1924.0,11446.44
2023-02-19,257.0,,,0.35520833333333335,0.6307672507045713,1939.0,9725.76
2023-02-20,337.0,,,0.5447916666666667,0.7310943191605116,2215.0,10817.92
2023-02-21,197.0,,,0.284375,0.5689007174505842,3147.0,14331.33
2023-02-22,198.0,,,0.18125,0.4000822283902201,3216.0,13872.41
2023-02-23,196.0,,,0.2726027397260274,0.4565146565654342,3010.0,16314.47
2023-02-24,157.0,,,0.18541666666666667,0.42845602038424996,3546.0,18826.26
2023-02-25,212.0,,,0.1375,0.27344309601919625,4745.0,23427.63
2023-02-26,236.0,,,0.21041666666666667,0.4081999424086879,5953.0,27715.05
2023-02-27,220.0,,,0.15555555555555556,0.359513560244951,5301.0,22704.43
2023-02-28,206.0,,,0.4568421052631579,0.7802962655543558,4012.0,23657.23
2023-03-01,170.0,,,0.42210526315789476,0.6934617060357133,3604.0,21343.66
2023-03-02,175.0,,,0.24375000000000002,0.5239149187656934,4923.0,27427.16
2023-03-03,137.0,,,0.31979166666666664,0.5801306189882751,8238.0,40639.73
2023-03-04,126.0,,,0.25833333333333336,0.4802776974487433,12786.0,68817.91
2023-03-05,128.0,,,0.24583333333333335,0.4455432323914534,8859.0,33687.8
2023-03-06,129.0,,,0.19578947368421054,0.43391238194728526,5903.0,38188.78
2023-03-07,159.0,,,0.2041666666666667,0.4070217029430576,4983.0,52969.09
2023-03-08,154.0,,,0.19479166666666667,0.41836015500791374,5836.0,45643.44
2023-03-09,104.0,,,0.19789473684210526,0.4063273356487461,5443.0,41725.94
2023-03-10,190.0,,,0.26458333333333334,0.5608225475358148,4275.0,25254.59
2023-03-11,217.0,,,0.26666666666666666,0.47410118099891035,5755.0,48301.92
2023-03-12,183.0,,,0.22526315789473683,0.4158990315921443,5168.0,33695.44
2023-03-13,232.0,,,0.18472222222222223,0.3417682775734979,7033.0,80813.08
2023-03-14,228.0,,,0.17395833333333333,0.32807084975069084,9754.0,150194.11
2023-03-15,197.0,,,0.31157894736842107,0.558276824091802,5133.0,44930.88
2023-03-16,229.0,,,0.4322916666666667,0.5637272187795995,834.0,8099.53
2023-03-17,158.0,,,0.5905405405405406,0.8115888220904531,694.0,2404.27
2023-03-18,138.0,,,0.8188679245283018,0.925920872963689,622.0,2684.79
2023-03-19,123.0,,,,,662.0,3053.89
2023-03-20,174.0,,,,,823.0,2524.25
2023-03-21,98.0,,,0.17045454545454544,0.35866648721148425,534.0,2032.6
2023-03-22,122.0,,,0.25,0.3524561704846093,982.0,4170.65
2023-03-23,177.0,,,0.203125,0.4014324679392406,1531.0,6622.19
2023-03-24,185.0,,,1.1145833333333333,1.3024656105504924,1652.0,7325.08
2023-03-25,163.0,,,0.540625,0.7387867899824899,2135.0,9057.76
2023-03-26,154.0,,,0.4447916666666667,0.6213516322318572,1982.0,8631.44
2023-03-27,186.0,,,0.38125000000000003,0.7120485642810725,2533.0,15606.64
2023-03-28,178.0,,,0.17708333333333334,0.41662280470889823,2754.0,17123.07
2023-03-29,193.0,,,0.2604166666666667,0.47250266870127267,2896.0,14613.96
2023-03-30,182.0,,,0.5604166666666667,0.873405815928796,2734.0,16787.64
2023-03-31,97.0,,,0.4197916666666666,0.6527060742005132,1655.0,8854.91
2023-04-01,279.0,,,0.525,0.9685583426711549,1598.0,7446.93
2023-04-02,136.0,,,0.28194444444444444,0.4170069033403282,2414.0,13099.11
2023-04-03,138.0,,,0.7333333333333334,0.8815685569298487,2710.0,13980.27
2023-04-04,113.0,,,0.14166666666666666,0.23015432755599802,3187.0,15464.99
2023-04-05,106.0,,,0.5513888888888889,0.9443669994943489,3601.0,17312.65
2023-04-06,126.0,,,0.3302083333333333,0.5301677572968702,3355.0,19725.38
2023-04-07,112.0,,,0.3354166666666667,0.5556248479245739,2505.0,16866.72
2023-04-08,161.0,,,0.2736111111111111,0.5009829930361149,4079.0,33177.2
2023-04-09,233.0,,,0.2138888888888889,0.4025641600706599,4573.0,30306.89
2023-04-10,176.0,,,0.3382978723404255,0.6841539336986776,8757.0,87522.66
2023-04-11,309.0,,,0.3822916666666667,0.6055871081966946,10255.0,109718.78
2023-04-12,224.0,,,0.37083333333333335,0.830267409712802,8549.0,74354.78
2023-04-13,248.0,,,0.4145833333333333,0.6384787716470859,6218.0,58185.67
2023-04-14,272.0,,,0.325,0.6299381191024281,5103.0,40256.64
2023-04-15,279.0,,,0.35833333333333334,0.5994715983122959,6531.0,44854.75
2023-04-16,222.0,,,0.5708333333333333,0.874431404794076,8407.0,42386.11
2023-04-17,223.0,,,0.18333333333333335,0.4535126887588133,7766.0,47279.49
2023-04-18,230.0,,,0.5125,0.883963146896081,6530.0,40441.91
2023-04-19,241.0,,,0.6458333333333334,1.2799531795514918,7727.0,44345.39
2023-04-20,151.0,,,0.65,0.9506113674004669,5733.0,30683.21
2023-04-21,122.0,,,0.6347222222222223,1.0078787824250484,4137.0,18370.07
2023-04-22,143.0,,,0.7069444444444444,1.1044502027666239,2649.0,13378.3
2023-04-23,118.0,,,0.4791666666666667,0.9459787981370528,1987.0,12582.92
2023-04-24,176.0,,,0.19305555555555556,0.45325936637662284,1787.0,11906.51
2023-04-25,198.0,,,0.20208333333333336,0.45123451624679856,2317.0,12647.33
2023-04-26,234.0,,,0.11805555555555555,0.2810074375682983,1384.0,6682.42
2023-04-27,207.0,,,0.7861111111111111,1.2392984789286252,1613.0,8073.63
2023-04-28,128.0,,,0.18194444444444444,0.39085546800589793,1252.0,6685.2
2023-04-29,209.0,,,0.39791666666666664,0.5994641519753673,613.0,3057.25
2023-04-30,130.0,,,0.4541666666666667,0.9978762660037168,694.0,3734.63
2023-05-01,84.0,,,0.7888888888888889,1.3612913872501968,304.0,636.24
2023-05-02,70.0,,,0.8875,1.5692410922588669,447.0,2173.52
2023-05-03,104.0,,,0.8500000000000001,1.6540177290123959,499.0,2772.37
2023-05-04,217.0,,,0.6236111111111111,1.2142920102150006,1341.0,7118.5
2023-05-05,165.0,,,0.625,1.1686937453509945,2605.0,15742.65
2023-05-06,236.0,,,0.41111111111111115,0.7985119180419824,2214.0,14048.56
2023-05-07,192.0,,,0.7694444444444444,1.0491631660436738,3338.0,19261.03
2023-05-08,126.0,,,0.5957446808510638,0.8203809949488502,3811.0,17745.9
2023-05-09,208.0,,,0.4138888888888889,0.6400496361816113,4368.0,24655.6
2023-05-10,184.0,,,0.5569444444444445,0.9415040991419504,3529.0,24783.13
2023-05-11,221.0,,,0.37916666666666665,0.7050996333552773,2977.0,23340.59
2023-05-12,247.0,,,0.17638888888888887,0.3605524148004924,3114.0,20447.9
2023-05-13,287.0,,,0.37777777777777777,0.7111233371405965,4572.0,25303.79
2023-05-14,254.0,,,0.575,1.0125619438537306,3582.0,16513.27
2023-05-15,148.0,,,0.3138888888888889,0.5141122679922709,3065.0,19803.59
2023-05-16,270.0,,,0.7563380281690141,0.956142905392912,3197.0,20054.77
2023-05-17,363.0,,,0.5796610169491526,1.2626982140088014,2433.0,16256.45
2023-05-18,251.0,,,0.8583333333333333,1.415582296949428,1753.0,8018.2
2023-05-19,198.0,,,0.48888888888888893,0.669991708074726,1824.0,9825.21
2023-05-20,187.0,,,0.30000000000000004,0.5740883771587197,1829.0,11965.45
2023-05-21,233.0,,,0.5427083333333333,0.9573807240994533,1964.0,13790.11
2023-05-22,182.0,,,0.8916666666666666,1.5530388998867362,1707.0,10229.58
2023-05-23,216.0,,,0.8739583333333334,1.3632194704307166,1619.0,8098.57
2023-05-24,148.0,,,1.1479166666666667,1.3895837443119936,1468.0,7898.1
2023-05-25,80.0,,,0.6530120481927711,1.1626648689171124,1239.0,6022.6
2023-05-26,85.0,,,0.4541666666666667,0.7336840283944627,1577.0,7506.64
2023-05-27,48.0,,,0.6319444444444444,0.9897825040486488,1763.0,11441.23
2023-05-28,115.0,,,0.4083333333333333,0.6456244929643646,1490.0,8481.46
2023-05-29,98.0,,,1.1319444444444444,4.232963414025185,1482.0,6417.31
2023-05-30,102.0,,,0.6656716417910448,1.079639704043559,808.0,4499.56
2023-05-31,81.0,,,0.9704225352112676,4.092131626363564,1040.0,5808.13
2023-06-01,82.0,,,0.28611111111111115,0.4765798207106625,1611.0,10675.55
2023-06-02,84.0,,,0.2611111111111111,0.4355846178544694,1635.0,10742.03
2023-06-03,100.0,,,0.08169014084507042,0.2480264151571243,1665.0,9687.85
2023-06-04,152.0,,,0.27222222222222225,0.4667002000024385,1102.0,5208.46
2023-06-05,148.0,,,0.4708333333333333,0.7651636113359523,1060.0,4929.72
2023-06-06,124.0,,,0.428169014084507,0.6757394042489518,1279.0,7235.07
2023-06-07,187.0,,,0.46249999999999997,0.8757190204722638,1215.0,6979.45
2023-06-08,139.0,,,0.3680555555555556,0.7251665935627519,1359.0,6125.23
2023-06-09,144.0,,,0.17916666666666667,0.33981664484347446,1299.0,7832.29
2023-06-10,136.0,,,1.0097222222222222,1.6994746265419152,708.0,3816.66
2023-06-11,117.0,,,0.44305555555555554,0.788799478060438,890.0,4499.98
2023-06-12,176.0,,,0.4555555555555555,0.7875597699453081,895.0,4965.77
2023-06-13,201.0,,,0.7944444444444444,1.079108772714309,889.0,4414.9
2023-06-14,214.0,,,0.8152777777777778,1.2118731540351277,720.0,2881.08
2023-06-15,163.0,,,0.7361111111111112,1.2007398605995185,543.0,2087.3
2023-06-16,121.0,,,0.4083333333333333,0.7670595033569045,685.0,3357.71
2023-06-17,138.0,,,0.2222222222222222,0.43676861512841025,467.0,2674.07
2023-06-18,78.0,,,0.34444444444444444,0.6189243028390123,437.0,2808.45
2023-06-19,62.0,,,0.48055555555555557,1.0190632109226712,386.0,1990.92
2023-06-20,112.0,,,0.26944444444444443,0.46561753297202474,268.0,1398.85
2023-06-21,79.0,,,0.6569444444444444,0.9324851528310737,197.0,1002.56
2023-06-22,105.0,,,0.38333333333333336,0.6626876561227503,239.0,907.0
2023-06-23,114.0,,,0.6375,0.835385969663041,230.0,779.88
2023-06-24,143.0,,,0.7,0.9977439339562426,111.0,461.51
2023-06-25,67.0,,,1.348611111111111,2.741645083180594,42.0,179.82
2023-06-26,84.0,,,0.37083333333333335,0.7356969484781082,30.0,2073.83
2023-06-27,69.0,,,0.3055555555555556,0.6538916843776794,64.0,255.58
2023-06-28,79.0,,,0.7027777777777778,0.957398503019367,67.0,276.98
2023-06-29,106.0,,,0.32499999999999996,0.6117971678978968,150.0,493.54
2023-06-30,58.0,,,0.29305555555555557,0.5410803977877129,165.0,621.42
2023-07-01,45.0,,,0.45972222222222225,0.935174868368903,156.0,444.51
2023-07-02,43.0,,,0.18472222222222223,0.4082458946335322,133.0,540.72
2023-07-03,99.0,,,0.16527777777777777,0.35530574900199047,235.0,812.23
2023-07-04,118.0,,,0.6097222222222222,0.9952223507269828,211.0,660.13
2023-07-05,79.0,,,1.2098591549295776,1.240294311798323,128.0,615.6
2023-07-06,58.0,,,1.3541666666666667,4.208172381061926,26.0,602.35
2023-07-07,60.0,,,0.5180555555555555,0.8520606982426941,105.0,1884.8200000000002
2023-07-08,62.0,,,1.6819444444444445,4.546204929881158,143.0,340.06
2023-07-09,44.0,,,1.7236111111111112,5.143750291169177,211.0,822.86
2023-07-10,45.0,,,0.44166666666666665,0.7962500138191786,136.0,425.98
2023-07-11,48.0,,,3.2249999999999996,7.44559137919316,132.0,292.42
2023-07-12,62.0,,,6.925,9.82970132654162,156.0,382.43
2023-07-13,72.0,,,7.536111111111111,10.330268741381834,46.0,1055.94
2023-07-14,79.0,,,7.625,10.561233255985016,81.0,249.65
2023-07-15,107.0,,,7.412499999999999,10.418712005768995,78.0,333.76
2023-07-16,75.0,,,7.704166666666666,10.510590735331377,59.0,1821.26
2023-07-17,91.0,,,7.623611111111111,10.57833945614586,81.0,247.43
2023-07-18,108.0,,,7.855555555555556,10.424684801380698,77.0,199.47
2023-07-19,81.0,,,7.784722222222222,10.490259193648253,,
2023-07-20,103.0,,,5.523611111111111,9.16067057413168,,
2023-07-21,125.0,,,11.3125,11.249144175485133,,
2023-07-22,108.0,,,11.804166666666667,10.859900049172374,,
2023-07-23,79.0,,,11.595833333333333,11.000579449599485,130.0,1001.99
2023-07-24,80.0,,,11.616666666666667,10.949503696774288,217.0,1241.95
2023-07-25,99.0,,,11.94375,11.061335886580093,80.0,172.53
2023-07-26,70.0,,,12.764583333333333,11.051744631376671,179.0,2646.91
2023-07-27,105.0,,,11.235416666666666,11.325164778911763,90.0,4115.3
2023-07-28,80.0,,,11.4125,11.179190870122861,127.0,481.53000000000003
2023-07-29,55.0,,,11.299999999999999,11.269597587635241,131.0,595.92
2023-07-30,60.0,,,11.420833333333334,11.185342961354406,93.0,317.69
2023-07-31,94.0,,,11.285416666666665,11.259114314271972,61.0,337.61
2023-08-01,88.0,,,11.212499999999999,11.30606361507333,32.0,83.38
2023-08-02,94.0,,,11.34375,11.202068696678593,34.0,108.08
2023-08-03,85.0,,,11.429166666666667,11.138641926717595,174.0,811.69
2023-08-04,96.0,,,11.239583333333334,11.29610626915185,96.0,348.82
2023-08-05,73.0,,,11.264583333333333,11.289676881027834,113.0,491.24
2023-08-06,83.0,,,11.291666666666666,11.262890172396293,62.0,196.0
2023-08-07,104.0,,,11.274999999999999,11.295216460680026,35.0,94.68
2023-08-08,124.0,,,11.302083333333334,11.278061731451894,66.0,215.82
2023-08-09,127.0,,,11.302083333333334,11.27645805231739,138.0,348.83
2023-08-10,137.0,,,11.270833333333334,11.28212591882518,93.0,227.32
2023-08-11,124.0,,,10.510416666666666,11.11681187237032,96.0,417.28000000000003
2023-08-12,128.0,,,10.822916666666666,11.242628593662406,29.0,54.95
2023-08-13,119.0,,,11.00625,11.119034977451381,15.0,58.87
2023-08-14,112.0,,,10.237499999999999,10.902949532609892,46.0,196.95
2023-08-15,94.0,,,9.2,10.496382355516179,140.0,332.6
2023-08-16,63.0,,,9.638297872340425,10.910396979815594,119.0,610.23
2023-08-17,68.0,,,8.714583333333334,10.329239422955478,137.0,282.5
2023-08-18,140.0,,,8.956249999999999,10.220461459582365,43.0,114.35
2023-08-19,111.0,,,8.69375,10.238546403020717,123.0,323.01
2023-08-20,90.0,,,8.238297872340425,10.571507094883362,163.0,493.83
2023-08-21,77.0,,,7.541666666666667,9.819560013831996,178.0,574.72
2023-08-22,86.0,,,6.76875,8.828198443961115,44.0,131.27
2023-08-23,65.0,,,7.216666666666666,8.815130448421908,38.0,124.51
2023-08-24,87.0,,,7.477083333333333,9.277523504464245,81.0,407.65999999999997
2023-08-25,115.0,,,7.418749999999999,9.641127687418438,83.0,342.1
2023-08-26,158.0,,,5.9125000000000005,8.978902577117188,156.0,394.62
2023-08-27,186.0,,,7.904166666666666,10.076620472253778,306.0,687.97
2023-08-28,150.0,,,6.083333333333333,8.637211265201074,235.0,513.28
2023-08-29,150.0,,,7.852083333333333,10.441325211060164,195.0,539.27
2023-08-30,148.0,,,7.09375,9.581640383922187,179.0,447.92
2023-08-31,137.0,,,6.875,9.468458276174616,218.0,751.81
2023-09-01,140.0,,,8.254166666666666,10.209527430523412,242.0,759.55
2023-09-02,131.0,,,7.96875,10.218093177862947,149.0,328.91
2023-09-03,137.0,,,9.363829787234042,10.28541444139551,87.0,233.84
2023-09-04,143.0,,,7.260416666666667,9.973533904594662,72.0,192.71
2023-09-05,103.0,,,9.35,10.50464942653814,60.0,236.91
2023-09-06,112.0,,,6.58125,9.134425327508556,57.0,152.67000000000002
2023-09-07,99.0,,,10.383333333333333,11.02267167161128,40.0,163.68
2023-09-08,76.0,,,9.564583333333333,11.015047533402685,51.0,149.07999999999998
2023-09-09,36.0,,,10.020833333333334,10.882055467864227,114.0,265.52
2023-09-10,34.0,,,9.195833333333333,10.83471486008242,167.0,451.74
2023-09-11,42.0,,,9.54375,11.005722036885699,143.0,347.36
2023-09-12,83.0,,,10.970833333333333,11.140418234506113,117.0,327.31
2023-09-13,84.0,,,8.291666666666666,10.103629710818451,135.0,359.7
2023-09-14,104.0,,,9.15,10.391096843789938,67.0,217.02
2023-09-15,76.0,,,6.820833333333333,8.959719750873035,63.0,239.0
2023-09-16,70.0,,,5.575,7.509752524465996,187.0,464.90999999999997
2023-09-17,42.0,,,5.060416666666667,7.193310710071629,211.0,503.57
2023-09-18,48.0,,,,,169.0,322.08
2023-09-19,48.0,,,,,28.0,90.36
2023-09-20,83.0,,,,,51.0,205.4
2023-09-21,103.0,,,,,39.0,120.68
2023-09-22,102.0,,,,,63.0,154.43
2023-09-23,92.0,,,,,93.0,178.8
2023-09-24,106.0,,,,,61.0,166.63
2023-09-25,103.0,,,,,126.0,395.67
2023-09-26,128.0,,,,,237.0,567.57
2023-09-27,111.0,,,,,311.0,869.42
2023-09-28,130.0,,,4.482258064516128,8.028852156361106,264.0,611.4399999999999
2023-09-29,141.0,,,3.7478873239436616,8.1955015388222,77.0,368.6
2023-09-30,145.0,,,3.5549295774647884,7.685882953876157,,
2023-10-01,140.0,,,3.9295774647887325,8.219704450129873,52.0,95.87
2023-10-02,135.0,,,2.1028169014084503,5.867171911357682,429.0,1497.67
2023-10-03,157.0,,,3.835211267605634,8.146569805604411,267.0,1116.83
2023-10-04,178.0,,,3.90281690140845,8.109764340965523,230.0,1068.64
2023-10-05,171.0,,,3.9140845070422534,8.191150203109414,350.0,1349.33
2023-10-06,192.0,,,2.9845070422535214,7.095625370351671,469.0,1772.46
2023-10-07,215.0,,,4.792957746478874,8.965829161618682,730.0,2489.42
2023-10-08,178.0,,,5.257746478873239,9.338976113530569,762.0,2919.77
2023-10-09,170.0,,,5.635211267605634,9.531737940638846,583.0,1843.27
2023-10-10,205.0,,,3.440845070422535,7.773629001121838,398.0,1211.19
2023-10-11,176.0,,,3.8957746478873236,8.431953453038341,570.0,1918.95
2023-10-12,210.0,,,2.945070422535211,7.489779488121403,1007.0,3705.42
2023-10-13,283.0,,,0.0723404255319149,0.19967596321733747,952.0,3394.49
2023-10-14,340.0,,,2.7901408450704226,7.068444058521699,851.0,3050.91
2023-10-15,414.0,,,3.4619718309859153,7.660648353709702,576.0,1935.2
2023-10-16,403.0,,,1.3647887323943662,4.5502307191598,396.0,1051.71
2023-10-17,65.0,,,0.9563380281690139,3.738515075510452,610.0,1741.66
2023-10-18,106.0,,,2.007042253521127,6.255701946308364,875.0,2903.89
2023-10-19,99.0,,,2.3142857142857145,6.747243897106383,879.0,3034.56
2023-10-20,159.0,,,2.363380281690141,6.694117661619463,838.0,2793.54
2023-10-21,159.0,,,2.9577464788732395,7.473355757467055,801.0,2887.59
2023-10-22,219.0,,,1.7563380281690142,5.741894470701815,735.0,2774.77
2023-10-23,193.0,,,2.329577464788732,6.689958239592001,1422.0,5715.62
2023-10-24,157.0,,,3.2070422535211267,7.836222193737089,1606.0,6387.41
2023-10-25,171.0,,,3.0507042253521126,7.463183411912041,1254.0,5217.77
2023-10-26,193.0,,,1.86056338028169,5.7215002746092845,1328.0,6370.84
2023-10-27,165.0,,,2.6338028169014085,7.107499935419763,1453.0,7391.12
2023-10-28,217.0,,,2.3718309859154925,6.67762111402367,1860.0,8988.27
2023-10-29,330.0,,,2.5112676056338024,6.787605285598043,2978.0,14794.7
2023-10-30,355.0,,,2.3549295774647887,6.69508964481527,1781.0,7892.6
2023-10-31,356.0,,,2.247887323943662,6.357422189960993,1792.0,8609.65
2023-11-01,376.0,,,2.304225352112676,6.706743655663055,2299.0,12751.5
2023-11-02,372.0,,,2.0056338028169014,6.259709882002603,3095.0,19210.95
2023-11-03,459.0,,,1.4422535211267604,5.175509967193874,3650.0,17492.85
2023-11-04,383.0,,,1.6788732394366195,5.753381999012349,2597.0,14320.33
2023-11-05,426.0,,,2.057746478873239,6.236360247356533,3223.0,19746.45
2023-11-06,399.0,,,2.625352112676056,7.110409236963974,2311.0,12249.63
2023-11-07,403.0,,,1.704225352112676,5.745543282025975,3316.0,19733.33
2023-11-08,421.0,,,0.8828571428571428,3.747113727076334,3924.0,21940.79
2023-11-09,424.0,,,0.9084507042253521,3.7294100061489326,2641.0,12652.7
2023-11-10,270.0,,,0.828169014084507,2.8351962944686946,1165.0,4122.23
2023-11-11,120.0,,,0.6591549295774648,2.710855292801713,891.0,3481.59
2023-11-12,133.0,,,0.8577464788732394,2.766723796004994,2297.0,13359.18
2023-11-13,300.0,,,0.22676056338028172,0.5151858878055221,3042.0,17005.43
2023-11-14,308.0,,,0.18169014084507043,0.3844513192868616,3030.0,15522.45
2023-11-15,347.0,,,0.2661971830985915,0.49336849803072613,2591.0,12760.28
2023-11-16,403.0,,,1.0943661971830987,4.51815029548103,1924.0,10827.14
2023-11-17,383.0,,,0.9171428571428571,3.7537989039345367,1750.0,10540.57
2023-11-18,255.0,,,0.8676056338028169,3.7246198136909534,2245.0,12699.35
2023-11-19,241.0,,,0.7591549295774648,3.7245738956591197,2664.0,12635.54
2023-11-20,284.0,,,0.4464788732394366,2.656465481258642,1832.0,7569.52
2023-11-21,346.0,,,0.8957746478873239,3.7195789554240952,1776.0,8188.78
2023-11-22,358.0,,,0.5492957746478874,2.659423849495903,1389.0,6464.51
2023-11-23,378.0,,,0.2563380281690141,0.46159115935028705,474.0,938.02
2023-11-24,414.0,,,0.15633802816901407,0.3371021016869676,1709.0,7503.44
2023-11-25,324.0,,,0.14647887323943662,0.32550224309760045,1677.0,5784.52
2023-11-26,300.0,,,0.19577464788732396,0.37623572387469684,1066.0,3115.29
2023-11-27,402.0,,,0.247887323943662,0.41571252255428953,425.0,1091.33
2023-11-28,241.0,,,0.27605633802816903,0.430768346340879,599.0,1702.33
2023-11-29,197.0,,,0.2056338028169014,0.6487102201277463,830.0,2636.33
2023-11-30,372.0,,,0.3915492957746479,0.7637775440669393,704.0,1936.8
2023-12-01,271.0,,,0.33380281690140845,0.6387361766962344,812.0,2760.79
2023-12-02,273.0,,,0.21971830985915491,0.4374013254633582,745.0,2162.05
2023-12-03,257.0,,,0.2056338028169014,0.4355250768386729,421.0,1549.36
2023-12-04,284.0,,,0.22676056338028167,0.4472000979040506,320.0,1185.89
2023-12-05,235.0,,,0.1788732394366197,0.3484313799865852,280.0,849.32
2023-12-06,239.0,,,0.2507042253521127,0.4423551383339666,266.0,796.34
2023-12-07,302.0,,,0.1647887323943662,0.3347060934821541,234.0,780.42
2023-12-08,308.0,,,0.49154929577464784,2.666391166184481,537.0,1651.46
2023-12-09,275.0,,,0.26197183098591553,0.4237135815561863,822.0,2618.19
2023-12-10,210.0,,,0.23714285714285716,0.44920910484514504,1442.0,4417.27
2023-12-11,280.0,,,0.21830985915492956,0.4213277852405347,1504.0,4762.62
2023-12-12,323.0,,,0.2507042253521127,0.44972157718069455,1399.0,4163.61
2023-12-13,369.0,,,0.26521739130434785,0.5425116040968248,1253.0,3908.85
2023-12-14,290.0,,,,,1049.0,3405.31
2023-12-15,289.0,,,,,1452.0,4912.2
2023-12-16,247.0,,,,,1944.0,7123.4
2023-12-17,179.0,,,,,2275.0,7803.88
2023-12-18,268.0,,,,,1562.0,5436.06
2023-12-19,229.0,,,,,1299.0,5750.67
2023-12-20,238.0,,,,,1316.0,4595.91
2023-12-21,327.0,,,,,1983.0,7508.09
2023-12-22,359.0,,,,,1572.0,5597.99
2023-12-23,363.0,,,,,1396.0,4388.07
2023-12-24,363.0,,,,,1096.0,3493.43
2023-12-25,363.0,,,,,1264.0,4513.48
2023-12-26,356.0,,,,,1455.0,5600.38
2023-12-27,296.0,,,,,1664.0,5705.65
2023-12-28,261.0,,,,,1379.0,4387.7
2023-12-29,299.0,,,,,926.0,3439.36
2023-12-30,390.0,,,,,956.0,4037.92
2023-12-31,301.0,,,,,1189.0,4070.66
2024-01-01,244.0,,,,,1354.0,4537.44
2024-01-01,244.0,,,,,1354.0,4537.44
2024-01-02,259.0,,,,,1591.0,5478.58
2024-01-02,259.0,,,,,1591.0,5478.58
2024-01-03,246.0,,,,,1232.0,4654.09
2024-01-03,246.0,,,,,1232.0,4654.09
2024-01-04,324.0,,,,,966.0,3750.84
2024-01-04,324.0,,,,,966.0,3750.84
2024-01-05,246.0,,,0.0,0.0,1097.0,4255.99
2024-01-05,246.0,,,0.0,0.0,1097.0,4255.99
2024-01-06,220.0,,,0.0,0.0,1046.0,4719.46
2024-01-06,220.0,,,0.0,0.0,1046.0,4719.46
2024-01-07,308.0,,,0.0,0.0,1482.0,5359.28
2024-01-07,308.0,,,0.0,0.0,1482.0,5359.28
2024-01-08,314.0,,,0.0,0.0,1054.0,3949.73
2024-01-08,314.0,,,0.0,0.0,1054.0,3949.73
2024-01-09,254.0,,,0.0,0.0,738.0,3919.54
2024-01-09,254.0,,,0.0,0.0,738.0,3919.54
2024-01-10,168.0,,,0.0,0.0,859.0,2809.88
2024-01-10,168.0,,,0.0,0.0,859.0,2809.88
2024-01-11,314.0,,,0.0,0.0,1495.0,4914.88
2024-01-11,314.0,,,0.0,0.0,1495.0,4914.88
2024-01-12,264.0,,,0.0,0.0,1762.0,6588.05
2024-01-12,264.0,,,0.0,0.0,1762.0,6588.05
2024-01-13,348.0,,,0.0,0.0,1764.0,6501.98
2024-01-13,348.0,,,0.0,0.0,1764.0,6501.98
2024-01-14,345.0,,,0.0,0.0,1369.0,5825.07
2024-01-14,345.0,,,0.0,0.0,1369.0,5825.07
2024-01-15,222.0,,,0.0,0.0,1201.0,5245.76
2024-01-15,222.0,,,0.0,0.0,1201.0,5245.76
2024-01-16,331.0,,,0.0,0.0,1068.0,4583.78
2024-01-16,331.0,,,0.0,0.0,1068.0,4583.78
2024-01-17,360.0,,,0.0,0.0,754.0,2710.8
2024-01-17,360.0,,,0.0,0.0,754.0,2710.8
2024-01-18,313.0,,,0.0,0.0,558.0,1981.54
2024-01-18,313.0,,,0.0,0.0,558.0,1981.54
2024-01-19,295.0,,,0.0,0.0,662.0,2192.58
2024-01-19,295.0,,,0.0,0.0,662.0,2192.58
2024-01-20,276.0,,,0.0,0.0,625.0,2538.91
2024-01-20,276.0,,,0.0,0.0,625.0,2538.91
2024-01-21,271.0,,,0.0,0.0,984.0,3249.38
2024-01-21,271.0,,,0.0,0.0,984.0,3249.38
2024-01-22,240.0,,,0.0,0.0,1008.0,3486.34
2024-01-22,240.0,,,0.0,0.0,1008.0,3486.34
2024-01-23,378.0,,,0.0,0.0,879.0,3081.06
2024-01-23,378.0,,,0.0,0.0,879.0,3081.06
2024-01-24,383.0,,,0.0,0.0,793.0,2862.0
2024-01-24,383.0,,,0.0,0.0,793.0,2862.0
2024-01-25,242.0,,,0.0,0.0,876.0,3154.32
2024-01-25,242.0,,,0.0,0.0,876.0,3154.32
2024-01-26,352.0,,,0.0,0.0,1090.0,4720.7
2024-01-26,352.0,,,0.0,0.0,1090.0,4720.7
2024-01-27,267.0,,,0.0,0.0,1320.0,4763.38
2024-01-27,267.0,,,0.0,0.0,1320.0,4763.38
2024-01-28,343.0,,,0.0,0.0,1041.0,3359.96
2024-01-28,343.0,,,0.0,0.0,1041.0,3359.96
2024-01-29,383.0,,,0.0,0.0,1210.0,3898.22
2024-01-29,383.0,,,0.0,0.0,1210.0,3898.22
2024-01-30,295.0,,,,,750.0,3269.52
2024-01-30,295.0,,,,,750.0,3269.52
2024-01-31,277.0,,,,,796.0,3183.42
2024-01-31,277.0,,,,,796.0,3183.42
2024-02-01,145.0,,,0.0,0.0,1053.0,3931.1
2024-02-01,145.0,,,0.0,0.0,1053.0,3931.1
2024-02-02,131.0,,,0.0,0.0,1195.0,4334.35
2024-02-02,131.0,,,0.0,0.0,1195.0,4334.35
2024-02-03,152.0,,,0.0,0.0,926.0,5237.53
2024-02-03,152.0,,,0.0,0.0,926.0,5237.53
2024-02-04,209.0,,,0.0,0.0,,
2024-02-04,209.0,,,0.0,0.0,,
2024-02-05,136.0,,,0.0,0.0,317.0,519.36
2024-02-05,136.0,,,0.0,0.0,317.0,519.36
2024-02-06,112.0,,,0.0,0.0,1063.0,3946.92
2024-02-06,112.0,,,0.0,0.0,1063.0,3946.92
2024-02-07,166.0,,,0.0,0.0,1462.0,5799.7699999999995
2024-02-07,166.0,,,0.0,0.0,1462.0,5799.7699999999995
2024-02-08,172.0,,,0.0,0.0,1873.0,7037.41
2024-02-08,172.0,,,0.0,0.0,1873.0,7037.41
2024-02-09,155.0,,,0.0,0.0,1795.0,7732.76
2024-02-09,155.0,,,0.0,0.0,1795.0,7732.76
2024-02-10,253.0,,,0.0,0.0,1559.0,6415.44
2024-02-10,253.0,,,0.0,0.0,1559.0,6415.44
2024-02-11,247.0,,,0.0,0.0,1292.0,6510.05
2024-02-11,247.0,,,0.0,0.0,1292.0,6510.05
2024-02-12,228.0,,,0.0,0.0,1645.0,8206.22
2024-02-12,228.0,,,0.0,0.0,1645.0,8206.22
2024-02-13,336.0,,,0.0,0.0,1029.0,7789.88
2024-02-13,336.0,,,0.0,0.0,1029.0,7789.88
2024-02-14,324.0,,,0.0,0.0,1123.0,5160.62
2024-02-14,324.0,,,0.0,0.0,1123.0,5160.62
2024-02-15,234.0,,,0.0,0.0,1159.0,4935.98
2024-02-15,234.0,,,0.0,0.0,1159.0,4935.98
2024-02-16,245.0,,,0.0,0.0,1636.0,7654.12
2024-02-16,245.0,,,0.0,0.0,1636.0,7654.12
2024-02-17,220.0,,,0.0,0.0,2288.0,10556.87
2024-02-17,220.0,,,0.0,0.0,2288.0,10556.87
2024-02-18,287.0,,,0.0,0.0,2334.0,11285.43
2024-02-18,287.0,,,0.0,0.0,2334.0,11285.43
2024-02-19,241.0,,,0.0,0.0,1984.0,11596.95
2024-02-19,241.0,,,0.0,0.0,1984.0,11596.95
2024-02-20,219.0,,,0.0,0.0,1074.0,5774.02
2024-02-20,219.0,,,0.0,0.0,1074.0,5774.02
2024-02-21,200.0,,,0.0,0.0,1368.0,7219.42
2024-02-21,200.0,,,0.0,0.0,1368.0,7219.42
2024-02-22,146.0,,,0.0,0.0,1784.0,10015.08
2024-02-22,146.0,,,0.0,0.0,1784.0,10015.08
2024-02-23,137.0,,,0.0,0.0,1828.0,7589.59
2024-02-23,137.0,,,0.0,0.0,1828.0,7589.59
2024-02-24,175.0,,,0.0,0.0,1478.0,5590.95
2024-02-24,175.0,,,0.0,0.0,1478.0,5590.95
2024-02-25,178.0,,,0.0,0.0,1121.0,4279.08
2024-02-25,178.0,,,0.0,0.0,1121.0,4279.08
2024-02-26,161.0,,,0.0,0.0,801.0,3607.96
2024-02-26,161.0,,,0.0,0.0,801.0,3607.96
2024-02-27,150.0,,,0.0,0.0,1263.0,5623.37
2024-02-27,150.0,,,0.0,0.0,1263.0,5623.37
2024-02-28,144.0,,,0.0,0.0,2177.0,10310.13
2024-02-28,144.0,,,0.0,0.0,2177.0,10310.13
2024-02-29,138.0,,,0.0,0.0,2425.0,12468.6
2024-02-29,138.0,,,0.0,0.0,2425.0,12468.6
2024-03-01,192.0,,,0.0,0.0,2012.0,10240.97
2024-03-01,192.0,,,0.0,0.0,2012.0,10240.97
2024-03-02,111.0,,,0.0,0.0,1698.0,12019.01
2024-03-02,111.0,,,0.0,0.0,1698.0,12019.01
2024-03-03,126.0,,,0.0,0.0,1407.0,6796.04
2024-03-03,126.0,,,0.0,0.0,1407.0,6796.04
2024-03-04,140.0,,,0.0,0.0,2149.0,9793.02
2024-03-04,140.0,,,0.0,0.0,2149.0,9793.02
2024-03-05,119.0,,,0.0,0.0,2741.0,24714.26
2024-03-05,119.0,,,0.0,0.0,2741.0,24714.26
2024-03-06,121.0,,,0.0,0.0,2728.0,25198.19
2024-03-06,121.0,,,0.0,0.0,2728.0,25198.19
2024-03-07,143.0,,,0.0,0.0,2605.0,20306.23
2024-03-07,143.0,,,0.0,0.0,2605.0,20306.23
2024-03-08,149.0,,,0.0,0.0,3234.0,28774.91
2024-03-08,149.0,,,0.0,0.0,3234.0,28774.91
2024-03-09,124.0,,,0.0,0.0,3439.0,34736.02
2024-03-09,124.0,,,0.0,0.0,3439.0,34736.02
2024-03-10,143.0,,,0.0,0.0,2818.0,13442.14
2024-03-10,143.0,,,0.0,0.0,2818.0,13442.14
2024-03-11,175.0,,,0.0,0.0,4473.0,86824.44
2024-03-11,175.0,,,0.0,0.0,4473.0,86824.44
2024-03-12,170.0,,,0.0,0.0,4433.0,89835.39
2024-03-12,170.0,,,0.0,0.0,4433.0,89835.39
2024-03-13,173.0,,,0.0,0.0,3917.0,74249.61
2024-03-13,173.0,,,0.0,0.0,3917.0,74249.61
2024-03-14,170.0,,,,,4471.0,85387.39
2024-03-14,170.0,,,,,4471.0,85387.39
2024-03-15,133.0,,,1.7899999999999998,0.9692952766486244,4639.0,59657.08
2024-03-15,133.0,,,1.7899999999999998,0.9692952766486244,4639.0,59657.08
2024-03-16,158.0,,,1.7933333333333332,0.912396112807736,3842.0,59413.77
2024-03-16,158.0,,,1.7933333333333332,0.912396112807736,3842.0,59413.77
2024-03-17,179.0,,,1.7125000000000001,1.0374267915501734,2829.0,17164.18
2024-03-17,179.0,,,1.7125000000000001,1.0374267915501734,2829.0,17164.18
2024-03-18,217.0,,,1.925,1.1851985707778732,2630.0,27967.67
2024-03-18,217.0,,,1.925,1.1851985707778732,2630.0,27967.67
2024-03-19,264.0,,,2.22375,1.0504442641920195,1968.0,13344.36
2024-03-19,264.0,,,2.22375,1.0504442641920195,1968.0,13344.36
2024-03-20,242.0,,,1.6652173913043478,0.8132810627061973,2445.0,20921.8
2024-03-20,242.0,,,1.6652173913043478,0.8132810627061973,2445.0,20921.8
2024-03-21,170.0,,,1.5591666666666668,0.9340231663948806,2083.0,8950.52
2024-03-21,170.0,,,1.5591666666666668,0.9340231663948806,2083.0,8950.52
2024-03-22,147.0,,,1.6333333333333335,0.7872498452464629,2384.0,9845.1
2024-03-22,147.0,,,1.6333333333333335,0.7872498452464629,2384.0,9845.1
2024-03-23,233.0,,,1.8656521739130434,1.1540120768509257,2300.0,15381.39
2024-03-23,233.0,,,1.8656521739130434,1.1540120768509257,2300.0,15381.39
2024-03-24,207.0,,,1.4529166666666666,1.0262912510023936,2690.0,14681.97
2024-03-24,207.0,,,1.4529166666666666,1.0262912510023936,2690.0,14681.97
2024-03-25,193.0,,,1.6683333333333332,0.6701178784471375,4353.0,23687.06
2024-03-25,193.0,,,1.6683333333333332,0.6701178784471375,4353.0,23687.06
2024-03-26,108.0,,,1.87375,1.1107451963903998,6850.0,30433.96
2024-03-26,108.0,,,1.87375,1.1107451963903998,6850.0,30433.96
2024-03-27,175.0,,,1.5714285714285714,1.0118370845715654,5030.0,24935.73
2024-03-27,175.0,,,1.5714285714285714,1.0118370845715654,5030.0,24935.73
2024-03-28,138.0,,,,,2986.0,14109.789999999999
2024-03-28,138.0,,,,,2986.0,14109.789999999999
2024-03-29,189.0,,,,,2828.0,15744.54
2024-03-29,189.0,,,,,2828.0,15744.54
2024-03-30,176.0,,,,,5381.0,28649.27
2024-03-30,176.0,,,,,5381.0,28649.27
2024-03-31,222.0,,,,,5682.0,25072.42
2024-03-31,222.0,,,,,5682.0,25072.42
2024-04-01,120.0,,,,,6746.0,29454.82
2024-04-01,120.0,,,,,6746.0,29454.82
2024-04-02,145.0,,,1.49,0.8100370361903213,5077.0,32964.06
2024-04-02,145.0,,,1.49,0.8100370361903213,5077.0,32964.06
2024-04-03,146.0,,,1.8963636363636363,0.7918486234276363,5007.0,35956.85
2024-04-03,146.0,,,1.8963636363636363,0.7918486234276363,5007.0,35956.85
2024-04-04,159.0,,,2.455416666666667,1.5110807510625908,6453.0,39516.35
2024-04-04,159.0,,,2.455416666666667,1.5110807510625908,6453.0,39516.35
2024-04-05,161.0,,,1.7391666666666667,1.204812511723628,12023.0,65749.52
2024-04-05,161.0,,,1.7391666666666667,1.204812511723628,12023.0,65749.52
2024-04-06,167.0,,,1.9166666666666667,0.9595047031475764,9378.0,60672.42
2024-04-06,167.0,,,1.9166666666666667,0.9595047031475764,9378.0,60672.42
2024-04-07,229.0,,,1.8278260869565217,1.1380723595853535,5399.0,31760.0
2024-04-07,229.0,,,1.8278260869565217,1.1380723595853535,5399.0,31760.0
2024-04-08,212.0,,,2.3066666666666666,1.666453319678252,3251.0,24259.34
2024-04-08,212.0,,,2.3066666666666666,1.666453319678252,3251.0,24259.34
2024-04-09,203.0,,,1.7229166666666667,0.9578984205321411,3583.0,25431.53
2024-04-09,203.0,,,1.7229166666666667,0.9578984205321411,3583.0,25431.53
2024-04-10,242.0,,,2.5,1.1172287142747455,5496.0,25594.71
2024-04-10,242.0,,,2.5,1.1172287142747455,5496.0,25594.71
2024-04-11,269.0,,,,,2462.0,25093.19
2024-04-11,269.0,,,,,2462.0,25093.19
2024-04-12,230.0,,,,,2618.0,20946.83
2024-04-12,230.0,,,,,2618.0,20946.83
2024-04-13,195.0,,,2.375384615384615,1.1047218004593993,3491.0,35205.55
2024-04-13,195.0,,,2.375384615384615,1.1047218004593993,3491.0,35205.55
2024-04-14,130.0,,,2.2221739130434783,1.1838418065454948,3262.0,19185.94
2024-04-14,130.0,,,2.2221739130434783,1.1838418065454948,3262.0,19185.94
2024-04-15,240.0,,,1.627727272727273,0.765984780516352,4811.0,37045.07
2024-04-15,240.0,,,1.627727272727273,0.765984780516352,4811.0,37045.07
2024-04-16,268.0,,,2.3108695652173914,1.3349801259789953,7311.0,45507.02
2024-04-16,268.0,,,2.3108695652173914,1.3349801259789953,7311.0,45507.02
2024-04-17,367.0,,,1.4582608695652173,0.7910617271278407,5956.0,28558.74
2024-04-17,367.0,,,1.4582608695652173,0.7910617271278407,5956.0,28558.74
2024-04-18,178.0,,,2.0729166666666665,1.2610157367796002,5906.0,37604.8
2024-04-18,178.0,,,2.0729166666666665,1.2610157367796002,5906.0,37604.8
2024-04-19,177.0,,,2.5079166666666666,1.3850505536737219,5106.0,34025.0
2024-04-19,177.0,,,2.5079166666666666,1.3850505536737219,5106.0,34025.0
2024-04-20,194.0,,,2.2517391304347827,1.2423352357333601,5189.0,30271.07
2024-04-20,194.0,,,2.2517391304347827,1.2423352357333601,5189.0,30271.07
2024-04-21,131.0,,,2.294782608695652,1.2833757671406278,4858.0,24761.32
2024-04-21,131.0,,,2.294782608695652,1.2833757671406278,4858.0,24761.32
2024-04-22,106.0,,,2.315,1.3632601589093571,3353.0,15446.94
2024-04-22,106.0,,,2.315,1.3632601589093571,3353.0,15446.94
2024-04-23,233.0,,,2.1644444444444444,1.4433466919637201,4285.0,22744.35
2024-04-23,233.0,,,2.1644444444444444,1.4433466919637201,4285.0,22744.35
2024-04-24,214.0,,,1.8977777777777776,0.9451293268354569,5460.0,32904.25
2024-04-24,214.0,,,1.8977777777777776,0.9451293268354569,5460.0,32904.25
2024-04-25,204.0,,,1.52375,1.078927859537864,6672.0,47626.79
2024-04-25,204.0,,,1.52375,1.078927859537864,6672.0,47626.79
2024-04-26,223.0,,,1.9156521739130437,1.303609764834681,4687.0,32030.77
2024-04-26,223.0,,,1.9156521739130437,1.303609764834681,4687.0,32030.77
2024-04-27,173.0,,,2.464166666666667,1.283551176692385,5077.0,24574.31
2024-04-27,173.0,,,2.464166666666667,1.283551176692385,5077.0,24574.31
2024-04-28,222.0,,,2.303478260869565,1.1521663733066752,4847.0,26354.85
2024-04-28,222.0,,,2.303478260869565,1.1521663733066752,4847.0,26354.85
2024-04-29,218.0,,,2.0195833333333333,1.156879157067829,4419.0,25402.01
2024-04-29,218.0,,,2.0195833333333333,1.156879157067829,4419.0,25402.01
2024-04-30,178.0,,,1.9483333333333333,1.038768780677464,6259.0,41043.3
2024-04-30,178.0,,,1.9483333333333333,1.038768780677464,6259.0,41043.3
2024-05-01,191.0,,,1.366086956521739,0.7061273329058151,7280.0,43364.51
2024-05-01,191.0,,,1.366086956521739,0.7061273329058151,7280.0,43364.51
2024-05-02,191.0,,,1.5191304347826087,1.214854697796775,7201.0,36210.32
2024-05-02,191.0,,,1.5191304347826087,1.214854697796775,7201.0,36210.32
2024-05-03,301.0,,,1.1283333333333334,0.7557010374288328,5018.0,31203.54
2024-05-03,301.0,,,1.1283333333333334,0.7557010374288328,5018.0,31203.54
2024-05-04,281.0,,,2.2220833333333334,1.302682780855045,6057.0,36768.82
2024-05-04,281.0,,,2.2220833333333334,1.302682780855045,6057.0,36768.82
2024-05-05,294.0,,,2.164090909090909,1.0499689750106187,5667.0,38568.9
2024-05-05,294.0,,,2.164090909090909,1.0499689750106187,5667.0,38568.9
2024-05-06,248.0,,,1.6808333333333332,0.7203436176827221,4375.0,33695.37
2024-05-06,248.0,,,1.6808333333333332,0.7203436176827221,4375.0,33695.37
2024-05-07,310.0,,,1.672608695652174,1.0195552390015432,1970.0,14035.15
2024-05-07,310.0,,,1.672608695652174,1.0195552390015432,1970.0,14035.15
2024-05-08,248.0,,,1.50125,1.2836778428982196,2796.0,17510.86
2024-05-08,248.0,,,1.50125,1.2836778428982196,2796.0,17510.86
2024-05-09,180.0,,,1.2825,0.687410073170049,3063.0,17449.1
2024-05-09,180.0,,,1.2825,0.687410073170049,3063.0,17449.1
2024-05-10,210.0,,,1.8408333333333333,0.8444855221384495,2262.0,12987.91
2024-05-10,210.0,,,1.8408333333333333,0.8444855221384495,2262.0,12987.91
2024-05-11,300.0,,,1.677391304347826,1.0523532823296746,2263.0,15348.59
2024-05-11,300.0,,,1.677391304347826,1.0523532823296746,2263.0,15348.59
2024-05-12,174.0,,,2.165833333333333,1.0908987784975916,1411.0,8575.81
2024-05-12,174.0,,,2.165833333333333,1.0908987784975916,1411.0,8575.81
2024-05-13,254.0,,,2.0620833333333333,1.1384542501612196,3054.0,22326.95
2024-05-13,254.0,,,2.0620833333333333,1.1384542501612196,3054.0,22326.95
2024-05-14,258.0,,,1.8004166666666668,0.7434553825194229,5753.0,38869.94
2024-05-14,258.0,,,1.8004166666666668,0.7434553825194229,5753.0,38869.94
2024-05-15,298.0,,,1.5420833333333333,0.7870858699447391,4689.0,31691.55
2024-05-15,298.0,,,1.5420833333333333,0.7870858699447391,4689.0,31691.55
2024-05-16,259.0,,,1.9520833333333334,1.1141265994985243,3151.0,25680.83
2024-05-16,259.0,,,1.9520833333333334,1.1141265994985243,3151.0,25680.83
2024-05-17,249.0,,,1.8378260869565215,0.7497087708615384,2164.0,15411.93
2024-05-17,249.0,,,1.8378260869565215,0.7497087708615384,2164.0,15411.93
2024-05-18,291.0,,,2.859583333333333,1.667545655894541,2437.0,18131.15
2024-05-18,291.0,,,2.859583333333333,1.667545655894541,2437.0,18131.15
2024-05-19,244.0,,,1.5770833333333334,0.7764606385312818,868.0,4350.39
2024-05-19,244.0,,,1.5770833333333334,0.7764606385312818,868.0,4350.39
2024-05-20,279.0,,,2.77875,1.5686918185989023,1925.0,12114.82
2024-05-20,279.0,,,2.77875,1.5686918185989023,1925.0,12114.82
2024-05-21,275.0,,,1.8530434782608693,1.1887251948759252,1657.0,11128.52
2024-05-21,275.0,,,1.8530434782608693,1.1887251948759252,1657.0,11128.52
2024-05-22,227.0,,,1.4124999999999999,0.7064624055353425,1818.0,10844.16
2024-05-22,227.0,,,1.4124999999999999,0.7064624055353425,1818.0,10844.16
2024-05-23,158.0,,,1.2562499999999999,0.8398023188718929,1317.0,7577.6
2024-05-23,158.0,,,1.2562499999999999,0.8398023188718929,1317.0,7577.6
2024-05-24,138.0,,,1.6216666666666668,0.7959309395959305,1352.0,7100.36
2024-05-24,138.0,,,1.6216666666666668,0.7959309395959305,1352.0,7100.36
2024-05-25,197.0,,,2.111111111111111,1.2828916989017862,1377.0,7543.13
2024-05-25,197.0,,,2.111111111111111,1.2828916989017862,1377.0,7543.13
2024-05-26,184.0,,,1.563529411764706,0.8440374782590419,1017.0,7736.98
2024-05-26,184.0,,,1.563529411764706,0.8440374782590419,1017.0,7736.98
2024-05-27,251.0,,,1.8941176470588237,0.7832628775156638,1047.0,6400.96
2024-05-27,251.0,,,1.8941176470588237,0.7832628775156638,1047.0,6400.96
2024-05-28,265.0,,,2.1708695652173913,0.9473019727985283,1950.0,12597.34
2024-05-28,265.0,,,2.1708695652173913,0.9473019727985283,1950.0,12597.34
2024-05-29,229.0,,,1.7874999999999999,0.9025097855666043,1620.0,10649.02
2024-05-29,229.0,,,1.7874999999999999,0.9025097855666043,1620.0,10649.02
2024-05-30,150.0,,,2.4791304347826086,1.7107917174206968,2297.0,14241.84
2024-05-30,150.0,,,2.4791304347826086,1.7107917174206968,2297.0,14241.84
2024-05-31,256.0,,,2.0508333333333333,1.1065650599418266,2545.0,15543.07
2024-05-31,256.0,,,2.0508333333333333,1.1065650599418266,2545.0,15543.07
2024-06-01,273.0,,,1.9937500000000001,1.1822337461072507,1538.0,8915.6
2024-06-01,273.0,,,1.9937500000000001,1.1822337461072507,1538.0,8915.6
2024-06-02,180.0,,,1.4854166666666666,0.9124595484383031,1405.0,7006.96
2024-06-02,180.0,,,1.4854166666666666,0.9124595484383031,1405.0,7006.96
2024-06-03,162.0,,,1.9654166666666668,0.8550361251797018,839.0,4487.95
2024-06-03,162.0,,,1.9654166666666668,0.8550361251797018,839.0,4487.95
2024-06-04,214.0,,,1.8030434782608695,1.0798713508503461,948.0,5002.59
2024-06-04,214.0,,,1.8030434782608695,1.0798713508503461,948.0,5002.59
2024-06-05,287.0,,,2.0075,1.2487115098302768,476.0,2632.5
2024-06-05,287.0,,,2.0075,1.2487115098302768,476.0,2632.5
2024-06-06,210.0,,,2.022727272727273,1.1751157260869964,524.0,2238.83
2024-06-06,210.0,,,2.022727272727273,1.1751157260869964,524.0,2238.83
2024-06-07,214.0,,,2.2604347826086957,1.8028197062603442,747.0,3886.2
2024-06-07,214.0,,,2.2604347826086957,1.8028197062603442,747.0,3886.2
2024-06-08,232.0,,,1.4441666666666666,0.9725578854647724,641.0,2659.04
2024-06-08,232.0,,,1.4441666666666666,0.9725578854647724,641.0,2659.04
2024-06-09,146.0,,,1.59875,0.848155607646739,1013.0,4564.1
2024-06-09,146.0,,,1.59875,0.848155607646739,1013.0,4564.1
2024-06-10,127.0,,,2.486521739130435,1.6126195761038005,881.0,4529.4
2024-06-10,127.0,,,2.486521739130435,1.6126195761038005,881.0,4529.4
2024-06-11,290.0,,,2.0004347826086954,1.226219164234183,1171.0,6815.06
2024-06-11,290.0,,,2.0004347826086954,1.226219164234183,1171.0,6815.06
2024-06-12,207.0,,,2.829166666666667,1.791229639992708,1273.0,5823.64
2024-06-12,207.0,,,2.829166666666667,1.791229639992708,1273.0,5823.64
2024-06-13,181.0,,,2.1929166666666666,1.1077139764502337,1296.0,7273.72
2024-06-13,181.0,,,2.1929166666666666,1.1077139764502337,1296.0,7273.72
2024-06-14,191.0,,,2.231363636363636,2.0558633812644853,987.0,4880.07
2024-06-14,191.0,,,2.231363636363636,2.0558633812644853,987.0,4880.07
2024-06-15,225.0,,,2.1475,1.2081777274278116,1077.0,5434.38
2024-06-15,225.0,,,2.1475,1.2081777274278116,1077.0,5434.38
2024-06-16,186.0,,,2.173529411764706,1.060394626875241,1103.0,6733.36
2024-06-16,186.0,,,2.173529411764706,1.060394626875241,1103.0,6733.36
2024-06-17,163.0,,,1.8258823529411765,0.8940292138929898,902.0,4619.03
2024-06-17,163.0,,,1.8258823529411765,0.8940292138929898,902.0,4619.03
2024-06-18,201.0,,,1.8685714285714285,1.1618940580783614,660.0,3595.91
2024-06-18,201.0,,,1.8685714285714285,1.1618940580783614,660.0,3595.91
2024-06-19,353.0,,,2.35,2.1170858819563625,435.0,3463.59
2024-06-19,353.0,,,2.35,2.1170858819563625,435.0,3463.59
2024-06-20,173.0,,,1.626521739130435,1.1173125577825822,188.0,954.13
2024-06-20,173.0,,,1.626521739130435,1.1173125577825822,188.0,954.13
2024-06-21,163.0,,,1.08125,0.6064028830090924,100.0,447.66
2024-06-21,163.0,,,1.08125,0.6064028830090924,100.0,447.66
2024-06-22,169.0,,,1.312,0.6740810508817874,247.0,1954.53
2024-06-22,169.0,,,1.312,0.6740810508817874,247.0,1954.53
2024-06-23,155.0,,,1.9878260869565216,0.8799636176453242,459.0,1910.06
2024-06-23,155.0,,,1.9878260869565216,0.8799636176453242,459.0,1910.06
2024-06-24,116.0,,,1.57,0.9894580702219132,311.0,1205.33
2024-06-24,116.0,,,1.57,0.9894580702219132,311.0,1205.33
2024-06-25,158.0,,,1.1604347826086958,0.5628376018070446,253.0,1091.52
2024-06-25,158.0,,,1.1604347826086958,0.5628376018070446,253.0,1091.52
2024-06-26,146.0,,,1.803478260869565,1.3472753943208093,136.0,541.74
2024-06-26,146.0,,,1.803478260869565,1.3472753943208093,136.0,541.74
2024-06-27,75.0,,,1.695,1.0777230425864242,47.0,137.48
2024-06-27,75.0,,,1.695,1.0777230425864242,47.0,137.48
2024-06-28,192.0,,,1.7308333333333332,0.9645720685165617,176.0,631.63
2024-06-28,192.0,,,1.7308333333333332,0.9645720685165617,176.0,631.63
2024-06-29,192.0,,,1.2269230769230768,0.643005762226444,62.0,282.08
2024-06-29,192.0,,,1.2269230769230768,0.643005762226444,62.0,282.08
2024-06-30,186.0,,,1.8099999999999998,0.8400148808205721,17.0,53.39
2024-06-30,186.0,,,1.8099999999999998,0.8400148808205721,17.0,53.39
2024-07-01,85.0,,,1.3966666666666665,0.7623400283604288,8.0,23.45
2024-07-01,85.0,,,1.3966666666666665,0.7623400283604288,8.0,23.45
2024-07-02,128.0,,,1.4333333333333333,0.8246299125993573,12.0,33.08
2024-07-02,128.0,,,1.4333333333333333,0.8246299125993573,12.0,33.08
2024-07-03,122.0,,,1.32875,0.7420319488023935,47.0,196.48
2024-07-03,122.0,,,1.32875,0.7420319488023935,47.0,196.48
2024-07-04,60.0,,,0.9979166666666667,0.4847498607903172,28.0,110.96
2024-07-04,60.0,,,0.9979166666666667,0.4847498607903172,28.0,110.96
2024-07-05,88.0,,,1.3395833333333333,0.7994806964886462,38.0,268.63
2024-07-05,88.0,,,1.3395833333333333,0.7994806964886462,38.0,268.63
2024-07-06,64.0,,,1.4769999999999999,0.8982796423104966,111.0,179.31
2024-07-06,64.0,,,1.4769999999999999,0.8982796423104966,111.0,179.31
2024-07-07,76.0,,,0.745,0.7848885271170677,124.0,295.40999999999997
2024-07-07,76.0,,,0.745,0.7848885271170677,124.0,295.40999999999997
2024-07-08,58.0,,,1.3804347826086956,0.7608277684736754,121.0,263.68
2024-07-08,58.0,,,1.3804347826086956,0.7608277684736754,121.0,263.68
2024-07-09,105.0,,,1.286086956521739,0.7000242796466861,192.0,532.6
2024-07-09,105.0,,,1.286086956521739,0.7000242796466861,192.0,532.6
2024-07-10,140.0,,,1.1504166666666666,0.8370313960485678,208.0,666.09
2024-07-10,140.0,,,1.1504166666666666,0.8370313960485678,208.0,666.09
2024-07-11,108.0,,,0.9792857142857143,0.6483881112860898,89.0,500.03000000000003
2024-07-11,108.0,,,0.9792857142857143,0.6483881112860898,89.0,500.03000000000003
2024-07-12,99.0,,,1.9183333333333332,1.6827298387278118,74.0,209.08
2024-07-12,99.0,,,1.9183333333333332,1.6827298387278118,74.0,209.08
2024-07-13,96.0,,,1.24125,0.6410881544211608,96.0,239.56
2024-07-13,96.0,,,1.24125,0.6410881544211608,96.0,239.56
2024-07-14,97.0,,,1.45,0.8273652961862332,124.0,301.4
2024-07-14,97.0,,,1.45,0.8273652961862332,124.0,301.4
2024-07-15,61.0,,,0.9304347826086956,0.5789290917553135,92.0,274.76
2024-07-15,61.0,,,0.9304347826086956,0.5789290917553135,92.0,274.76
2024-07-16,58.0,,,1.2313636363636364,0.6842256342864674,132.0,300.11
2024-07-16,58.0,,,1.2313636363636364,0.6842256342864674,132.0,300.11
2024-07-17,77.0,,,1.304782608695652,0.8328912925096168,182.0,378.48
2024-07-17,77.0,,,1.304782608695652,0.8328912925096168,182.0,378.48
2024-07-18,71.0,,,1.3129166666666665,1.1501700409888989,114.0,7403.79
2024-07-18,71.0,,,1.3129166666666665,1.1501700409888989,114.0,7403.79
2024-07-19,98.0,,,1.0547619047619048,0.569478876233518,78.0,201.52
2024-07-19,98.0,,,1.0547619047619048,0.569478876233518,78.0,201.52
2024-07-20,61.0,,,1.0733333333333333,0.5745369906482857,52.0,148.99
2024-07-20,61.0,,,1.0733333333333333,0.5745369906482857,52.0,148.99
2024-07-21,95.0,,,1.19,0.75651949025153,57.0,220.10999999999999
2024-07-21,95.0,,,1.19,0.75651949025153,57.0,220.10999999999999
2024-07-22,72.0,,,1.1644999999999999,0.8904964611768095,49.0,1523.0600000000002
2024-07-22,72.0,,,1.1644999999999999,0.8904964611768095,49.0,1523.0600000000002
2024-07-23,75.0,,,1.5659090909090907,0.9798379802459526,25.0,51.94
2024-07-23,75.0,,,1.5659090909090907,0.9798379802459526,25.0,51.94
2024-07-24,71.0,,,0.947391304347826,0.7336410900514346,76.0,319.91
2024-07-24,71.0,,,0.947391304347826,0.7336410900514346,76.0,319.91
2024-07-25,90.0,,,1.4418181818181819,0.8221727101819699,34.0,76.57
2024-07-25,90.0,,,1.4418181818181819,0.8221727101819699,34.0,76.57
2024-07-26,66.0,,,1.3436842105263158,0.6486756639176964,63.0,255.41
2024-07-26,66.0,,,1.3436842105263158,0.6486756639176964,63.0,255.41
2024-07-27,110.0,,,1.2945454545454547,0.7667664154947944,39.0,104.2
2024-07-27,110.0,,,1.2945454545454547,0.7667664154947944,39.0,104.2
2024-07-28,72.0,,,1.526111111111111,0.8557565547781398,37.0,125.75
2024-07-28,72.0,,,1.526111111111111,0.8557565547781398,37.0,125.75
2024-07-29,73.0,,,1.097,0.4782875153800495,28.0,81.76
2024-07-29,73.0,,,1.097,0.4782875153800495,28.0,81.76
2024-07-30,93.0,,,1.2045833333333333,0.7753875842422944,80.0,273.05
2024-07-30,93.0,,,1.2045833333333333,0.7753875842422944,80.0,273.05
2024-07-31,95.0,,,1.2804166666666668,0.6241131388978503,59.0,218.18
2024-07-31,95.0,,,1.2804166666666668,0.6241131388978503,59.0,218.18
2024-08-01,55.0,,,1.115,0.9873416218618912,15.0,76.69
2024-08-01,55.0,,,1.115,0.9873416218618912,15.0,76.69
2024-08-02,72.0,,,1.2420833333333334,0.7707646071986863,2.0,4.21
2024-08-02,72.0,,,1.2420833333333334,0.7707646071986863,2.0,4.21
2024-08-03,62.0,,,1.3663636363636364,0.8435951717813552,12.0,54.35
2024-08-03,62.0,,,1.3663636363636364,0.8435951717813552,12.0,54.35
2024-08-04,60.0,,,1.4447826086956521,0.7998344690406964,83.0,290.12
2024-08-04,60.0,,,1.4447826086956521,0.7998344690406964,83.0,290.12
2024-08-05,46.0,,,1.1054545454545455,0.6763186574440532,16.0,48.47
2024-08-05,46.0,,,1.1054545454545455,0.6763186574440532,16.0,48.47
2024-08-06,50.0,,,1.222608695652174,0.7875348037983311,32.0,103.74
2024-08-06,50.0,,,1.222608695652174,0.7875348037983311,32.0,103.74
2024-08-07,47.0,,,1.0815789473684212,0.683002059195649,16.0,43.49
2024-08-07,47.0,,,1.0815789473684212,0.683002059195649,16.0,43.49
2024-08-08,54.0,,,1.113913043478261,0.806055147732319,38.0,65.78
2024-08-08,54.0,,,1.113913043478261,0.806055147732319,38.0,65.78
2024-08-09,52.0,,,0.8091304347826087,0.47235303672607826,27.0,110.15
2024-08-09,52.0,,,0.8091304347826087,0.47235303672607826,27.0,110.15
2024-08-10,58.0,,,1.3704166666666666,0.7145535496814208,33.0,170.69
2024-08-10,58.0,,,1.3704166666666666,0.7145535496814208,33.0,170.69
2024-08-11,47.0,,,1.2304761904761905,0.8964177385040758,67.0,1020.68
2024-08-11,47.0,,,1.2304761904761905,0.8964177385040758,67.0,1020.68
2024-08-12,45.0,,,1.0033333333333334,0.45450339199320977,99.0,205.03
2024-08-12,45.0,,,1.0033333333333334,0.45450339199320977,99.0,205.03
2024-08-13,50.0,,,1.1016666666666668,0.5504991147697867,24.0,140.32
2024-08-13,50.0,,,1.1016666666666668,0.5504991147697867,24.0,140.32
2024-08-14,57.0,,,0.8458333333333333,0.5934930985032719,40.0,136.38
2024-08-14,57.0,,,0.8458333333333333,0.5934930985032719,40.0,136.38
2024-08-15,68.0,,,1.1339130434782607,0.6223543212558026,95.0,236.37
2024-08-15,68.0,,,1.1339130434782607,0.6223543212558026,95.0,236.37
2024-08-16,55.0,,,1.4643478260869565,0.6689939943130113,106.0,228.59
2024-08-16,55.0,,,1.4643478260869565,0.6689939943130113,106.0,228.59
2024-08-17,58.0,,,1.4785,0.9627224281609993,154.0,412.57
2024-08-17,58.0,,,1.4785,0.9627224281609993,154.0,412.57
2024-08-18,67.0,,,1.2105882352941175,0.5149693023403833,57.0,174.7
2024-08-18,67.0,,,1.2105882352941175,0.5149693023403833,57.0,174.7
2024-08-19,58.0,,,,,85.0,248.0
2024-08-19,58.0,,,,,85.0,248.0
2024-08-20,55.0,,,,,97.0,286.88
2024-08-20,55.0,,,,,97.0,286.88
2024-08-21,59.0,,,1.3125,1.1367021011094625,42.0,119.63
2024-08-21,59.0,,,1.3125,1.1367021011094625,42.0,119.63
2024-08-22,77.0,,,1.127142857142857,0.6446250294329475,13.0,48.71
2024-08-22,77.0,,,1.127142857142857,0.6446250294329475,13.0,48.71
2024-08-23,63.0,,,0.9705263157894738,0.6139532526921151,17.0,53.88
2024-08-23,63.0,,,0.9705263157894738,0.6139532526921151,17.0,53.88
2024-08-24,55.0,,,1.061764705882353,0.6634025483644682,9.0,26.29
2024-08-24,55.0,,,1.061764705882353,0.6634025483644682,9.0,26.29
2024-08-25,51.0,,,2.15,,69.0,231.78
2024-08-25,51.0,,,2.15,,69.0,231.78
2024-08-26,65.0,,,,,45.0,150.92
2024-08-26,65.0,,,,,45.0,150.92
2024-08-27,55.0,,,,,40.0,91.99
2024-08-27,55.0,,,,,40.0,91.99
2024-08-28,54.0,,,1.3984999999999999,0.7335298580368619,90.0,209.07
2024-08-28,54.0,,,1.3984999999999999,0.7335298580368619,90.0,209.07
2024-08-29,56.0,,,1.3355000000000001,0.8993768310394294,171.0,503.21999999999997
2024-08-29,56.0,,,1.3355000000000001,0.8993768310394294,171.0,503.21999999999997
2024-08-30,107.0,,,1.6416666666666666,0.8715885879626163,126.0,301.06
2024-08-30,107.0,,,1.6416666666666666,0.8715885879626163,126.0,301.06
2024-08-31,82.0,,,1.07125,0.7525684282046615,119.0,319.48
2024-08-31,82.0,,,1.07125,0.7525684282046615,119.0,319.48
2024-09-01,68.0,,,1.1079166666666667,0.6919284906924155,94.0,354.14
2024-09-01,68.0,,,1.1079166666666667,0.6919284906924155,94.0,354.14
2024-09-02,73.0,,,1.3208695652173912,0.6047081417997392,247.0,529.59
2024-09-02,73.0,,,1.3208695652173912,0.6047081417997392,247.0,529.59
2024-09-03,98.0,,,1.44125,1.0799609996983988,93.0,205.88
2024-09-03,98.0,,,1.44125,1.0799609996983988,93.0,205.88
2024-09-04,66.0,,,0.9425,0.5403159301259088,121.0,250.8
2024-09-04,66.0,,,0.9425,0.5403159301259088,121.0,250.8
2024-09-05,66.0,,,0.94,0.5747891863071645,95.0,318.23
2024-09-05,66.0,,,0.94,0.5747891863071645,95.0,318.23
2024-09-06,97.0,,,0.9708333333333333,0.6159680727656806,103.0,248.32
2024-09-06,97.0,,,0.9708333333333333,0.6159680727656806,103.0,248.32
2024-09-07,70.0,,,0.9704545454545456,0.5767930822576323,145.0,476.59
2024-09-07,70.0,,,0.9704545454545456,0.5767930822576323,145.0,476.59
2024-09-08,68.0,,,1.155909090909091,0.7745761304211368,179.0,410.19
2024-09-08,68.0,,,1.155909090909091,0.7745761304211368,179.0,410.19
2024-09-09,88.0,,,0.9977272727272727,0.45563071741197436,99.0,229.52
2024-09-09,88.0,,,0.9977272727272727,0.45563071741197436,99.0,229.52
2024-09-10,91.0,,,1.7558333333333334,1.8182215789460117,82.0,296.83
2024-09-10,91.0,,,1.7558333333333334,1.8182215789460117,82.0,296.83
2024-09-11,66.0,,,1.43625,0.6243592367553626,146.0,324.62
2024-09-11,66.0,,,1.43625,0.6243592367553626,146.0,324.62
2024-09-12,59.0,,,1.289047619047619,0.7332387384877093,214.0,502.01
2024-09-12,59.0,,,1.289047619047619,0.7332387384877093,214.0,502.01
2024-09-13,45.0,,,1.3733333333333333,0.8428454222436647,79.0,252.84
2024-09-13,45.0,,,1.3733333333333333,0.8428454222436647,79.0,252.84
2024-09-14,50.0,,,0.8445454545454546,0.46957658001881286,54.0,167.71
2024-09-14,50.0,,,0.8445454545454546,0.46957658001881286,54.0,167.71
2024-09-15,86.0,,,0.9834782608695651,0.688256088013573,140.0,593.61
2024-09-15,86.0,,,0.9834782608695651,0.688256088013573,140.0,593.61
2024-09-16,110.0,,,0.9456521739130435,0.6778295983703262,221.0,869.04
2024-09-16,110.0,,,0.9456521739130435,0.6778295983703262,221.0,869.04
2024-09-17,144.0,,,1.1855555555555555,0.8157293540660205,238.0,874.19
2024-09-17,144.0,,,1.1855555555555555,0.8157293540660205,238.0,874.19
2024-09-18,116.0,,,1.8343478260869563,1.3007579122361923,429.0,1190.98
2024-09-18,116.0,,,1.8343478260869563,1.3007579122361923,429.0,1190.98
2024-09-19,48.0,,,1.604782608695652,1.298075041832809,296.0,746.9
2024-09-19,48.0,,,1.604782608695652,1.298075041832809,296.0,746.9
2024-09-20,96.0,,,1.2870833333333334,0.6860820027465768,250.0,800.12
2024-09-20,96.0,,,1.2870833333333334,0.6860820027465768,250.0,800.12
2024-09-21,110.0,,,1.2521739130434784,0.5378488848411803,226.0,991.76
2024-09-21,110.0,,,1.2521739130434784,0.5378488848411803,226.0,991.76
2024-09-22,196.0,,,1.2025,0.8043103986591894,282.0,928.97
2024-09-22,196.0,,,1.2025,0.8043103986591894,282.0,928.97
2024-09-23,167.0,,,1.1183333333333334,0.8852642281393663,120.0,526.28
2024-09-23,167.0,,,1.1183333333333334,0.8852642281393663,120.0,526.28
2024-09-24,146.0,,,1.113913043478261,0.6746698797488412,62.0,268.87
2024-09-24,146.0,,,1.113913043478261,0.6746698797488412,62.0,268.87
2024-09-25,190.0,,,0.8560869565217392,0.49738168196004884,55.0,217.28
2024-09-25,190.0,,,0.8560869565217392,0.49738168196004884,55.0,217.28
2024-09-26,96.0,,,1.3279166666666666,0.9158031835577405,32.0,73.71000000000001
2024-09-26,96.0,,,1.3279166666666666,0.9158031835577405,32.0,73.71000000000001
2024-09-27,72.0,,,1.2829166666666667,0.8402974585470193,118.0,219.38
2024-09-27,72.0,,,1.2829166666666667,0.8402974585470193,118.0,219.38
2024-09-28,62.0,,,1.085,0.760251674576026,180.0,447.91
2024-09-28,62.0,,,1.085,0.760251674576026,180.0,447.91
2024-09-29,66.0,,,1.2166666666666666,0.693163301335869,294.0,625.65
2024-09-29,66.0,,,1.2166666666666666,0.693163301335869,294.0,625.65
2024-09-30,125.0,,,1.00125,0.6379131227478496,225.0,496.35
2024-09-30,125.0,,,1.00125,0.6379131227478496,225.0,496.35
2024-10-01,136.0,,,1.0591304347826087,0.4738422545673177,229.0,728.93
2024-10-01,136.0,,,1.0591304347826087,0.4738422545673177,229.0,728.93
2024-10-02,162.0,,,1.4526086956521738,0.7045580006533066,299.0,1004.76
2024-10-02,162.0,,,1.4526086956521738,0.7045580006533066,299.0,1004.76
2024-10-03,156.0,,,1.1522727272727273,0.5387722534852191,331.0,1096.47
2024-10-03,156.0,,,1.1522727272727273,0.5387722534852191,331.0,1096.47
2024-10-04,174.0,,,1.0045,0.5291450403095642,335.0,936.35
2024-10-04,174.0,,,1.0045,0.5291450403095642,335.0,936.35
2024-10-05,123.0,,,1.2783333333333333,0.7600438583836243,267.0,645.99
2024-10-05,123.0,,,1.2783333333333333,0.7600438583836243,267.0,645.99
2024-10-06,136.0,,,2.612083333333333,1.6714689690487088,218.0,532.05
2024-10-06,136.0,,,2.612083333333333,1.6714689690487088,218.0,532.05
2024-10-07,109.0,,,1.2952173913043479,0.7152994895033788,341.0,960.85
2024-10-07,109.0,,,1.2952173913043479,0.7152994895033788,341.0,960.85
2024-10-08,150.0,,,1.2539130434782608,0.7324723955731575,569.0,1871.92
2024-10-08,150.0,,,1.2539130434782608,0.7324723955731575,569.0,1871.92
2024-10-09,71.0,,,1.448095238095238,0.8636296604889104,475.0,1351.25
2024-10-09,71.0,,,1.448095238095238,0.8636296604889104,475.0,1351.25
2024-10-10,116.0,,,1.6308333333333334,0.7642041422385072,413.0,1081.36
2024-10-10,116.0,,,1.6308333333333334,0.7642041422385072,413.0,1081.36
2024-10-11,151.0,,,1.3625,0.6741709885030135,280.0,1028.31
2024-10-11,151.0,,,1.3625,0.6741709885030135,280.0,1028.31
2024-10-12,162.0,,,1.4909090909090907,0.8002375188530504,517.0,1565.8700000000001
2024-10-12,162.0,,,1.4909090909090907,0.8002375188530504,517.0,1565.8700000000001
2024-10-13,171.0,,,1.5195833333333333,0.8277811051063044,628.0,1960.51
2024-10-13,171.0,,,1.5195833333333333,0.8277811051063044,628.0,1960.51
2024-10-14,180.0,,,1.4437499999999999,1.0584353197465384,436.0,1381.03
2024-10-14,180.0,,,1.4437499999999999,1.0584353197465384,436.0,1381.03
2024-10-15,189.0,,,1.0666666666666667,0.5830405062120967,514.0,1431.05
2024-10-15,189.0,,,1.0666666666666667,0.5830405062120967,514.0,1431.05
2024-10-16,227.0,,,1.558695652173913,0.7853447670686139,294.0,1097.67
2024-10-16,227.0,,,1.558695652173913,0.7853447670686139,294.0,1097.67
2024-10-17,291.0,,,1.5236363636363637,0.8168671014748123,349.0,1146.98
2024-10-17,291.0,,,1.5236363636363637,0.8168671014748123,349.0,1146.98
2024-10-18,320.0,,,1.1429166666666666,0.7175530834274437,975.0,5031.52
2024-10-18,320.0,,,1.1429166666666666,0.7175530834274437,975.0,5031.52
2024-10-19,252.0,,,1.3543478260869564,0.696046145851085,744.0,2496.2
2024-10-19,252.0,,,1.3543478260869564,0.696046145851085,744.0,2496.2
2024-10-20,256.0,,,1.1304761904761904,0.6334230512893906,562.0,2289.96
2024-10-20,256.0,,,1.1304761904761904,0.6334230512893906,562.0,2289.96
2024-10-21,239.0,,,1.3469230769230771,0.8342500086443372,518.0,1491.46
2024-10-21,239.0,,,1.3469230769230771,0.8342500086443372,518.0,1491.46
2024-10-22,307.0,,,,,541.0,1677.89
2024-10-22,307.0,,,,,541.0,1677.89
2024-10-23,300.0,,,,,618.0,2705.21
2024-10-23,300.0,,,,,618.0,2705.21
2024-10-24,225.0,,,,,1011.0,3845.15
2024-10-24,225.0,,,,,1011.0,3845.15
2024-10-25,229.0,,,,,779.0,2883.32
2024-10-25,229.0,,,,,779.0,2883.32
2024-10-26,228.0,,,,,595.0,2498.96
2024-10-26,228.0,,,,,595.0,2498.96
2024-10-27,323.0,,,,,615.0,2573.73
2024-10-27,323.0,,,,,615.0,2573.73
2024-10-28,236.0,,,1.1618181818181819,0.4620783089870847,782.0,2767.65
2024-10-28,236.0,,,1.1618181818181819,0.4620783089870847,782.0,2767.65
2024-10-29,234.0,,,1.2508333333333332,0.7474996970577642,1719.0,7700.59
2024-10-29,234.0,,,1.2508333333333332,0.7474996970577642,1719.0,7700.59
2024-10-30,298.0,,,1.4800000000000002,0.9714740885694817,1354.0,5485.46
2024-10-30,298.0,,,1.4800000000000002,0.9714740885694817,1354.0,5485.46
2024-10-31,268.0,,,1.38375,0.849576940753967,1314.0,5888.36
2024-10-31,268.0,,,1.38375,0.849576940753967,1314.0,5888.36
2024-11-01,275.0,,,1.4329166666666666,0.8388992744982099,1618.0,8393.03
2024-11-01,275.0,,,1.4329166666666666,0.8388992744982099,1618.0,8393.03
2024-11-02,258.0,,,1.1720833333333334,0.6532459365531396,1250.0,6521.95
2024-11-02,258.0,,,1.1720833333333334,0.6532459365531396,1250.0,6521.95
2024-11-03,275.0,,,1.6363636363636365,0.8093945147574703,1809.0,7977.76
2024-11-03,275.0,,,1.6363636363636365,0.8093945147574703,1809.0,7977.76
2024-11-04,326.0,,,1.61,1.0768936809174805,2305.0,9715.18
2024-11-04,326.0,,,1.61,1.0768936809174805,2305.0,9715.18
2024-11-05,337.0,,,1.5593333333333335,0.6365135692265514,1703.0,6866.76
2024-11-05,337.0,,,1.5593333333333335,0.6365135692265514,1703.0,6866.76
2024-11-06,355.0,,,1.1195,0.7208363198396708,1256.0,5441.57
2024-11-06,355.0,,,1.1195,0.7208363198396708,1256.0,5441.57
2024-11-07,394.0,,,1.2323076923076923,0.8627297167146638,1364.0,5966.52
2024-11-07,394.0,,,1.2323076923076923,0.8627297167146638,1364.0,5966.52
2024-11-08,386.0,,,,,2020.0,9996.27
2024-11-08,386.0,,,,,2020.0,9996.27
2024-11-09,319.0,,,1.0913333333333335,0.6452670174505464,3055.0,12599.82
2024-11-09,319.0,,,1.0913333333333335,0.6452670174505464,3055.0,12599.82
2024-11-10,334.0,,,1.020909090909091,0.6152886205514341,2373.0,10346.9
2024-11-10,334.0,,,1.020909090909091,0.6152886205514341,2373.0,10346.9
2024-11-11,330.0,,,1.3091666666666666,0.778504232859212,1555.0,6233.79
2024-11-11,330.0,,,1.3091666666666666,0.778504232859212,1555.0,6233.79
2024-11-12,347.0,,,1.2137499999999999,0.7296325013022114,1187.0,5346.47
2024-11-12,347.0,,,1.2137499999999999,0.7296325013022114,1187.0,5346.47
2024-11-13,369.0,,,1.4191666666666667,0.8827965281676902,1944.0,9563.27
2024-11-13,369.0,,,1.4191666666666667,0.8827965281676902,1944.0,9563.27
2024-11-14,381.0,,,1.5875000000000001,0.8121696652900743,2492.0,10836.38
2024-11-14,381.0,,,1.5875000000000001,0.8121696652900743,2492.0,10836.38
2024-11-15,421.0,,,1.5374999999999999,0.9429659498670648,2527.0,9392.39
2024-11-15,421.0,,,1.5374999999999999,0.9429659498670648,2527.0,9392.39
2024-11-16,391.0,,,1.2233333333333334,0.6501549425139843,1820.0,7299.74
2024-11-16,391.0,,,1.2233333333333334,0.6501549425139843,1820.0,7299.74
2024-11-17,391.0,,,1.3125,0.6219831536932982,1843.0,8039.7
2024-11-17,391.0,,,1.3125,0.6219831536932982,1843.0,8039.7
2024-11-18,468.0,,,1.3454166666666667,0.7141609803098329,2298.0,11169.64
2024-11-18,468.0,,,1.3454166666666667,0.7141609803098329,2298.0,11169.64
2024-11-19,453.0,,,1.357391304347826,0.932807187478665,2799.0,11923.48
2024-11-19,453.0,,,1.357391304347826,0.932807187478665,2799.0,11923.48
2024-11-20,403.0,,,1.3990909090909092,0.8923959674777573,3038.0,11136.45
2024-11-20,403.0,,,1.3990909090909092,0.8923959674777573,3038.0,11136.45
2024-11-21,354.0,,,1.37375,0.8521217125760134,2424.0,9032.18
2024-11-21,354.0,,,1.37375,0.8521217125760134,2424.0,9032.18
2024-11-22,392.0,,,1.0876190476190477,0.7026514410566935,1485.0,6007.48
2024-11-22,392.0,,,1.0876190476190477,0.7026514410566935,1485.0,6007.48
2024-11-23,394.0,,,1.7379166666666668,0.9592432668137608,1445.0,6321.93
2024-11-23,394.0,,,1.7379166666666668,0.9592432668137608,1445.0,6321.93
2024-11-24,297.0,,,1.4922727272727272,0.7664943811689923,1893.0,7477.55
2024-11-24,297.0,,,1.4922727272727272,0.7664943811689923,1893.0,7477.55
2024-11-25,365.0,,,1.4739130434782608,0.9915082135562002,2479.0,8857.45
2024-11-25,365.0,,,1.4739130434782608,0.9915082135562002,2479.0,8857.45
2024-11-26,315.0,,,1.3554166666666667,0.753576857201802,2452.0,8741.66
2024-11-26,315.0,,,1.3554166666666667,0.753576857201802,2452.0,8741.66
2024-11-27,241.0,,,1.2975,0.6943702182553626,1549.0,5325.01
2024-11-27,241.0,,,1.2975,0.6943702182553626,1549.0,5325.01
2024-11-28,293.0,,,1.261304347826087,0.8243140638672424,1211.0,4725.34
2024-11-28,293.0,,,1.261304347826087,0.8243140638672424,1211.0,4725.34
2024-11-29,316.0,,,1.3454166666666667,0.8337395024652572,1060.0,4004.6
2024-11-29,316.0,,,1.3454166666666667,0.8337395024652572,1060.0,4004.6
2024-11-30,351.0,,,1.2217391304347827,0.6236086489422458,864.0,3316.72
2024-11-30,351.0,,,1.2217391304347827,0.6236086489422458,864.0,3316.72
2024-12-01,285.0,,,1.43625,0.8492800659586817,1035.0,3312.79
2024-12-01,285.0,,,1.43625,0.8492800659586817,1035.0,3312.79
2024-12-02,220.0,,,1.5329166666666667,0.8364286355205927,949.0,2892.56
2024-12-02,220.0,,,1.5329166666666667,0.8364286355205927,949.0,2892.56
2024-12-03,274.0,,,1.8299999999999998,1.0983494109669423,892.0,2809.04
2024-12-03,274.0,,,1.8299999999999998,1.0983494109669423,892.0,2809.04
2024-12-04,166.0,,,,,944.0,3170.39
2024-12-04,166.0,,,,,944.0,3170.39
2024-12-05,155.0,,,1.022857142857143,0.8816785938521717,1191.0,4404.85
2024-12-05,155.0,,,1.022857142857143,0.8816785938521717,1191.0,4404.85
2024-12-06,184.0,,,1.4943478260869565,0.6789083891001155,1545.0,5956.4
2024-12-06,184.0,,,1.4943478260869565,0.6789083891001155,1545.0,5956.4
2024-12-07,206.0,,,1.4886956521739132,0.7232270129447355,1873.0,6079.54
2024-12-07,206.0,,,1.4886956521739132,0.7232270129447355,1873.0,6079.54
2024-12-08,302.0,,,1.1194736842105264,0.7316911437379581,1133.0,3975.32
2024-12-08,302.0,,,1.1194736842105264,0.7316911437379581,1133.0,3975.32
2024-12-09,152.0,,,1.9166666666666667,0.3271594921950658,915.0,3243.65
2024-12-09,152.0,,,1.9166666666666667,0.3271594921950658,915.0,3243.65
2024-12-10,163.0,,,1.595,0.822726115344326,1481.0,5713.71
2024-12-10,163.0,,,1.595,0.822726115344326,1481.0,5713.71
2024-12-11,171.0,,,1.205909090909091,0.9537927252661152,2024.0,7598.31
2024-12-11,171.0,,,1.205909090909091,0.9537927252661152,2024.0,7598.31
2024-12-12,273.0,,,1.3682608695652174,0.8697473623462737,2607.0,9924.16
2024-12-12,273.0,,,1.3682608695652174,0.8697473623462737,2607.0,9924.16
2024-12-13,201.0,,,1.458695652173913,0.8903998302490347,2099.0,7156.28
2024-12-13,201.0,,,1.458695652173913,0.8903998302490347,2099.0,7156.28
2024-12-14,175.0,,,1.9412500000000001,1.0676072901994238,2337.0,9554.78
2024-12-14,175.0,,,1.9412500000000001,1.0676072901994238,2337.0,9554.78
2024-12-15,293.0,,,1.5104166666666667,0.9091968704716062,2527.0,10170.88
2024-12-15,293.0,,,1.5104166666666667,0.9091968704716062,2527.0,10170.88
2024-12-16,390.0,,,1.9004166666666666,0.8890663357001897,2704.0,10641.02
2024-12-16,390.0,,,1.9004166666666666,0.8890663357001897,2704.0,10641.02
2024-12-17,442.0,,,1.8787500000000001,0.8985510679639366,2836.0,12437.1
2024-12-17,442.0,,,1.8787500000000001,0.8985510679639366,2836.0,12437.1
2024-12-18,441.0,,,1.6978260869565216,0.7144925505161569,2389.0,9316.64
2024-12-18,441.0,,,1.6978260869565216,0.7144925505161569,2389.0,9316.64
2024-12-19,460.0,,,1.7613043478260868,0.8659955088474037,1481.0,6608.28
2024-12-19,460.0,,,1.7613043478260868,0.8659955088474037,1481.0,6608.28
2024-12-20,382.0,,,1.4869565217391305,1.0483685801481735,859.0,3452.36
2024-12-20,382.0,,,1.4869565217391305,1.0483685801481735,859.0,3452.36
2024-12-21,333.0,,,1.38,0.9102030351616012,1141.0,4009.9
2024-12-21,333.0,,,1.38,0.9102030351616012,1141.0,4009.9
2024-12-22,392.0,,,1.8608695652173912,1.0851808104202487,1600.0,5306.2
2024-12-22,392.0,,,1.8608695652173912,1.0851808104202487,1600.0,5306.2
2024-12-23,418.0,,,1.1300000000000001,0.714982517268779,1469.0,5029.32
2024-12-23,418.0,,,1.1300000000000001,0.714982517268779,1469.0,5029.32
2024-12-24,303.0,,,1.7433333333333334,1.1144531381361218,718.0,2380.37
2024-12-24,303.0,,,1.7433333333333334,1.1144531381361218,718.0,2380.37
2024-12-25,309.0,,,1.6208695652173915,0.6975796666362541,690.0,1941.07
2024-12-25,309.0,,,1.6208695652173915,0.6975796666362541,690.0,1941.07
2024-12-26,292.0,,,1.5576923076923077,0.7574645629351673,1049.0,3546.39
2024-12-26,292.0,,,1.5576923076923077,0.7574645629351673,1049.0,3546.39
2024-12-27,263.0,,,1.3975,0.5930359741758224,1051.0,4305.51
2024-12-27,263.0,,,1.3975,0.5930359741758224,1051.0,4305.51
2024-12-28,113.0,,,,,1124.0,4498.81
2024-12-28,113.0,,,,,1124.0,4498.81
2024-12-29,142.0,,,,,1075.0,3265.26
2024-12-29,142.0,,,,,1075.0,3265.26
2024-12-30,116.0,,,,,822.0,2825.62
2024-12-30,116.0,,,,,822.0,2825.62
2024-12-31,209.0,,,0.9516666666666667,0.7295592276619266,1259.0,4705.34
2024-12-31,209.0,,,0.9516666666666667,0.7295592276619266,1259.0,4705.34
