year_month,aqi
2024-02,235.32164286317925
2024-01,235.2941176470588
2024-03,235.2941176470588
2024-04,235.2941176470588
2024-05,235.2941176470588
2024-06,235.2941176470588
2024-07,235.2941176470588
2024-08,235.2941176470588
2024-09,235.2941176470588
2024-10,235.2941176470588
2024-11,235.2941176470588
